text,label
Data science is interesting topic number 1.,English
Data science bahut interesting hai 2.,Hindi
Künstliche Intelligenz ist die Zukunft Version 3.,German
Disfruto programar en Python sesión 4.,Spanish
J'aime apprendre l'apprentissage automatique numéro 5.,French
Data science is interesting topic number 6.,English
Data science bahut interesting hai 7.,Hindi
Das ist ein schöner Tag Nummer 8.,German
Me encanta aprender aprendizaje automático número 9.,Spanish
J'aime programmer en Python session 10.,French
I enjoy coding in Python session 11.,English
Data science bahut interesting hai 12.,Hindi
Das ist ein schöner Tag Nummer 13.,German
Este es un día hermoso número 14.,Spanish
C'est une belle journée numéro 15.,French
Artificial intelligence is the future version 16.,English
Artificial intelligence bhavishya hai 17.,Hindi
Datenwissenschaft ist interessant Nummer 18.,German
Este es un día hermoso número 19.,Spanish
L'intelligence artificielle est l'avenir version 20.,French
I love learning machine learning number 21.,English
Mujhe coding pasand hai number 22.,Hindi
Ich programmiere gerne in Python Sitzung 23.,German
La inteligencia artificial es el futuro versión 24.,Spanish
J'aime programmer en Python session 25.,French
Data science is interesting topic number 26.,English
Main machine learning seekh raha hoon 27.,Hindi
Datenwissenschaft ist interessant Nummer 28.,German
La ciencia de datos es interesante número 29.,Spanish
J'aime apprendre l'apprentissage automatique numéro 30.,French
Data science is interesting topic number 31.,English
Main machine learning seekh raha hoon 32.,Hindi
Ich programmiere gerne in Python Sitzung 33.,German
Este es un día hermoso número 34.,Spanish
C'est une belle journée numéro 35.,French
I enjoy coding in Python session 36.,English
Mujhe coding pasand hai number 37.,Hindi
Künstliche Intelligenz ist die Zukunft Version 38.,German
Disfruto programar en Python sesión 39.,Spanish
La science des données est intéressante numéro 40.,French
This is a beautiful day number 41.,English
Main machine learning seekh raha hoon 42.,Hindi
Ich liebe maschinelles Lernen Nummer 43.,German
Disfruto programar en Python sesión 44.,Spanish
J'aime programmer en Python session 45.,French
This is a beautiful day number 46.,English
Data science bahut interesting hai 47.,Hindi
Datenwissenschaft ist interessant Nummer 48.,German
Disfruto programar en Python sesión 49.,Spanish
C'est une belle journée numéro 50.,French
Data science is interesting topic number 51.,English
Main machine learning seekh raha hoon 52.,Hindi
Das ist ein schöner Tag Nummer 53.,German
La ciencia de datos es interesante número 54.,Spanish
C'est une belle journée numéro 55.,French
Artificial intelligence is the future version 56.,English
Artificial intelligence bhavishya hai 57.,Hindi
Das ist ein schöner Tag Nummer 58.,German
Este es un día hermoso número 59.,Spanish
J'aime apprendre l'apprentissage automatique numéro 60.,French
This is a beautiful day number 61.,English
Artificial intelligence bhavishya hai 62.,Hindi
Datenwissenschaft ist interessant Nummer 63.,German
Me encanta aprender aprendizaje automático número 64.,Spanish
C'est une belle journée numéro 65.,French
Artificial intelligence is the future version 66.,English
Artificial intelligence bhavishya hai 67.,Hindi
Ich liebe maschinelles Lernen Nummer 68.,German
Disfruto programar en Python sesión 69.,Spanish
L'intelligence artificielle est l'avenir version 70.,French
Data science is interesting topic number 71.,English
Data science bahut interesting hai 72.,Hindi
Künstliche Intelligenz ist die Zukunft Version 73.,German
Disfruto programar en Python sesión 74.,Spanish
La science des données est intéressante numéro 75.,French
This is a beautiful day number 76.,English
Artificial intelligence bhavishya hai 77.,Hindi
Ich programmiere gerne in Python Sitzung 78.,German
La ciencia de datos es interesante número 79.,Spanish
La science des données est intéressante numéro 80.,French
Data science is interesting topic number 81.,English
Data science bahut interesting hai 82.,Hindi
Datenwissenschaft ist interessant Nummer 83.,German
La inteligencia artificial es el futuro versión 84.,Spanish
L'intelligence artificielle est l'avenir version 85.,French
This is a beautiful day number 86.,English
Yeh ek sundar din hai number 87.,Hindi
Das ist ein schöner Tag Nummer 88.,German
Este es un día hermoso número 89.,Spanish
C'est une belle journée numéro 90.,French
Data science is interesting topic number 91.,English
Main machine learning seekh raha hoon 92.,Hindi
Ich liebe maschinelles Lernen Nummer 93.,German
Me encanta aprender aprendizaje automático número 94.,Spanish
C'est une belle journée numéro 95.,French
This is a beautiful day number 96.,English
Data science bahut interesting hai 97.,Hindi
Das ist ein schöner Tag Nummer 98.,German
La inteligencia artificial es el futuro versión 99.,Spanish
La science des données est intéressante numéro 100.,French
Data science is interesting topic number 101.,English
Artificial intelligence bhavishya hai 102.,Hindi
Ich programmiere gerne in Python Sitzung 103.,German
Me encanta aprender aprendizaje automático número 104.,Spanish
L'intelligence artificielle est l'avenir version 105.,French
I love learning machine learning number 106.,English
Mujhe coding pasand hai number 107.,Hindi
Ich liebe maschinelles Lernen Nummer 108.,German
La ciencia de datos es interesante número 109.,Spanish
La science des données est intéressante numéro 110.,French
Data science is interesting topic number 111.,English
Data science bahut interesting hai 112.,Hindi
Künstliche Intelligenz ist die Zukunft Version 113.,German
Este es un día hermoso número 114.,Spanish
L'intelligence artificielle est l'avenir version 115.,French
I love learning machine learning number 116.,English
Main machine learning seekh raha hoon 117.,Hindi
Das ist ein schöner Tag Nummer 118.,German
La inteligencia artificial es el futuro versión 119.,Spanish
C'est une belle journée numéro 120.,French
Data science is interesting topic number 121.,English
Yeh ek sundar din hai number 122.,Hindi
Datenwissenschaft ist interessant Nummer 123.,German
La ciencia de datos es interesante número 124.,Spanish
C'est une belle journée numéro 125.,French
This is a beautiful day number 126.,English
Data science bahut interesting hai 127.,Hindi
Künstliche Intelligenz ist die Zukunft Version 128.,German
La inteligencia artificial es el futuro versión 129.,Spanish
J'aime programmer en Python session 130.,French
Artificial intelligence is the future version 131.,English
Main machine learning seekh raha hoon 132.,Hindi
Künstliche Intelligenz ist die Zukunft Version 133.,German
Me encanta aprender aprendizaje automático número 134.,Spanish
J'aime programmer en Python session 135.,French
This is a beautiful day number 136.,English
Mujhe coding pasand hai number 137.,Hindi
Datenwissenschaft ist interessant Nummer 138.,German
Este es un día hermoso número 139.,Spanish
J'aime programmer en Python session 140.,French
I love learning machine learning number 141.,English
Artificial intelligence bhavishya hai 142.,Hindi
Ich liebe maschinelles Lernen Nummer 143.,German
La ciencia de datos es interesante número 144.,Spanish
C'est une belle journée numéro 145.,French
Data science is interesting topic number 146.,English
Mujhe coding pasand hai number 147.,Hindi
Künstliche Intelligenz ist die Zukunft Version 148.,German
Este es un día hermoso número 149.,Spanish
J'aime programmer en Python session 150.,French
I enjoy coding in Python session 151.,English
Yeh ek sundar din hai number 152.,Hindi
Das ist ein schöner Tag Nummer 153.,German
La inteligencia artificial es el futuro versión 154.,Spanish
J'aime apprendre l'apprentissage automatique numéro 155.,French
I love learning machine learning number 156.,English
Data science bahut interesting hai 157.,Hindi
Ich programmiere gerne in Python Sitzung 158.,German
La inteligencia artificial es el futuro versión 159.,Spanish
J'aime apprendre l'apprentissage automatique numéro 160.,French
I love learning machine learning number 161.,English
Artificial intelligence bhavishya hai 162.,Hindi
Ich programmiere gerne in Python Sitzung 163.,German
Este es un día hermoso número 164.,Spanish
J'aime apprendre l'apprentissage automatique numéro 165.,French
Data science is interesting topic number 166.,English
Mujhe coding pasand hai number 167.,Hindi
Ich liebe maschinelles Lernen Nummer 168.,German
La ciencia de datos es interesante número 169.,Spanish
L'intelligence artificielle est l'avenir version 170.,French
I love learning machine learning number 171.,English
Data science bahut interesting hai 172.,Hindi
Ich liebe maschinelles Lernen Nummer 173.,German
La ciencia de datos es interesante número 174.,Spanish
J'aime apprendre l'apprentissage automatique numéro 175.,French
Data science is interesting topic number 176.,English
Main machine learning seekh raha hoon 177.,Hindi
Künstliche Intelligenz ist die Zukunft Version 178.,German
La ciencia de datos es interesante número 179.,Spanish
L'intelligence artificielle est l'avenir version 180.,French
I love learning machine learning number 181.,English
Mujhe coding pasand hai number 182.,Hindi
Ich liebe maschinelles Lernen Nummer 183.,German
Este es un día hermoso número 184.,Spanish
La science des données est intéressante numéro 185.,French
I love learning machine learning number 186.,English
Main machine learning seekh raha hoon 187.,Hindi
Datenwissenschaft ist interessant Nummer 188.,German
La ciencia de datos es interesante número 189.,Spanish
J'aime programmer en Python session 190.,French
Data science is interesting topic number 191.,English
Main machine learning seekh raha hoon 192.,Hindi
Das ist ein schöner Tag Nummer 193.,German
Este es un día hermoso número 194.,Spanish
L'intelligence artificielle est l'avenir version 195.,French
This is a beautiful day number 196.,English
Main machine learning seekh raha hoon 197.,Hindi
Das ist ein schöner Tag Nummer 198.,German
Me encanta aprender aprendizaje automático número 199.,Spanish
J'aime programmer en Python session 200.,French
Artificial intelligence is the future version 201.,English
Mujhe coding pasand hai number 202.,Hindi
Das ist ein schöner Tag Nummer 203.,German
Este es un día hermoso número 204.,Spanish
C'est une belle journée numéro 205.,French
I enjoy coding in Python session 206.,English
Yeh ek sundar din hai number 207.,Hindi
Künstliche Intelligenz ist die Zukunft Version 208.,German
Disfruto programar en Python sesión 209.,Spanish
La science des données est intéressante numéro 210.,French
I enjoy coding in Python session 211.,English
Artificial intelligence bhavishya hai 212.,Hindi
Datenwissenschaft ist interessant Nummer 213.,German
La ciencia de datos es interesante número 214.,Spanish
L'intelligence artificielle est l'avenir version 215.,French
I love learning machine learning number 216.,English
Yeh ek sundar din hai number 217.,Hindi
Datenwissenschaft ist interessant Nummer 218.,German
La inteligencia artificial es el futuro versión 219.,Spanish
C'est une belle journée numéro 220.,French
I enjoy coding in Python session 221.,English
Main machine learning seekh raha hoon 222.,Hindi
Ich programmiere gerne in Python Sitzung 223.,German
Me encanta aprender aprendizaje automático número 224.,Spanish
J'aime programmer en Python session 225.,French
I enjoy coding in Python session 226.,English
Yeh ek sundar din hai number 227.,Hindi
Das ist ein schöner Tag Nummer 228.,German
Me encanta aprender aprendizaje automático número 229.,Spanish
J'aime apprendre l'apprentissage automatique numéro 230.,French
I enjoy coding in Python session 231.,English
Artificial intelligence bhavishya hai 232.,Hindi
Ich liebe maschinelles Lernen Nummer 233.,German
Me encanta aprender aprendizaje automático número 234.,Spanish
J'aime programmer en Python session 235.,French
I enjoy coding in Python session 236.,English
Artificial intelligence bhavishya hai 237.,Hindi
Das ist ein schöner Tag Nummer 238.,German
La ciencia de datos es interesante número 239.,Spanish
C'est une belle journée numéro 240.,French
This is a beautiful day number 241.,English
Yeh ek sundar din hai number 242.,Hindi
Künstliche Intelligenz ist die Zukunft Version 243.,German
Me encanta aprender aprendizaje automático número 244.,Spanish
La science des données est intéressante numéro 245.,French
I enjoy coding in Python session 246.,English
Main machine learning seekh raha hoon 247.,Hindi
Datenwissenschaft ist interessant Nummer 248.,German
Disfruto programar en Python sesión 249.,Spanish
J'aime programmer en Python session 250.,French
I enjoy coding in Python session 251.,English
Yeh ek sundar din hai number 252.,Hindi
Datenwissenschaft ist interessant Nummer 253.,German
Disfruto programar en Python sesión 254.,Spanish
L'intelligence artificielle est l'avenir version 255.,French
This is a beautiful day number 256.,English
Artificial intelligence bhavishya hai 257.,Hindi
Ich liebe maschinelles Lernen Nummer 258.,German
Este es un día hermoso número 259.,Spanish
L'intelligence artificielle est l'avenir version 260.,French
Artificial intelligence is the future version 261.,English
Data science bahut interesting hai 262.,Hindi
Künstliche Intelligenz ist die Zukunft Version 263.,German
La ciencia de datos es interesante número 264.,Spanish
C'est une belle journée numéro 265.,French
I love learning machine learning number 266.,English
Main machine learning seekh raha hoon 267.,Hindi
Künstliche Intelligenz ist die Zukunft Version 268.,German
Disfruto programar en Python sesión 269.,Spanish
La science des données est intéressante numéro 270.,French
I enjoy coding in Python session 271.,English
Main machine learning seekh raha hoon 272.,Hindi
Das ist ein schöner Tag Nummer 273.,German
Este es un día hermoso número 274.,Spanish
J'aime programmer en Python session 275.,French
I enjoy coding in Python session 276.,English
Yeh ek sundar din hai number 277.,Hindi
Künstliche Intelligenz ist die Zukunft Version 278.,German
Este es un día hermoso número 279.,Spanish
J'aime apprendre l'apprentissage automatique numéro 280.,French
I love learning machine learning number 281.,English
Artificial intelligence bhavishya hai 282.,Hindi
Das ist ein schöner Tag Nummer 283.,German
La inteligencia artificial es el futuro versión 284.,Spanish
J'aime apprendre l'apprentissage automatique numéro 285.,French
Artificial intelligence is the future version 286.,English
Yeh ek sundar din hai number 287.,Hindi
Ich liebe maschinelles Lernen Nummer 288.,German
La ciencia de datos es interesante número 289.,Spanish
J'aime apprendre l'apprentissage automatique numéro 290.,French
I love learning machine learning number 291.,English
Mujhe coding pasand hai number 292.,Hindi
Ich liebe maschinelles Lernen Nummer 293.,German
Disfruto programar en Python sesión 294.,Spanish
J'aime programmer en Python session 295.,French
I enjoy coding in Python session 296.,English
Mujhe coding pasand hai number 297.,Hindi
Ich liebe maschinelles Lernen Nummer 298.,German
La ciencia de datos es interesante número 299.,Spanish
J'aime apprendre l'apprentissage automatique numéro 300.,French
This is a beautiful day number 301.,English
Artificial intelligence bhavishya hai 302.,Hindi
Ich liebe maschinelles Lernen Nummer 303.,German
La inteligencia artificial es el futuro versión 304.,Spanish
La science des données est intéressante numéro 305.,French
I enjoy coding in Python session 306.,English
Yeh ek sundar din hai number 307.,Hindi
Das ist ein schöner Tag Nummer 308.,German
La ciencia de datos es interesante número 309.,Spanish
La science des données est intéressante numéro 310.,French
I love learning machine learning number 311.,English
Main machine learning seekh raha hoon 312.,Hindi
Datenwissenschaft ist interessant Nummer 313.,German
Disfruto programar en Python sesión 314.,Spanish
La science des données est intéressante numéro 315.,French
This is a beautiful day number 316.,English
Artificial intelligence bhavishya hai 317.,Hindi
Das ist ein schöner Tag Nummer 318.,German
Este es un día hermoso número 319.,Spanish
La science des données est intéressante numéro 320.,French
Artificial intelligence is the future version 321.,English
Main machine learning seekh raha hoon 322.,Hindi
Das ist ein schöner Tag Nummer 323.,German
Me encanta aprender aprendizaje automático número 324.,Spanish
La science des données est intéressante numéro 325.,French
Data science is interesting topic number 326.,English
Main machine learning seekh raha hoon 327.,Hindi
Künstliche Intelligenz ist die Zukunft Version 328.,German
La ciencia de datos es interesante número 329.,Spanish
J'aime apprendre l'apprentissage automatique numéro 330.,French
Artificial intelligence is the future version 331.,English
Yeh ek sundar din hai number 332.,Hindi
Ich liebe maschinelles Lernen Nummer 333.,German
La inteligencia artificial es el futuro versión 334.,Spanish
J'aime apprendre l'apprentissage automatique numéro 335.,French
I enjoy coding in Python session 336.,English
Mujhe coding pasand hai number 337.,Hindi
Künstliche Intelligenz ist die Zukunft Version 338.,German
Este es un día hermoso número 339.,Spanish
J'aime programmer en Python session 340.,French
I enjoy coding in Python session 341.,English
Main machine learning seekh raha hoon 342.,Hindi
Künstliche Intelligenz ist die Zukunft Version 343.,German
La inteligencia artificial es el futuro versión 344.,Spanish
J'aime programmer en Python session 345.,French
This is a beautiful day number 346.,English
Main machine learning seekh raha hoon 347.,Hindi
Datenwissenschaft ist interessant Nummer 348.,German
Disfruto programar en Python sesión 349.,Spanish
J'aime programmer en Python session 350.,French
I enjoy coding in Python session 351.,English
Data science bahut interesting hai 352.,Hindi
Künstliche Intelligenz ist die Zukunft Version 353.,German
Disfruto programar en Python sesión 354.,Spanish
J'aime programmer en Python session 355.,French
I enjoy coding in Python session 356.,English
Mujhe coding pasand hai number 357.,Hindi
Ich liebe maschinelles Lernen Nummer 358.,German
La ciencia de datos es interesante número 359.,Spanish
C'est une belle journée numéro 360.,French
Data science is interesting topic number 361.,English
Mujhe coding pasand hai number 362.,Hindi
Künstliche Intelligenz ist die Zukunft Version 363.,German
La ciencia de datos es interesante número 364.,Spanish
C'est une belle journée numéro 365.,French
Artificial intelligence is the future version 366.,English
Main machine learning seekh raha hoon 367.,Hindi
Künstliche Intelligenz ist die Zukunft Version 368.,German
La ciencia de datos es interesante número 369.,Spanish
L'intelligence artificielle est l'avenir version 370.,French
Data science is interesting topic number 371.,English
Data science bahut interesting hai 372.,Hindi
Ich programmiere gerne in Python Sitzung 373.,German
Este es un día hermoso número 374.,Spanish
L'intelligence artificielle est l'avenir version 375.,French
I enjoy coding in Python session 376.,English
Data science bahut interesting hai 377.,Hindi
Ich liebe maschinelles Lernen Nummer 378.,German
Me encanta aprender aprendizaje automático número 379.,Spanish
J'aime apprendre l'apprentissage automatique numéro 380.,French
I enjoy coding in Python session 381.,English
Data science bahut interesting hai 382.,Hindi
Ich liebe maschinelles Lernen Nummer 383.,German
Me encanta aprender aprendizaje automático número 384.,Spanish
L'intelligence artificielle est l'avenir version 385.,French
I enjoy coding in Python session 386.,English
Artificial intelligence bhavishya hai 387.,Hindi
Das ist ein schöner Tag Nummer 388.,German
Este es un día hermoso número 389.,Spanish
La science des données est intéressante numéro 390.,French
I love learning machine learning number 391.,English
Artificial intelligence bhavishya hai 392.,Hindi
Das ist ein schöner Tag Nummer 393.,German
La ciencia de datos es interesante número 394.,Spanish
C'est une belle journée numéro 395.,French
Data science is interesting topic number 396.,English
Yeh ek sundar din hai number 397.,Hindi
Ich programmiere gerne in Python Sitzung 398.,German
Este es un día hermoso número 399.,Spanish
J'aime programmer en Python session 400.,French
This is a beautiful day number 401.,English
Yeh ek sundar din hai number 402.,Hindi
Künstliche Intelligenz ist die Zukunft Version 403.,German
Disfruto programar en Python sesión 404.,Spanish
C'est une belle journée numéro 405.,French
I enjoy coding in Python session 406.,English
Artificial intelligence bhavishya hai 407.,Hindi
Datenwissenschaft ist interessant Nummer 408.,German
La inteligencia artificial es el futuro versión 409.,Spanish
J'aime apprendre l'apprentissage automatique numéro 410.,French
Artificial intelligence is the future version 411.,English
Main machine learning seekh raha hoon 412.,Hindi
Künstliche Intelligenz ist die Zukunft Version 413.,German
La inteligencia artificial es el futuro versión 414.,Spanish
La science des données est intéressante numéro 415.,French
Artificial intelligence is the future version 416.,English
Yeh ek sundar din hai number 417.,Hindi
Ich liebe maschinelles Lernen Nummer 418.,German
Disfruto programar en Python sesión 419.,Spanish
La science des données est intéressante numéro 420.,French
Artificial intelligence is the future version 421.,English
Artificial intelligence bhavishya hai 422.,Hindi
Datenwissenschaft ist interessant Nummer 423.,German
Disfruto programar en Python sesión 424.,Spanish
C'est une belle journée numéro 425.,French
Artificial intelligence is the future version 426.,English
Mujhe coding pasand hai number 427.,Hindi
Künstliche Intelligenz ist die Zukunft Version 428.,German
La ciencia de datos es interesante número 429.,Spanish
J'aime apprendre l'apprentissage automatique numéro 430.,French
I enjoy coding in Python session 431.,English
Artificial intelligence bhavishya hai 432.,Hindi
Künstliche Intelligenz ist die Zukunft Version 433.,German
Me encanta aprender aprendizaje automático número 434.,Spanish
L'intelligence artificielle est l'avenir version 435.,French
I enjoy coding in Python session 436.,English
Yeh ek sundar din hai number 437.,Hindi
Ich programmiere gerne in Python Sitzung 438.,German
Este es un día hermoso número 439.,Spanish
J'aime programmer en Python session 440.,French
This is a beautiful day number 441.,English
Yeh ek sundar din hai number 442.,Hindi
Ich programmiere gerne in Python Sitzung 443.,German
La inteligencia artificial es el futuro versión 444.,Spanish
C'est une belle journée numéro 445.,French
Data science is interesting topic number 446.,English
Main machine learning seekh raha hoon 447.,Hindi
Datenwissenschaft ist interessant Nummer 448.,German
Disfruto programar en Python sesión 449.,Spanish
L'intelligence artificielle est l'avenir version 450.,French
I love learning machine learning number 451.,English
Data science bahut interesting hai 452.,Hindi
Ich programmiere gerne in Python Sitzung 453.,German
Este es un día hermoso número 454.,Spanish
J'aime apprendre l'apprentissage automatique numéro 455.,French
Data science is interesting topic number 456.,English
Main machine learning seekh raha hoon 457.,Hindi
Ich programmiere gerne in Python Sitzung 458.,German
Disfruto programar en Python sesión 459.,Spanish
L'intelligence artificielle est l'avenir version 460.,French
This is a beautiful day number 461.,English
Data science bahut interesting hai 462.,Hindi
Das ist ein schöner Tag Nummer 463.,German
La inteligencia artificial es el futuro versión 464.,Spanish
J'aime programmer en Python session 465.,French
This is a beautiful day number 466.,English
Artificial intelligence bhavishya hai 467.,Hindi
Datenwissenschaft ist interessant Nummer 468.,German
Disfruto programar en Python sesión 469.,Spanish
J'aime apprendre l'apprentissage automatique numéro 470.,French
I enjoy coding in Python session 471.,English
Artificial intelligence bhavishya hai 472.,Hindi
Ich liebe maschinelles Lernen Nummer 473.,German
La ciencia de datos es interesante número 474.,Spanish
La science des données est intéressante numéro 475.,French
I enjoy coding in Python session 476.,English
Data science bahut interesting hai 477.,Hindi
Das ist ein schöner Tag Nummer 478.,German
La inteligencia artificial es el futuro versión 479.,Spanish
J'aime programmer en Python session 480.,French
Data science is interesting topic number 481.,English
Artificial intelligence bhavishya hai 482.,Hindi
Ich liebe maschinelles Lernen Nummer 483.,German
La ciencia de datos es interesante número 484.,Spanish
J'aime apprendre l'apprentissage automatique numéro 485.,French
I love learning machine learning number 486.,English
Mujhe coding pasand hai number 487.,Hindi
Künstliche Intelligenz ist die Zukunft Version 488.,German
La inteligencia artificial es el futuro versión 489.,Spanish
J'aime apprendre l'apprentissage automatique numéro 490.,French
Artificial intelligence is the future version 491.,English
Artificial intelligence bhavishya hai 492.,Hindi
Ich liebe maschinelles Lernen Nummer 493.,German
Disfruto programar en Python sesión 494.,Spanish
La science des données est intéressante numéro 495.,French
I love learning machine learning number 496.,English
Data science bahut interesting hai 497.,Hindi
Künstliche Intelligenz ist die Zukunft Version 498.,German
Me encanta aprender aprendizaje automático número 499.,Spanish
L'intelligence artificielle est l'avenir version 500.,French
Data science is interesting topic number 501.,English
Yeh ek sundar din hai number 502.,Hindi
Das ist ein schöner Tag Nummer 503.,German
Este es un día hermoso número 504.,Spanish
La science des données est intéressante numéro 505.,French
I love learning machine learning number 506.,English
Main machine learning seekh raha hoon 507.,Hindi
Das ist ein schöner Tag Nummer 508.,German
La inteligencia artificial es el futuro versión 509.,Spanish
La science des données est intéressante numéro 510.,French
Data science is interesting topic number 511.,English
Yeh ek sundar din hai number 512.,Hindi
Datenwissenschaft ist interessant Nummer 513.,German
Me encanta aprender aprendizaje automático número 514.,Spanish
C'est une belle journée numéro 515.,French
I enjoy coding in Python session 516.,English
Data science bahut interesting hai 517.,Hindi
Ich programmiere gerne in Python Sitzung 518.,German
Me encanta aprender aprendizaje automático número 519.,Spanish
L'intelligence artificielle est l'avenir version 520.,French
I enjoy coding in Python session 521.,English
Mujhe coding pasand hai number 522.,Hindi
Künstliche Intelligenz ist die Zukunft Version 523.,German
Me encanta aprender aprendizaje automático número 524.,Spanish
C'est une belle journée numéro 525.,French
This is a beautiful day number 526.,English
Main machine learning seekh raha hoon 527.,Hindi
Ich programmiere gerne in Python Sitzung 528.,German
Este es un día hermoso número 529.,Spanish
J'aime apprendre l'apprentissage automatique numéro 530.,French
Artificial intelligence is the future version 531.,English
Mujhe coding pasand hai number 532.,Hindi
Das ist ein schöner Tag Nummer 533.,German
Me encanta aprender aprendizaje automático número 534.,Spanish
J'aime programmer en Python session 535.,French
This is a beautiful day number 536.,English
Mujhe coding pasand hai number 537.,Hindi
Das ist ein schöner Tag Nummer 538.,German
Me encanta aprender aprendizaje automático número 539.,Spanish
J'aime programmer en Python session 540.,French
I enjoy coding in Python session 541.,English
Mujhe coding pasand hai number 542.,Hindi
Ich liebe maschinelles Lernen Nummer 543.,German
Me encanta aprender aprendizaje automático número 544.,Spanish
J'aime apprendre l'apprentissage automatique numéro 545.,French
Data science is interesting topic number 546.,English
Main machine learning seekh raha hoon 547.,Hindi
Datenwissenschaft ist interessant Nummer 548.,German
Disfruto programar en Python sesión 549.,Spanish
La science des données est intéressante numéro 550.,French
I love learning machine learning number 551.,English
Main machine learning seekh raha hoon 552.,Hindi
Datenwissenschaft ist interessant Nummer 553.,German
Disfruto programar en Python sesión 554.,Spanish
J'aime apprendre l'apprentissage automatique numéro 555.,French
I love learning machine learning number 556.,English
Mujhe coding pasand hai number 557.,Hindi
Ich programmiere gerne in Python Sitzung 558.,German
Disfruto programar en Python sesión 559.,Spanish
La science des données est intéressante numéro 560.,French
This is a beautiful day number 561.,English
Artificial intelligence bhavishya hai 562.,Hindi
Ich liebe maschinelles Lernen Nummer 563.,German
Disfruto programar en Python sesión 564.,Spanish
La science des données est intéressante numéro 565.,French
Artificial intelligence is the future version 566.,English
Mujhe coding pasand hai number 567.,Hindi
Ich liebe maschinelles Lernen Nummer 568.,German
Disfruto programar en Python sesión 569.,Spanish
C'est une belle journée numéro 570.,French
Artificial intelligence is the future version 571.,English
Yeh ek sundar din hai number 572.,Hindi
Ich programmiere gerne in Python Sitzung 573.,German
Este es un día hermoso número 574.,Spanish
J'aime apprendre l'apprentissage automatique numéro 575.,French
Artificial intelligence is the future version 576.,English
Artificial intelligence bhavishya hai 577.,Hindi
Das ist ein schöner Tag Nummer 578.,German
Me encanta aprender aprendizaje automático número 579.,Spanish
J'aime programmer en Python session 580.,French
I enjoy coding in Python session 581.,English
Artificial intelligence bhavishya hai 582.,Hindi
Ich liebe maschinelles Lernen Nummer 583.,German
Disfruto programar en Python sesión 584.,Spanish
J'aime apprendre l'apprentissage automatique numéro 585.,French
I love learning machine learning number 586.,English
Data science bahut interesting hai 587.,Hindi
Das ist ein schöner Tag Nummer 588.,German
La inteligencia artificial es el futuro versión 589.,Spanish
J'aime programmer en Python session 590.,French
I enjoy coding in Python session 591.,English
Artificial intelligence bhavishya hai 592.,Hindi
Datenwissenschaft ist interessant Nummer 593.,German
La inteligencia artificial es el futuro versión 594.,Spanish
L'intelligence artificielle est l'avenir version 595.,French
I enjoy coding in Python session 596.,English
Data science bahut interesting hai 597.,Hindi
Künstliche Intelligenz ist die Zukunft Version 598.,German
Este es un día hermoso número 599.,Spanish
J'aime apprendre l'apprentissage automatique numéro 600.,French
I love learning machine learning number 601.,English
Data science bahut interesting hai 602.,Hindi
Datenwissenschaft ist interessant Nummer 603.,German
La inteligencia artificial es el futuro versión 604.,Spanish
J'aime programmer en Python session 605.,French
I love learning machine learning number 606.,English
Main machine learning seekh raha hoon 607.,Hindi
Ich programmiere gerne in Python Sitzung 608.,German
La ciencia de datos es interesante número 609.,Spanish
C'est une belle journée numéro 610.,French
This is a beautiful day number 611.,English
Data science bahut interesting hai 612.,Hindi
Datenwissenschaft ist interessant Nummer 613.,German
La ciencia de datos es interesante número 614.,Spanish
J'aime apprendre l'apprentissage automatique numéro 615.,French
I love learning machine learning number 616.,English
Artificial intelligence bhavishya hai 617.,Hindi
Ich programmiere gerne in Python Sitzung 618.,German
Este es un día hermoso número 619.,Spanish
J'aime apprendre l'apprentissage automatique numéro 620.,French
Artificial intelligence is the future version 621.,English
Mujhe coding pasand hai number 622.,Hindi
Ich liebe maschinelles Lernen Nummer 623.,German
La ciencia de datos es interesante número 624.,Spanish
L'intelligence artificielle est l'avenir version 625.,French
I love learning machine learning number 626.,English
Mujhe coding pasand hai number 627.,Hindi
Das ist ein schöner Tag Nummer 628.,German
Disfruto programar en Python sesión 629.,Spanish
L'intelligence artificielle est l'avenir version 630.,French
I love learning machine learning number 631.,English
Data science bahut interesting hai 632.,Hindi
Datenwissenschaft ist interessant Nummer 633.,German
La inteligencia artificial es el futuro versión 634.,Spanish
J'aime programmer en Python session 635.,French
This is a beautiful day number 636.,English
Data science bahut interesting hai 637.,Hindi
Ich programmiere gerne in Python Sitzung 638.,German
La inteligencia artificial es el futuro versión 639.,Spanish
La science des données est intéressante numéro 640.,French
This is a beautiful day number 641.,English
Artificial intelligence bhavishya hai 642.,Hindi
Künstliche Intelligenz ist die Zukunft Version 643.,German
Me encanta aprender aprendizaje automático número 644.,Spanish
L'intelligence artificielle est l'avenir version 645.,French
I love learning machine learning number 646.,English
Yeh ek sundar din hai number 647.,Hindi
Das ist ein schöner Tag Nummer 648.,German
La inteligencia artificial es el futuro versión 649.,Spanish
J'aime programmer en Python session 650.,French
I love learning machine learning number 651.,English
Data science bahut interesting hai 652.,Hindi
Ich programmiere gerne in Python Sitzung 653.,German
La ciencia de datos es interesante número 654.,Spanish
L'intelligence artificielle est l'avenir version 655.,French
Artificial intelligence is the future version 656.,English
Mujhe coding pasand hai number 657.,Hindi
Künstliche Intelligenz ist die Zukunft Version 658.,German
Disfruto programar en Python sesión 659.,Spanish
C'est une belle journée numéro 660.,French
Data science is interesting topic number 661.,English
Yeh ek sundar din hai number 662.,Hindi
Ich programmiere gerne in Python Sitzung 663.,German
Este es un día hermoso número 664.,Spanish
C'est une belle journée numéro 665.,French
Artificial intelligence is the future version 666.,English
Yeh ek sundar din hai number 667.,Hindi
Künstliche Intelligenz ist die Zukunft Version 668.,German
Este es un día hermoso número 669.,Spanish
L'intelligence artificielle est l'avenir version 670.,French
I enjoy coding in Python session 671.,English
Mujhe coding pasand hai number 672.,Hindi
Das ist ein schöner Tag Nummer 673.,German
La inteligencia artificial es el futuro versión 674.,Spanish
La science des données est intéressante numéro 675.,French
Data science is interesting topic number 676.,English
Data science bahut interesting hai 677.,Hindi
Künstliche Intelligenz ist die Zukunft Version 678.,German
La inteligencia artificial es el futuro versión 679.,Spanish
J'aime apprendre l'apprentissage automatique numéro 680.,French
Data science is interesting topic number 681.,English
Mujhe coding pasand hai number 682.,Hindi
Künstliche Intelligenz ist die Zukunft Version 683.,German
La inteligencia artificial es el futuro versión 684.,Spanish
L'intelligence artificielle est l'avenir version 685.,French
I love learning machine learning number 686.,English
Yeh ek sundar din hai number 687.,Hindi
Datenwissenschaft ist interessant Nummer 688.,German
Disfruto programar en Python sesión 689.,Spanish
L'intelligence artificielle est l'avenir version 690.,French
I enjoy coding in Python session 691.,English
Mujhe coding pasand hai number 692.,Hindi
Ich programmiere gerne in Python Sitzung 693.,German
La inteligencia artificial es el futuro versión 694.,Spanish
La science des données est intéressante numéro 695.,French
I enjoy coding in Python session 696.,English
Data science bahut interesting hai 697.,Hindi
Künstliche Intelligenz ist die Zukunft Version 698.,German
La inteligencia artificial es el futuro versión 699.,Spanish
J'aime programmer en Python session 700.,French
Artificial intelligence is the future version 701.,English
Data science bahut interesting hai 702.,Hindi
Ich programmiere gerne in Python Sitzung 703.,German
La inteligencia artificial es el futuro versión 704.,Spanish
L'intelligence artificielle est l'avenir version 705.,French
Artificial intelligence is the future version 706.,English
Main machine learning seekh raha hoon 707.,Hindi
Künstliche Intelligenz ist die Zukunft Version 708.,German
Me encanta aprender aprendizaje automático número 709.,Spanish
L'intelligence artificielle est l'avenir version 710.,French
This is a beautiful day number 711.,English
Mujhe coding pasand hai number 712.,Hindi
Ich programmiere gerne in Python Sitzung 713.,German
Disfruto programar en Python sesión 714.,Spanish
L'intelligence artificielle est l'avenir version 715.,French
Artificial intelligence is the future version 716.,English
Main machine learning seekh raha hoon 717.,Hindi
Das ist ein schöner Tag Nummer 718.,German
La ciencia de datos es interesante número 719.,Spanish
La science des données est intéressante numéro 720.,French
This is a beautiful day number 721.,English
Artificial intelligence bhavishya hai 722.,Hindi
Datenwissenschaft ist interessant Nummer 723.,German
La inteligencia artificial es el futuro versión 724.,Spanish
J'aime apprendre l'apprentissage automatique numéro 725.,French
Data science is interesting topic number 726.,English
Data science bahut interesting hai 727.,Hindi
Datenwissenschaft ist interessant Nummer 728.,German
La ciencia de datos es interesante número 729.,Spanish
La science des données est intéressante numéro 730.,French
Data science is interesting topic number 731.,English
Artificial intelligence bhavishya hai 732.,Hindi
Künstliche Intelligenz ist die Zukunft Version 733.,German
La ciencia de datos es interesante número 734.,Spanish
J'aime apprendre l'apprentissage automatique numéro 735.,French
I love learning machine learning number 736.,English
Yeh ek sundar din hai number 737.,Hindi
Das ist ein schöner Tag Nummer 738.,German
Este es un día hermoso número 739.,Spanish
J'aime programmer en Python session 740.,French
Data science is interesting topic number 741.,English
Artificial intelligence bhavishya hai 742.,Hindi
Ich programmiere gerne in Python Sitzung 743.,German
La ciencia de datos es interesante número 744.,Spanish
C'est une belle journée numéro 745.,French
I enjoy coding in Python session 746.,English
Artificial intelligence bhavishya hai 747.,Hindi
Datenwissenschaft ist interessant Nummer 748.,German
La ciencia de datos es interesante número 749.,Spanish
L'intelligence artificielle est l'avenir version 750.,French
I enjoy coding in Python session 751.,English
Main machine learning seekh raha hoon 752.,Hindi
Datenwissenschaft ist interessant Nummer 753.,German
Este es un día hermoso número 754.,Spanish
L'intelligence artificielle est l'avenir version 755.,French
I love learning machine learning number 756.,English
Data science bahut interesting hai 757.,Hindi
Ich programmiere gerne in Python Sitzung 758.,German
Este es un día hermoso número 759.,Spanish
C'est une belle journée numéro 760.,French
Data science is interesting topic number 761.,English
Data science bahut interesting hai 762.,Hindi
Künstliche Intelligenz ist die Zukunft Version 763.,German
La inteligencia artificial es el futuro versión 764.,Spanish
La science des données est intéressante numéro 765.,French
Data science is interesting topic number 766.,English
Main machine learning seekh raha hoon 767.,Hindi
Das ist ein schöner Tag Nummer 768.,German
Me encanta aprender aprendizaje automático número 769.,Spanish
J'aime programmer en Python session 770.,French
Data science is interesting topic number 771.,English
Main machine learning seekh raha hoon 772.,Hindi
Künstliche Intelligenz ist die Zukunft Version 773.,German
Este es un día hermoso número 774.,Spanish
C'est une belle journée numéro 775.,French
Artificial intelligence is the future version 776.,English
Main machine learning seekh raha hoon 777.,Hindi
Das ist ein schöner Tag Nummer 778.,German
Este es un día hermoso número 779.,Spanish
La science des données est intéressante numéro 780.,French
I love learning machine learning number 781.,English
Yeh ek sundar din hai number 782.,Hindi
Ich programmiere gerne in Python Sitzung 783.,German
Disfruto programar en Python sesión 784.,Spanish
C'est une belle journée numéro 785.,French
I love learning machine learning number 786.,English
Artificial intelligence bhavishya hai 787.,Hindi
Datenwissenschaft ist interessant Nummer 788.,German
Este es un día hermoso número 789.,Spanish
C'est une belle journée numéro 790.,French
Artificial intelligence is the future version 791.,English
Data science bahut interesting hai 792.,Hindi
Künstliche Intelligenz ist die Zukunft Version 793.,German
La ciencia de datos es interesante número 794.,Spanish
J'aime apprendre l'apprentissage automatique numéro 795.,French
I enjoy coding in Python session 796.,English
Mujhe coding pasand hai number 797.,Hindi
Ich liebe maschinelles Lernen Nummer 798.,German
La ciencia de datos es interesante número 799.,Spanish
J'aime apprendre l'apprentissage automatique numéro 800.,French
I love learning machine learning number 801.,English
Yeh ek sundar din hai number 802.,Hindi
Ich programmiere gerne in Python Sitzung 803.,German
La inteligencia artificial es el futuro versión 804.,Spanish
C'est une belle journée numéro 805.,French
Artificial intelligence is the future version 806.,English
Data science bahut interesting hai 807.,Hindi
Ich programmiere gerne in Python Sitzung 808.,German
La inteligencia artificial es el futuro versión 809.,Spanish
L'intelligence artificielle est l'avenir version 810.,French
I love learning machine learning number 811.,English
Artificial intelligence bhavishya hai 812.,Hindi
Ich programmiere gerne in Python Sitzung 813.,German
La inteligencia artificial es el futuro versión 814.,Spanish
C'est une belle journée numéro 815.,French
Artificial intelligence is the future version 816.,English
Main machine learning seekh raha hoon 817.,Hindi
Künstliche Intelligenz ist die Zukunft Version 818.,German
La inteligencia artificial es el futuro versión 819.,Spanish
J'aime apprendre l'apprentissage automatique numéro 820.,French
I enjoy coding in Python session 821.,English
Artificial intelligence bhavishya hai 822.,Hindi
Künstliche Intelligenz ist die Zukunft Version 823.,German
Disfruto programar en Python sesión 824.,Spanish
J'aime apprendre l'apprentissage automatique numéro 825.,French
I enjoy coding in Python session 826.,English
Data science bahut interesting hai 827.,Hindi
Künstliche Intelligenz ist die Zukunft Version 828.,German
Me encanta aprender aprendizaje automático número 829.,Spanish
L'intelligence artificielle est l'avenir version 830.,French
I enjoy coding in Python session 831.,English
Data science bahut interesting hai 832.,Hindi
Ich programmiere gerne in Python Sitzung 833.,German
La ciencia de datos es interesante número 834.,Spanish
J'aime programmer en Python session 835.,French
I enjoy coding in Python session 836.,English
Mujhe coding pasand hai number 837.,Hindi
Das ist ein schöner Tag Nummer 838.,German
La ciencia de datos es interesante número 839.,Spanish
La science des données est intéressante numéro 840.,French
I enjoy coding in Python session 841.,English
Artificial intelligence bhavishya hai 842.,Hindi
Ich liebe maschinelles Lernen Nummer 843.,German
La inteligencia artificial es el futuro versión 844.,Spanish
J'aime programmer en Python session 845.,French
This is a beautiful day number 846.,English
Mujhe coding pasand hai number 847.,Hindi
Ich programmiere gerne in Python Sitzung 848.,German
La inteligencia artificial es el futuro versión 849.,Spanish
La science des données est intéressante numéro 850.,French
I love learning machine learning number 851.,English
Data science bahut interesting hai 852.,Hindi
Künstliche Intelligenz ist die Zukunft Version 853.,German
Me encanta aprender aprendizaje automático número 854.,Spanish
J'aime programmer en Python session 855.,French
This is a beautiful day number 856.,English
Artificial intelligence bhavishya hai 857.,Hindi
Das ist ein schöner Tag Nummer 858.,German
La inteligencia artificial es el futuro versión 859.,Spanish
La science des données est intéressante numéro 860.,French
Artificial intelligence is the future version 861.,English
Mujhe coding pasand hai number 862.,Hindi
Künstliche Intelligenz ist die Zukunft Version 863.,German
Me encanta aprender aprendizaje automático número 864.,Spanish
C'est une belle journée numéro 865.,French
This is a beautiful day number 866.,English
Artificial intelligence bhavishya hai 867.,Hindi
Künstliche Intelligenz ist die Zukunft Version 868.,German
Disfruto programar en Python sesión 869.,Spanish
L'intelligence artificielle est l'avenir version 870.,French
This is a beautiful day number 871.,English
Main machine learning seekh raha hoon 872.,Hindi
Künstliche Intelligenz ist die Zukunft Version 873.,German
Disfruto programar en Python sesión 874.,Spanish
La science des données est intéressante numéro 875.,French
I love learning machine learning number 876.,English
Main machine learning seekh raha hoon 877.,Hindi
Das ist ein schöner Tag Nummer 878.,German
La inteligencia artificial es el futuro versión 879.,Spanish
L'intelligence artificielle est l'avenir version 880.,French
Data science is interesting topic number 881.,English
Mujhe coding pasand hai number 882.,Hindi
Künstliche Intelligenz ist die Zukunft Version 883.,German
La inteligencia artificial es el futuro versión 884.,Spanish
La science des données est intéressante numéro 885.,French
I love learning machine learning number 886.,English
Yeh ek sundar din hai number 887.,Hindi
Künstliche Intelligenz ist die Zukunft Version 888.,German
Disfruto programar en Python sesión 889.,Spanish
C'est une belle journée numéro 890.,French
Artificial intelligence is the future version 891.,English
Data science bahut interesting hai 892.,Hindi
Künstliche Intelligenz ist die Zukunft Version 893.,German
Disfruto programar en Python sesión 894.,Spanish
L'intelligence artificielle est l'avenir version 895.,French
Artificial intelligence is the future version 896.,English
Data science bahut interesting hai 897.,Hindi
Ich programmiere gerne in Python Sitzung 898.,German
La inteligencia artificial es el futuro versión 899.,Spanish
J'aime programmer en Python session 900.,French
This is a beautiful day number 901.,English
Artificial intelligence bhavishya hai 902.,Hindi
Datenwissenschaft ist interessant Nummer 903.,German
La inteligencia artificial es el futuro versión 904.,Spanish
C'est une belle journée numéro 905.,French
Data science is interesting topic number 906.,English
Artificial intelligence bhavishya hai 907.,Hindi
Datenwissenschaft ist interessant Nummer 908.,German
La ciencia de datos es interesante número 909.,Spanish
La science des données est intéressante numéro 910.,French
I love learning machine learning number 911.,English
Data science bahut interesting hai 912.,Hindi
Datenwissenschaft ist interessant Nummer 913.,German
La ciencia de datos es interesante número 914.,Spanish
C'est une belle journée numéro 915.,French
I love learning machine learning number 916.,English
Main machine learning seekh raha hoon 917.,Hindi
Ich liebe maschinelles Lernen Nummer 918.,German
Este es un día hermoso número 919.,Spanish
C'est une belle journée numéro 920.,French
I enjoy coding in Python session 921.,English
Data science bahut interesting hai 922.,Hindi
Künstliche Intelligenz ist die Zukunft Version 923.,German
Me encanta aprender aprendizaje automático número 924.,Spanish
J'aime programmer en Python session 925.,French
This is a beautiful day number 926.,English
Mujhe coding pasand hai number 927.,Hindi
Das ist ein schöner Tag Nummer 928.,German
Me encanta aprender aprendizaje automático número 929.,Spanish
J'aime programmer en Python session 930.,French
I love learning machine learning number 931.,English
Main machine learning seekh raha hoon 932.,Hindi
Datenwissenschaft ist interessant Nummer 933.,German
Me encanta aprender aprendizaje automático número 934.,Spanish
J'aime programmer en Python session 935.,French
Data science is interesting topic number 936.,English
Main machine learning seekh raha hoon 937.,Hindi
Ich programmiere gerne in Python Sitzung 938.,German
Disfruto programar en Python sesión 939.,Spanish
C'est une belle journée numéro 940.,French
Data science is interesting topic number 941.,English
Main machine learning seekh raha hoon 942.,Hindi
Datenwissenschaft ist interessant Nummer 943.,German
La ciencia de datos es interesante número 944.,Spanish
La science des données est intéressante numéro 945.,French
Artificial intelligence is the future version 946.,English
Data science bahut interesting hai 947.,Hindi
Datenwissenschaft ist interessant Nummer 948.,German
Me encanta aprender aprendizaje automático número 949.,Spanish
L'intelligence artificielle est l'avenir version 950.,French
This is a beautiful day number 951.,English
Data science bahut interesting hai 952.,Hindi
Künstliche Intelligenz ist die Zukunft Version 953.,German
La inteligencia artificial es el futuro versión 954.,Spanish
J'aime programmer en Python session 955.,French
This is a beautiful day number 956.,English
Main machine learning seekh raha hoon 957.,Hindi
Datenwissenschaft ist interessant Nummer 958.,German
La ciencia de datos es interesante número 959.,Spanish
La science des données est intéressante numéro 960.,French
Artificial intelligence is the future version 961.,English
Data science bahut interesting hai 962.,Hindi
Ich liebe maschinelles Lernen Nummer 963.,German
Este es un día hermoso número 964.,Spanish
La science des données est intéressante numéro 965.,French
I love learning machine learning number 966.,English
Yeh ek sundar din hai number 967.,Hindi
Das ist ein schöner Tag Nummer 968.,German
Este es un día hermoso número 969.,Spanish
C'est une belle journée numéro 970.,French
Artificial intelligence is the future version 971.,English
Artificial intelligence bhavishya hai 972.,Hindi
Das ist ein schöner Tag Nummer 973.,German
Me encanta aprender aprendizaje automático número 974.,Spanish
J'aime programmer en Python session 975.,French
This is a beautiful day number 976.,English
Yeh ek sundar din hai number 977.,Hindi
Das ist ein schöner Tag Nummer 978.,German
La ciencia de datos es interesante número 979.,Spanish
J'aime programmer en Python session 980.,French
This is a beautiful day number 981.,English
Main machine learning seekh raha hoon 982.,Hindi
Ich liebe maschinelles Lernen Nummer 983.,German
Disfruto programar en Python sesión 984.,Spanish
J'aime apprendre l'apprentissage automatique numéro 985.,French
I enjoy coding in Python session 986.,English
Main machine learning seekh raha hoon 987.,Hindi
Künstliche Intelligenz ist die Zukunft Version 988.,German
La inteligencia artificial es el futuro versión 989.,Spanish
C'est une belle journée numéro 990.,French
Artificial intelligence is the future version 991.,English
Artificial intelligence bhavishya hai 992.,Hindi
Ich programmiere gerne in Python Sitzung 993.,German
Disfruto programar en Python sesión 994.,Spanish
L'intelligence artificielle est l'avenir version 995.,French
Artificial intelligence is the future version 996.,English
Data science bahut interesting hai 997.,Hindi
Künstliche Intelligenz ist die Zukunft Version 998.,German
Me encanta aprender aprendizaje automático número 999.,Spanish
La science des données est intéressante numéro 1000.,French
Data science is interesting topic number 1001.,English
Artificial intelligence bhavishya hai 1002.,Hindi
Künstliche Intelligenz ist die Zukunft Version 1003.,German
La ciencia de datos es interesante número 1004.,Spanish
J'aime apprendre l'apprentissage automatique numéro 1005.,French
This is a beautiful day number 1006.,English
Main machine learning seekh raha hoon 1007.,Hindi
Ich liebe maschinelles Lernen Nummer 1008.,German
Disfruto programar en Python sesión 1009.,Spanish
L'intelligence artificielle est l'avenir version 1010.,French
This is a beautiful day number 1011.,English
Artificial intelligence bhavishya hai 1012.,Hindi
Das ist ein schöner Tag Nummer 1013.,German
Me encanta aprender aprendizaje automático número 1014.,Spanish
C'est une belle journée numéro 1015.,French
This is a beautiful day number 1016.,English
Main machine learning seekh raha hoon 1017.,Hindi
Künstliche Intelligenz ist die Zukunft Version 1018.,German
Disfruto programar en Python sesión 1019.,Spanish
L'intelligence artificielle est l'avenir version 1020.,French
Artificial intelligence is the future version 1021.,English
Main machine learning seekh raha hoon 1022.,Hindi
Datenwissenschaft ist interessant Nummer 1023.,German
Me encanta aprender aprendizaje automático número 1024.,Spanish
J'aime programmer en Python session 1025.,French
This is a beautiful day number 1026.,English
Mujhe coding pasand hai number 1027.,Hindi
Künstliche Intelligenz ist die Zukunft Version 1028.,German
La ciencia de datos es interesante número 1029.,Spanish
La science des données est intéressante numéro 1030.,French
This is a beautiful day number 1031.,English
Data science bahut interesting hai 1032.,Hindi
Ich liebe maschinelles Lernen Nummer 1033.,German
Me encanta aprender aprendizaje automático número 1034.,Spanish
J'aime programmer en Python session 1035.,French
I love learning machine learning number 1036.,English
Artificial intelligence bhavishya hai 1037.,Hindi
Ich programmiere gerne in Python Sitzung 1038.,German
Disfruto programar en Python sesión 1039.,Spanish
C'est une belle journée numéro 1040.,French
Data science is interesting topic number 1041.,English
Mujhe coding pasand hai number 1042.,Hindi
Datenwissenschaft ist interessant Nummer 1043.,German
Disfruto programar en Python sesión 1044.,Spanish
L'intelligence artificielle est l'avenir version 1045.,French
I love learning machine learning number 1046.,English
Main machine learning seekh raha hoon 1047.,Hindi
Künstliche Intelligenz ist die Zukunft Version 1048.,German
Disfruto programar en Python sesión 1049.,Spanish
C'est une belle journée numéro 1050.,French
Data science is interesting topic number 1051.,English
Yeh ek sundar din hai number 1052.,Hindi
Künstliche Intelligenz ist die Zukunft Version 1053.,German
Este es un día hermoso número 1054.,Spanish
J'aime programmer en Python session 1055.,French
I enjoy coding in Python session 1056.,English
Artificial intelligence bhavishya hai 1057.,Hindi
Künstliche Intelligenz ist die Zukunft Version 1058.,German
Disfruto programar en Python sesión 1059.,Spanish
J'aime programmer en Python session 1060.,French
Data science is interesting topic number 1061.,English
Main machine learning seekh raha hoon 1062.,Hindi
Künstliche Intelligenz ist die Zukunft Version 1063.,German
La ciencia de datos es interesante número 1064.,Spanish
L'intelligence artificielle est l'avenir version 1065.,French
Data science is interesting topic number 1066.,English
Yeh ek sundar din hai number 1067.,Hindi
Das ist ein schöner Tag Nummer 1068.,German
La ciencia de datos es interesante número 1069.,Spanish
C'est une belle journée numéro 1070.,French
Artificial intelligence is the future version 1071.,English
Main machine learning seekh raha hoon 1072.,Hindi
Das ist ein schöner Tag Nummer 1073.,German
Este es un día hermoso número 1074.,Spanish
J'aime apprendre l'apprentissage automatique numéro 1075.,French
Artificial intelligence is the future version 1076.,English
Mujhe coding pasand hai number 1077.,Hindi
Ich liebe maschinelles Lernen Nummer 1078.,German
Este es un día hermoso número 1079.,Spanish
J'aime programmer en Python session 1080.,French
This is a beautiful day number 1081.,English
Yeh ek sundar din hai number 1082.,Hindi
Ich programmiere gerne in Python Sitzung 1083.,German
La inteligencia artificial es el futuro versión 1084.,Spanish
C'est une belle journée numéro 1085.,French
This is a beautiful day number 1086.,English
Data science bahut interesting hai 1087.,Hindi
Das ist ein schöner Tag Nummer 1088.,German
Me encanta aprender aprendizaje automático número 1089.,Spanish
J'aime programmer en Python session 1090.,French
I enjoy coding in Python session 1091.,English
Mujhe coding pasand hai number 1092.,Hindi
Künstliche Intelligenz ist die Zukunft Version 1093.,German
La inteligencia artificial es el futuro versión 1094.,Spanish
J'aime apprendre l'apprentissage automatique numéro 1095.,French
This is a beautiful day number 1096.,English
Data science bahut interesting hai 1097.,Hindi
Ich liebe maschinelles Lernen Nummer 1098.,German
Este es un día hermoso número 1099.,Spanish
J'aime programmer en Python session 1100.,French
Data science is interesting topic number 1101.,English
Artificial intelligence bhavishya hai 1102.,Hindi
Datenwissenschaft ist interessant Nummer 1103.,German
Este es un día hermoso número 1104.,Spanish
La science des données est intéressante numéro 1105.,French
I love learning machine learning number 1106.,English
Main machine learning seekh raha hoon 1107.,Hindi
Künstliche Intelligenz ist die Zukunft Version 1108.,German
Disfruto programar en Python sesión 1109.,Spanish
La science des données est intéressante numéro 1110.,French
Artificial intelligence is the future version 1111.,English
Artificial intelligence bhavishya hai 1112.,Hindi
Ich programmiere gerne in Python Sitzung 1113.,German
La ciencia de datos es interesante número 1114.,Spanish
C'est une belle journée numéro 1115.,French
This is a beautiful day number 1116.,English
Main machine learning seekh raha hoon 1117.,Hindi
Das ist ein schöner Tag Nummer 1118.,German
Me encanta aprender aprendizaje automático número 1119.,Spanish
J'aime programmer en Python session 1120.,French
Artificial intelligence is the future version 1121.,English
Main machine learning seekh raha hoon 1122.,Hindi
Ich liebe maschinelles Lernen Nummer 1123.,German
Me encanta aprender aprendizaje automático número 1124.,Spanish
C'est une belle journée numéro 1125.,French
Artificial intelligence is the future version 1126.,English
Yeh ek sundar din hai number 1127.,Hindi
Ich liebe maschinelles Lernen Nummer 1128.,German
Este es un día hermoso número 1129.,Spanish
J'aime apprendre l'apprentissage automatique numéro 1130.,French
I enjoy coding in Python session 1131.,English
Mujhe coding pasand hai number 1132.,Hindi
Das ist ein schöner Tag Nummer 1133.,German
La inteligencia artificial es el futuro versión 1134.,Spanish
C'est une belle journée numéro 1135.,French
Data science is interesting topic number 1136.,English
Mujhe coding pasand hai number 1137.,Hindi
Künstliche Intelligenz ist die Zukunft Version 1138.,German
Me encanta aprender aprendizaje automático número 1139.,Spanish
L'intelligence artificielle est l'avenir version 1140.,French
This is a beautiful day number 1141.,English
Artificial intelligence bhavishya hai 1142.,Hindi
Ich liebe maschinelles Lernen Nummer 1143.,German
Disfruto programar en Python sesión 1144.,Spanish
C'est une belle journée numéro 1145.,French
Data science is interesting topic number 1146.,English
Mujhe coding pasand hai number 1147.,Hindi
Ich liebe maschinelles Lernen Nummer 1148.,German
Este es un día hermoso número 1149.,Spanish
L'intelligence artificielle est l'avenir version 1150.,French
Artificial intelligence is the future version 1151.,English
Data science bahut interesting hai 1152.,Hindi
Das ist ein schöner Tag Nummer 1153.,German
Disfruto programar en Python sesión 1154.,Spanish
L'intelligence artificielle est l'avenir version 1155.,French
This is a beautiful day number 1156.,English
Yeh ek sundar din hai number 1157.,Hindi
Das ist ein schöner Tag Nummer 1158.,German
La inteligencia artificial es el futuro versión 1159.,Spanish
L'intelligence artificielle est l'avenir version 1160.,French
Artificial intelligence is the future version 1161.,English
Yeh ek sundar din hai number 1162.,Hindi
Das ist ein schöner Tag Nummer 1163.,German
Este es un día hermoso número 1164.,Spanish
L'intelligence artificielle est l'avenir version 1165.,French
I love learning machine learning number 1166.,English
Yeh ek sundar din hai number 1167.,Hindi
Das ist ein schöner Tag Nummer 1168.,German
La ciencia de datos es interesante número 1169.,Spanish
La science des données est intéressante numéro 1170.,French
Data science is interesting topic number 1171.,English
Yeh ek sundar din hai number 1172.,Hindi
Ich liebe maschinelles Lernen Nummer 1173.,German
La ciencia de datos es interesante número 1174.,Spanish
J'aime programmer en Python session 1175.,French
This is a beautiful day number 1176.,English
Mujhe coding pasand hai number 1177.,Hindi
Datenwissenschaft ist interessant Nummer 1178.,German
La inteligencia artificial es el futuro versión 1179.,Spanish
J'aime programmer en Python session 1180.,French
I enjoy coding in Python session 1181.,English
Yeh ek sundar din hai number 1182.,Hindi
Datenwissenschaft ist interessant Nummer 1183.,German
Este es un día hermoso número 1184.,Spanish
L'intelligence artificielle est l'avenir version 1185.,French
This is a beautiful day number 1186.,English
Artificial intelligence bhavishya hai 1187.,Hindi
Datenwissenschaft ist interessant Nummer 1188.,German
Disfruto programar en Python sesión 1189.,Spanish
J'aime programmer en Python session 1190.,French
This is a beautiful day number 1191.,English
Yeh ek sundar din hai number 1192.,Hindi
Datenwissenschaft ist interessant Nummer 1193.,German
Disfruto programar en Python sesión 1194.,Spanish
L'intelligence artificielle est l'avenir version 1195.,French
This is a beautiful day number 1196.,English
Yeh ek sundar din hai number 1197.,Hindi
Ich liebe maschinelles Lernen Nummer 1198.,German
Disfruto programar en Python sesión 1199.,Spanish
L'intelligence artificielle est l'avenir version 1200.,French
This is a beautiful day number 1201.,English
Mujhe coding pasand hai number 1202.,Hindi
Ich programmiere gerne in Python Sitzung 1203.,German
La inteligencia artificial es el futuro versión 1204.,Spanish
J'aime apprendre l'apprentissage automatique numéro 1205.,French
Artificial intelligence is the future version 1206.,English
Main machine learning seekh raha hoon 1207.,Hindi
Das ist ein schöner Tag Nummer 1208.,German
Disfruto programar en Python sesión 1209.,Spanish
J'aime programmer en Python session 1210.,French
I love learning machine learning number 1211.,English
Yeh ek sundar din hai number 1212.,Hindi
Datenwissenschaft ist interessant Nummer 1213.,German
Disfruto programar en Python sesión 1214.,Spanish
L'intelligence artificielle est l'avenir version 1215.,French
Artificial intelligence is the future version 1216.,English
Mujhe coding pasand hai number 1217.,Hindi
Künstliche Intelligenz ist die Zukunft Version 1218.,German
Me encanta aprender aprendizaje automático número 1219.,Spanish
La science des données est intéressante numéro 1220.,French
I enjoy coding in Python session 1221.,English
Data science bahut interesting hai 1222.,Hindi
Das ist ein schöner Tag Nummer 1223.,German
Me encanta aprender aprendizaje automático número 1224.,Spanish
La science des données est intéressante numéro 1225.,French
Data science is interesting topic number 1226.,English
Artificial intelligence bhavishya hai 1227.,Hindi
Künstliche Intelligenz ist die Zukunft Version 1228.,German
La ciencia de datos es interesante número 1229.,Spanish
J'aime apprendre l'apprentissage automatique numéro 1230.,French
Data science is interesting topic number 1231.,English
Mujhe coding pasand hai number 1232.,Hindi
Das ist ein schöner Tag Nummer 1233.,German
Este es un día hermoso número 1234.,Spanish
L'intelligence artificielle est l'avenir version 1235.,French
Data science is interesting topic number 1236.,English
Artificial intelligence bhavishya hai 1237.,Hindi
Datenwissenschaft ist interessant Nummer 1238.,German
La ciencia de datos es interesante número 1239.,Spanish
J'aime apprendre l'apprentissage automatique numéro 1240.,French
I enjoy coding in Python session 1241.,English
Artificial intelligence bhavishya hai 1242.,Hindi
Ich liebe maschinelles Lernen Nummer 1243.,German
Me encanta aprender aprendizaje automático número 1244.,Spanish
L'intelligence artificielle est l'avenir version 1245.,French
I enjoy coding in Python session 1246.,English
Data science bahut interesting hai 1247.,Hindi
Datenwissenschaft ist interessant Nummer 1248.,German
Me encanta aprender aprendizaje automático número 1249.,Spanish
La science des données est intéressante numéro 1250.,French
This is a beautiful day number 1251.,English
Data science bahut interesting hai 1252.,Hindi
Das ist ein schöner Tag Nummer 1253.,German
La ciencia de datos es interesante número 1254.,Spanish
J'aime programmer en Python session 1255.,French
I love learning machine learning number 1256.,English
Data science bahut interesting hai 1257.,Hindi
Ich programmiere gerne in Python Sitzung 1258.,German
Este es un día hermoso número 1259.,Spanish
L'intelligence artificielle est l'avenir version 1260.,French
Artificial intelligence is the future version 1261.,English
Data science bahut interesting hai 1262.,Hindi
Künstliche Intelligenz ist die Zukunft Version 1263.,German
Disfruto programar en Python sesión 1264.,Spanish
C'est une belle journée numéro 1265.,French
This is a beautiful day number 1266.,English
Mujhe coding pasand hai number 1267.,Hindi
Künstliche Intelligenz ist die Zukunft Version 1268.,German
La ciencia de datos es interesante número 1269.,Spanish
J'aime programmer en Python session 1270.,French
Artificial intelligence is the future version 1271.,English
Yeh ek sundar din hai number 1272.,Hindi
Ich programmiere gerne in Python Sitzung 1273.,German
La ciencia de datos es interesante número 1274.,Spanish
J'aime programmer en Python session 1275.,French
Data science is interesting topic number 1276.,English
Artificial intelligence bhavishya hai 1277.,Hindi
Künstliche Intelligenz ist die Zukunft Version 1278.,German
La ciencia de datos es interesante número 1279.,Spanish
C'est une belle journée numéro 1280.,French
I love learning machine learning number 1281.,English
Yeh ek sundar din hai number 1282.,Hindi
Ich liebe maschinelles Lernen Nummer 1283.,German
Este es un día hermoso número 1284.,Spanish
C'est une belle journée numéro 1285.,French
Data science is interesting topic number 1286.,English
Mujhe coding pasand hai number 1287.,Hindi
Künstliche Intelligenz ist die Zukunft Version 1288.,German
Disfruto programar en Python sesión 1289.,Spanish
C'est une belle journée numéro 1290.,French
Artificial intelligence is the future version 1291.,English
Main machine learning seekh raha hoon 1292.,Hindi
Ich programmiere gerne in Python Sitzung 1293.,German
La ciencia de datos es interesante número 1294.,Spanish
C'est une belle journée numéro 1295.,French
I love learning machine learning number 1296.,English
Artificial intelligence bhavishya hai 1297.,Hindi
Datenwissenschaft ist interessant Nummer 1298.,German
Me encanta aprender aprendizaje automático número 1299.,Spanish
C'est une belle journée numéro 1300.,French
I love learning machine learning number 1301.,English
Data science bahut interesting hai 1302.,Hindi
Datenwissenschaft ist interessant Nummer 1303.,German
La inteligencia artificial es el futuro versión 1304.,Spanish
L'intelligence artificielle est l'avenir version 1305.,French
Artificial intelligence is the future version 1306.,English
Data science bahut interesting hai 1307.,Hindi
Datenwissenschaft ist interessant Nummer 1308.,German
La ciencia de datos es interesante número 1309.,Spanish
L'intelligence artificielle est l'avenir version 1310.,French
I love learning machine learning number 1311.,English
Main machine learning seekh raha hoon 1312.,Hindi
Datenwissenschaft ist interessant Nummer 1313.,German
Disfruto programar en Python sesión 1314.,Spanish
C'est une belle journée numéro 1315.,French
This is a beautiful day number 1316.,English
Yeh ek sundar din hai number 1317.,Hindi
Ich liebe maschinelles Lernen Nummer 1318.,German
Me encanta aprender aprendizaje automático número 1319.,Spanish
J'aime apprendre l'apprentissage automatique numéro 1320.,French
I enjoy coding in Python session 1321.,English
Artificial intelligence bhavishya hai 1322.,Hindi
Künstliche Intelligenz ist die Zukunft Version 1323.,German
La inteligencia artificial es el futuro versión 1324.,Spanish
J'aime programmer en Python session 1325.,French
This is a beautiful day number 1326.,English
Main machine learning seekh raha hoon 1327.,Hindi
Ich liebe maschinelles Lernen Nummer 1328.,German
Me encanta aprender aprendizaje automático número 1329.,Spanish
L'intelligence artificielle est l'avenir version 1330.,French
This is a beautiful day number 1331.,English
Artificial intelligence bhavishya hai 1332.,Hindi
Das ist ein schöner Tag Nummer 1333.,German
Este es un día hermoso número 1334.,Spanish
C'est une belle journée numéro 1335.,French
I enjoy coding in Python session 1336.,English
Main machine learning seekh raha hoon 1337.,Hindi
Das ist ein schöner Tag Nummer 1338.,German
Este es un día hermoso número 1339.,Spanish
J'aime programmer en Python session 1340.,French
This is a beautiful day number 1341.,English
Yeh ek sundar din hai number 1342.,Hindi
Künstliche Intelligenz ist die Zukunft Version 1343.,German
La ciencia de datos es interesante número 1344.,Spanish
La science des données est intéressante numéro 1345.,French
Data science is interesting topic number 1346.,English
Yeh ek sundar din hai number 1347.,Hindi
Künstliche Intelligenz ist die Zukunft Version 1348.,German
Este es un día hermoso número 1349.,Spanish
J'aime programmer en Python session 1350.,French
Data science is interesting topic number 1351.,English
Artificial intelligence bhavishya hai 1352.,Hindi
Ich programmiere gerne in Python Sitzung 1353.,German
Disfruto programar en Python sesión 1354.,Spanish
J'aime programmer en Python session 1355.,French
This is a beautiful day number 1356.,English
Data science bahut interesting hai 1357.,Hindi
Datenwissenschaft ist interessant Nummer 1358.,German
Este es un día hermoso número 1359.,Spanish
La science des données est intéressante numéro 1360.,French
This is a beautiful day number 1361.,English
Yeh ek sundar din hai number 1362.,Hindi
Ich programmiere gerne in Python Sitzung 1363.,German
Me encanta aprender aprendizaje automático número 1364.,Spanish
J'aime apprendre l'apprentissage automatique numéro 1365.,French
Data science is interesting topic number 1366.,English
Yeh ek sundar din hai number 1367.,Hindi
Künstliche Intelligenz ist die Zukunft Version 1368.,German
La ciencia de datos es interesante número 1369.,Spanish
L'intelligence artificielle est l'avenir version 1370.,French
Data science is interesting topic number 1371.,English
Main machine learning seekh raha hoon 1372.,Hindi
Datenwissenschaft ist interessant Nummer 1373.,German
La ciencia de datos es interesante número 1374.,Spanish
L'intelligence artificielle est l'avenir version 1375.,French
Data science is interesting topic number 1376.,English
Data science bahut interesting hai 1377.,Hindi
Ich liebe maschinelles Lernen Nummer 1378.,German
Disfruto programar en Python sesión 1379.,Spanish
L'intelligence artificielle est l'avenir version 1380.,French
Data science is interesting topic number 1381.,English
Yeh ek sundar din hai number 1382.,Hindi
Künstliche Intelligenz ist die Zukunft Version 1383.,German
La inteligencia artificial es el futuro versión 1384.,Spanish
C'est une belle journée numéro 1385.,French
I love learning machine learning number 1386.,English
Yeh ek sundar din hai number 1387.,Hindi
Ich programmiere gerne in Python Sitzung 1388.,German
Me encanta aprender aprendizaje automático número 1389.,Spanish
L'intelligence artificielle est l'avenir version 1390.,French
Artificial intelligence is the future version 1391.,English
Main machine learning seekh raha hoon 1392.,Hindi
Datenwissenschaft ist interessant Nummer 1393.,German
Este es un día hermoso número 1394.,Spanish
La science des données est intéressante numéro 1395.,French
Artificial intelligence is the future version 1396.,English
Data science bahut interesting hai 1397.,Hindi
Das ist ein schöner Tag Nummer 1398.,German
Este es un día hermoso número 1399.,Spanish
La science des données est intéressante numéro 1400.,French
I love learning machine learning number 1401.,English
Yeh ek sundar din hai number 1402.,Hindi
Das ist ein schöner Tag Nummer 1403.,German
Este es un día hermoso número 1404.,Spanish
C'est une belle journée numéro 1405.,French
Artificial intelligence is the future version 1406.,English
Main machine learning seekh raha hoon 1407.,Hindi
Das ist ein schöner Tag Nummer 1408.,German
La ciencia de datos es interesante número 1409.,Spanish
C'est une belle journée numéro 1410.,French
Artificial intelligence is the future version 1411.,English
Mujhe coding pasand hai number 1412.,Hindi
Künstliche Intelligenz ist die Zukunft Version 1413.,German
Me encanta aprender aprendizaje automático número 1414.,Spanish
J'aime programmer en Python session 1415.,French
This is a beautiful day number 1416.,English
Yeh ek sundar din hai number 1417.,Hindi
Künstliche Intelligenz ist die Zukunft Version 1418.,German
La ciencia de datos es interesante número 1419.,Spanish
J'aime apprendre l'apprentissage automatique numéro 1420.,French
This is a beautiful day number 1421.,English
Yeh ek sundar din hai number 1422.,Hindi
Das ist ein schöner Tag Nummer 1423.,German
Este es un día hermoso número 1424.,Spanish
L'intelligence artificielle est l'avenir version 1425.,French
This is a beautiful day number 1426.,English
Data science bahut interesting hai 1427.,Hindi
Das ist ein schöner Tag Nummer 1428.,German
La ciencia de datos es interesante número 1429.,Spanish
J'aime apprendre l'apprentissage automatique numéro 1430.,French
Artificial intelligence is the future version 1431.,English
Mujhe coding pasand hai number 1432.,Hindi
Datenwissenschaft ist interessant Nummer 1433.,German
La inteligencia artificial es el futuro versión 1434.,Spanish
La science des données est intéressante numéro 1435.,French
Data science is interesting topic number 1436.,English
Data science bahut interesting hai 1437.,Hindi
Ich liebe maschinelles Lernen Nummer 1438.,German
Disfruto programar en Python sesión 1439.,Spanish
J'aime apprendre l'apprentissage automatique numéro 1440.,French
Artificial intelligence is the future version 1441.,English
Artificial intelligence bhavishya hai 1442.,Hindi
Das ist ein schöner Tag Nummer 1443.,German
Este es un día hermoso número 1444.,Spanish
C'est une belle journée numéro 1445.,French
I enjoy coding in Python session 1446.,English
Main machine learning seekh raha hoon 1447.,Hindi
Das ist ein schöner Tag Nummer 1448.,German
Este es un día hermoso número 1449.,Spanish
La science des données est intéressante numéro 1450.,French
Artificial intelligence is the future version 1451.,English
Mujhe coding pasand hai number 1452.,Hindi
Das ist ein schöner Tag Nummer 1453.,German
Este es un día hermoso número 1454.,Spanish
C'est une belle journée numéro 1455.,French
This is a beautiful day number 1456.,English
Data science bahut interesting hai 1457.,Hindi
Datenwissenschaft ist interessant Nummer 1458.,German
Me encanta aprender aprendizaje automático número 1459.,Spanish
La science des données est intéressante numéro 1460.,French
I love learning machine learning number 1461.,English
Artificial intelligence bhavishya hai 1462.,Hindi
Ich programmiere gerne in Python Sitzung 1463.,German
Disfruto programar en Python sesión 1464.,Spanish
La science des données est intéressante numéro 1465.,French
This is a beautiful day number 1466.,English
Artificial intelligence bhavishya hai 1467.,Hindi
Ich liebe maschinelles Lernen Nummer 1468.,German
Disfruto programar en Python sesión 1469.,Spanish
C'est une belle journée numéro 1470.,French
Data science is interesting topic number 1471.,English
Data science bahut interesting hai 1472.,Hindi
Ich liebe maschinelles Lernen Nummer 1473.,German
Me encanta aprender aprendizaje automático número 1474.,Spanish
L'intelligence artificielle est l'avenir version 1475.,French
Data science is interesting topic number 1476.,English
Yeh ek sundar din hai number 1477.,Hindi
Ich liebe maschinelles Lernen Nummer 1478.,German
Disfruto programar en Python sesión 1479.,Spanish
J'aime programmer en Python session 1480.,French
Artificial intelligence is the future version 1481.,English
Artificial intelligence bhavishya hai 1482.,Hindi
Datenwissenschaft ist interessant Nummer 1483.,German
La inteligencia artificial es el futuro versión 1484.,Spanish
J'aime programmer en Python session 1485.,French
Artificial intelligence is the future version 1486.,English
Main machine learning seekh raha hoon 1487.,Hindi
Datenwissenschaft ist interessant Nummer 1488.,German
La inteligencia artificial es el futuro versión 1489.,Spanish
La science des données est intéressante numéro 1490.,French
I enjoy coding in Python session 1491.,English
Artificial intelligence bhavishya hai 1492.,Hindi
Datenwissenschaft ist interessant Nummer 1493.,German
Disfruto programar en Python sesión 1494.,Spanish
La science des données est intéressante numéro 1495.,French
I love learning machine learning number 1496.,English
Main machine learning seekh raha hoon 1497.,Hindi
Künstliche Intelligenz ist die Zukunft Version 1498.,German
La inteligencia artificial es el futuro versión 1499.,Spanish
L'intelligence artificielle est l'avenir version 1500.,French
This is a beautiful day number 1501.,English
Main machine learning seekh raha hoon 1502.,Hindi
Datenwissenschaft ist interessant Nummer 1503.,German
Me encanta aprender aprendizaje automático número 1504.,Spanish
L'intelligence artificielle est l'avenir version 1505.,French
I enjoy coding in Python session 1506.,English
Artificial intelligence bhavishya hai 1507.,Hindi
Das ist ein schöner Tag Nummer 1508.,German
Este es un día hermoso número 1509.,Spanish
L'intelligence artificielle est l'avenir version 1510.,French
Artificial intelligence is the future version 1511.,English
Data science bahut interesting hai 1512.,Hindi
Ich programmiere gerne in Python Sitzung 1513.,German
Disfruto programar en Python sesión 1514.,Spanish
J'aime programmer en Python session 1515.,French
Artificial intelligence is the future version 1516.,English
Data science bahut interesting hai 1517.,Hindi
Das ist ein schöner Tag Nummer 1518.,German
Este es un día hermoso número 1519.,Spanish
L'intelligence artificielle est l'avenir version 1520.,French
Data science is interesting topic number 1521.,English
Data science bahut interesting hai 1522.,Hindi
Künstliche Intelligenz ist die Zukunft Version 1523.,German
La ciencia de datos es interesante número 1524.,Spanish
C'est une belle journée numéro 1525.,French
I enjoy coding in Python session 1526.,English
Main machine learning seekh raha hoon 1527.,Hindi
Ich programmiere gerne in Python Sitzung 1528.,German
Este es un día hermoso número 1529.,Spanish
C'est une belle journée numéro 1530.,French
I love learning machine learning number 1531.,English
Main machine learning seekh raha hoon 1532.,Hindi
Das ist ein schöner Tag Nummer 1533.,German
Me encanta aprender aprendizaje automático número 1534.,Spanish
J'aime apprendre l'apprentissage automatique numéro 1535.,French
Artificial intelligence is the future version 1536.,English
Main machine learning seekh raha hoon 1537.,Hindi
Ich liebe maschinelles Lernen Nummer 1538.,German
La ciencia de datos es interesante número 1539.,Spanish
L'intelligence artificielle est l'avenir version 1540.,French
Data science is interesting topic number 1541.,English
Yeh ek sundar din hai number 1542.,Hindi
Ich programmiere gerne in Python Sitzung 1543.,German
La inteligencia artificial es el futuro versión 1544.,Spanish
La science des données est intéressante numéro 1545.,French
I love learning machine learning number 1546.,English
Artificial intelligence bhavishya hai 1547.,Hindi
Künstliche Intelligenz ist die Zukunft Version 1548.,German
Me encanta aprender aprendizaje automático número 1549.,Spanish
J'aime programmer en Python session 1550.,French
I enjoy coding in Python session 1551.,English
Yeh ek sundar din hai number 1552.,Hindi
Ich liebe maschinelles Lernen Nummer 1553.,German
Me encanta aprender aprendizaje automático número 1554.,Spanish
J'aime apprendre l'apprentissage automatique numéro 1555.,French
I enjoy coding in Python session 1556.,English
Main machine learning seekh raha hoon 1557.,Hindi
Künstliche Intelligenz ist die Zukunft Version 1558.,German
La inteligencia artificial es el futuro versión 1559.,Spanish
L'intelligence artificielle est l'avenir version 1560.,French
I enjoy coding in Python session 1561.,English
Main machine learning seekh raha hoon 1562.,Hindi
Datenwissenschaft ist interessant Nummer 1563.,German
Me encanta aprender aprendizaje automático número 1564.,Spanish
La science des données est intéressante numéro 1565.,French
I enjoy coding in Python session 1566.,English
Yeh ek sundar din hai number 1567.,Hindi
Künstliche Intelligenz ist die Zukunft Version 1568.,German
La ciencia de datos es interesante número 1569.,Spanish
J'aime programmer en Python session 1570.,French
Artificial intelligence is the future version 1571.,English
Mujhe coding pasand hai number 1572.,Hindi
Datenwissenschaft ist interessant Nummer 1573.,German
Este es un día hermoso número 1574.,Spanish
La science des données est intéressante numéro 1575.,French
I love learning machine learning number 1576.,English
Data science bahut interesting hai 1577.,Hindi
Datenwissenschaft ist interessant Nummer 1578.,German
Disfruto programar en Python sesión 1579.,Spanish
La science des données est intéressante numéro 1580.,French
Artificial intelligence is the future version 1581.,English
Main machine learning seekh raha hoon 1582.,Hindi
Künstliche Intelligenz ist die Zukunft Version 1583.,German
La inteligencia artificial es el futuro versión 1584.,Spanish
La science des données est intéressante numéro 1585.,French
Artificial intelligence is the future version 1586.,English
Data science bahut interesting hai 1587.,Hindi
Datenwissenschaft ist interessant Nummer 1588.,German
Me encanta aprender aprendizaje automático número 1589.,Spanish
J'aime programmer en Python session 1590.,French
I love learning machine learning number 1591.,English
Yeh ek sundar din hai number 1592.,Hindi
Ich liebe maschinelles Lernen Nummer 1593.,German
La ciencia de datos es interesante número 1594.,Spanish
J'aime programmer en Python session 1595.,French
I enjoy coding in Python session 1596.,English
Artificial intelligence bhavishya hai 1597.,Hindi
Ich liebe maschinelles Lernen Nummer 1598.,German
La inteligencia artificial es el futuro versión 1599.,Spanish
J'aime apprendre l'apprentissage automatique numéro 1600.,French
Data science is interesting topic number 1601.,English
Artificial intelligence bhavishya hai 1602.,Hindi
Künstliche Intelligenz ist die Zukunft Version 1603.,German
La inteligencia artificial es el futuro versión 1604.,Spanish
J'aime programmer en Python session 1605.,French
I enjoy coding in Python session 1606.,English
Artificial intelligence bhavishya hai 1607.,Hindi
Ich programmiere gerne in Python Sitzung 1608.,German
Me encanta aprender aprendizaje automático número 1609.,Spanish
J'aime programmer en Python session 1610.,French
Artificial intelligence is the future version 1611.,English
Main machine learning seekh raha hoon 1612.,Hindi
Ich programmiere gerne in Python Sitzung 1613.,German
Me encanta aprender aprendizaje automático número 1614.,Spanish
L'intelligence artificielle est l'avenir version 1615.,French
This is a beautiful day number 1616.,English
Artificial intelligence bhavishya hai 1617.,Hindi
Ich programmiere gerne in Python Sitzung 1618.,German
Me encanta aprender aprendizaje automático número 1619.,Spanish
J'aime programmer en Python session 1620.,French
I love learning machine learning number 1621.,English
Mujhe coding pasand hai number 1622.,Hindi
Künstliche Intelligenz ist die Zukunft Version 1623.,German
Me encanta aprender aprendizaje automático número 1624.,Spanish
J'aime apprendre l'apprentissage automatique numéro 1625.,French
Data science is interesting topic number 1626.,English
Artificial intelligence bhavishya hai 1627.,Hindi
Ich liebe maschinelles Lernen Nummer 1628.,German
Me encanta aprender aprendizaje automático número 1629.,Spanish
La science des données est intéressante numéro 1630.,French
I love learning machine learning number 1631.,English
Main machine learning seekh raha hoon 1632.,Hindi
Ich liebe maschinelles Lernen Nummer 1633.,German
La inteligencia artificial es el futuro versión 1634.,Spanish
J'aime programmer en Python session 1635.,French
This is a beautiful day number 1636.,English
Artificial intelligence bhavishya hai 1637.,Hindi
Künstliche Intelligenz ist die Zukunft Version 1638.,German
Este es un día hermoso número 1639.,Spanish
C'est une belle journée numéro 1640.,French
Artificial intelligence is the future version 1641.,English
Yeh ek sundar din hai number 1642.,Hindi
Datenwissenschaft ist interessant Nummer 1643.,German
La inteligencia artificial es el futuro versión 1644.,Spanish
J'aime programmer en Python session 1645.,French
Data science is interesting topic number 1646.,English
Main machine learning seekh raha hoon 1647.,Hindi
Ich liebe maschinelles Lernen Nummer 1648.,German
Me encanta aprender aprendizaje automático número 1649.,Spanish
C'est une belle journée numéro 1650.,French
Artificial intelligence is the future version 1651.,English
Yeh ek sundar din hai number 1652.,Hindi
Ich programmiere gerne in Python Sitzung 1653.,German
La ciencia de datos es interesante número 1654.,Spanish
L'intelligence artificielle est l'avenir version 1655.,French
This is a beautiful day number 1656.,English
Mujhe coding pasand hai number 1657.,Hindi
Ich liebe maschinelles Lernen Nummer 1658.,German
Este es un día hermoso número 1659.,Spanish
J'aime apprendre l'apprentissage automatique numéro 1660.,French
Data science is interesting topic number 1661.,English
Data science bahut interesting hai 1662.,Hindi
Das ist ein schöner Tag Nummer 1663.,German
Disfruto programar en Python sesión 1664.,Spanish
J'aime programmer en Python session 1665.,French
This is a beautiful day number 1666.,English
Mujhe coding pasand hai number 1667.,Hindi
Künstliche Intelligenz ist die Zukunft Version 1668.,German
La inteligencia artificial es el futuro versión 1669.,Spanish
L'intelligence artificielle est l'avenir version 1670.,French
I love learning machine learning number 1671.,English
Main machine learning seekh raha hoon 1672.,Hindi
Datenwissenschaft ist interessant Nummer 1673.,German
La inteligencia artificial es el futuro versión 1674.,Spanish
L'intelligence artificielle est l'avenir version 1675.,French
Artificial intelligence is the future version 1676.,English
Data science bahut interesting hai 1677.,Hindi
Das ist ein schöner Tag Nummer 1678.,German
Este es un día hermoso número 1679.,Spanish
C'est une belle journée numéro 1680.,French
This is a beautiful day number 1681.,English
Yeh ek sundar din hai number 1682.,Hindi
Künstliche Intelligenz ist die Zukunft Version 1683.,German
Disfruto programar en Python sesión 1684.,Spanish
J'aime apprendre l'apprentissage automatique numéro 1685.,French
I enjoy coding in Python session 1686.,English
Mujhe coding pasand hai number 1687.,Hindi
Ich programmiere gerne in Python Sitzung 1688.,German
Este es un día hermoso número 1689.,Spanish
J'aime programmer en Python session 1690.,French
Data science is interesting topic number 1691.,English
Data science bahut interesting hai 1692.,Hindi
Ich programmiere gerne in Python Sitzung 1693.,German
Este es un día hermoso número 1694.,Spanish
La science des données est intéressante numéro 1695.,French
I enjoy coding in Python session 1696.,English
Data science bahut interesting hai 1697.,Hindi
Das ist ein schöner Tag Nummer 1698.,German
La inteligencia artificial es el futuro versión 1699.,Spanish
C'est une belle journée numéro 1700.,French
This is a beautiful day number 1701.,English
Main machine learning seekh raha hoon 1702.,Hindi
Künstliche Intelligenz ist die Zukunft Version 1703.,German
Este es un día hermoso número 1704.,Spanish
L'intelligence artificielle est l'avenir version 1705.,French
I love learning machine learning number 1706.,English
Mujhe coding pasand hai number 1707.,Hindi
Ich liebe maschinelles Lernen Nummer 1708.,German
La ciencia de datos es interesante número 1709.,Spanish
J'aime apprendre l'apprentissage automatique numéro 1710.,French
I enjoy coding in Python session 1711.,English
Mujhe coding pasand hai number 1712.,Hindi
Das ist ein schöner Tag Nummer 1713.,German
Disfruto programar en Python sesión 1714.,Spanish
C'est une belle journée numéro 1715.,French
This is a beautiful day number 1716.,English
Artificial intelligence bhavishya hai 1717.,Hindi
Datenwissenschaft ist interessant Nummer 1718.,German
La ciencia de datos es interesante número 1719.,Spanish
J'aime programmer en Python session 1720.,French
Artificial intelligence is the future version 1721.,English
Main machine learning seekh raha hoon 1722.,Hindi
Künstliche Intelligenz ist die Zukunft Version 1723.,German
Este es un día hermoso número 1724.,Spanish
La science des données est intéressante numéro 1725.,French
I enjoy coding in Python session 1726.,English
Yeh ek sundar din hai number 1727.,Hindi
Datenwissenschaft ist interessant Nummer 1728.,German
La inteligencia artificial es el futuro versión 1729.,Spanish
C'est une belle journée numéro 1730.,French
Artificial intelligence is the future version 1731.,English
Yeh ek sundar din hai number 1732.,Hindi
Ich liebe maschinelles Lernen Nummer 1733.,German
Me encanta aprender aprendizaje automático número 1734.,Spanish
J'aime apprendre l'apprentissage automatique numéro 1735.,French
I enjoy coding in Python session 1736.,English
Mujhe coding pasand hai number 1737.,Hindi
Datenwissenschaft ist interessant Nummer 1738.,German
Disfruto programar en Python sesión 1739.,Spanish
J'aime programmer en Python session 1740.,French
Data science is interesting topic number 1741.,English
Main machine learning seekh raha hoon 1742.,Hindi
Datenwissenschaft ist interessant Nummer 1743.,German
La inteligencia artificial es el futuro versión 1744.,Spanish
L'intelligence artificielle est l'avenir version 1745.,French
Data science is interesting topic number 1746.,English
Yeh ek sundar din hai number 1747.,Hindi
Das ist ein schöner Tag Nummer 1748.,German
Este es un día hermoso número 1749.,Spanish
L'intelligence artificielle est l'avenir version 1750.,French
I enjoy coding in Python session 1751.,English
Main machine learning seekh raha hoon 1752.,Hindi
Ich programmiere gerne in Python Sitzung 1753.,German
La ciencia de datos es interesante número 1754.,Spanish
J'aime apprendre l'apprentissage automatique numéro 1755.,French
I love learning machine learning number 1756.,English
Artificial intelligence bhavishya hai 1757.,Hindi
Künstliche Intelligenz ist die Zukunft Version 1758.,German
La inteligencia artificial es el futuro versión 1759.,Spanish
L'intelligence artificielle est l'avenir version 1760.,French
Data science is interesting topic number 1761.,English
Data science bahut interesting hai 1762.,Hindi
Künstliche Intelligenz ist die Zukunft Version 1763.,German
Disfruto programar en Python sesión 1764.,Spanish
J'aime apprendre l'apprentissage automatique numéro 1765.,French
I enjoy coding in Python session 1766.,English
Yeh ek sundar din hai number 1767.,Hindi
Das ist ein schöner Tag Nummer 1768.,German
La inteligencia artificial es el futuro versión 1769.,Spanish
J'aime apprendre l'apprentissage automatique numéro 1770.,French
Data science is interesting topic number 1771.,English
Data science bahut interesting hai 1772.,Hindi
Ich programmiere gerne in Python Sitzung 1773.,German
Me encanta aprender aprendizaje automático número 1774.,Spanish
La science des données est intéressante numéro 1775.,French
I love learning machine learning number 1776.,English
Mujhe coding pasand hai number 1777.,Hindi
Ich programmiere gerne in Python Sitzung 1778.,German
Disfruto programar en Python sesión 1779.,Spanish
C'est une belle journée numéro 1780.,French
I enjoy coding in Python session 1781.,English
Data science bahut interesting hai 1782.,Hindi
Das ist ein schöner Tag Nummer 1783.,German
La inteligencia artificial es el futuro versión 1784.,Spanish
L'intelligence artificielle est l'avenir version 1785.,French
I enjoy coding in Python session 1786.,English
Artificial intelligence bhavishya hai 1787.,Hindi
Das ist ein schöner Tag Nummer 1788.,German
Este es un día hermoso número 1789.,Spanish
J'aime apprendre l'apprentissage automatique numéro 1790.,French
I love learning machine learning number 1791.,English
Mujhe coding pasand hai number 1792.,Hindi
Datenwissenschaft ist interessant Nummer 1793.,German
Disfruto programar en Python sesión 1794.,Spanish
La science des données est intéressante numéro 1795.,French
I enjoy coding in Python session 1796.,English
Data science bahut interesting hai 1797.,Hindi
Ich programmiere gerne in Python Sitzung 1798.,German
La ciencia de datos es interesante número 1799.,Spanish
J'aime apprendre l'apprentissage automatique numéro 1800.,French
I enjoy coding in Python session 1801.,English
Main machine learning seekh raha hoon 1802.,Hindi
Datenwissenschaft ist interessant Nummer 1803.,German
Este es un día hermoso número 1804.,Spanish
La science des données est intéressante numéro 1805.,French
Artificial intelligence is the future version 1806.,English
Data science bahut interesting hai 1807.,Hindi
Ich programmiere gerne in Python Sitzung 1808.,German
La ciencia de datos es interesante número 1809.,Spanish
L'intelligence artificielle est l'avenir version 1810.,French
I love learning machine learning number 1811.,English
Yeh ek sundar din hai number 1812.,Hindi
Künstliche Intelligenz ist die Zukunft Version 1813.,German
La ciencia de datos es interesante número 1814.,Spanish
J'aime apprendre l'apprentissage automatique numéro 1815.,French
I enjoy coding in Python session 1816.,English
Artificial intelligence bhavishya hai 1817.,Hindi
Das ist ein schöner Tag Nummer 1818.,German
La ciencia de datos es interesante número 1819.,Spanish
J'aime programmer en Python session 1820.,French
Artificial intelligence is the future version 1821.,English
Main machine learning seekh raha hoon 1822.,Hindi
Ich liebe maschinelles Lernen Nummer 1823.,German
Disfruto programar en Python sesión 1824.,Spanish
J'aime apprendre l'apprentissage automatique numéro 1825.,French
I enjoy coding in Python session 1826.,English
Main machine learning seekh raha hoon 1827.,Hindi
Ich programmiere gerne in Python Sitzung 1828.,German
Me encanta aprender aprendizaje automático número 1829.,Spanish
C'est une belle journée numéro 1830.,French
Data science is interesting topic number 1831.,English
Data science bahut interesting hai 1832.,Hindi
Ich programmiere gerne in Python Sitzung 1833.,German
La ciencia de datos es interesante número 1834.,Spanish
L'intelligence artificielle est l'avenir version 1835.,French
Data science is interesting topic number 1836.,English
Yeh ek sundar din hai number 1837.,Hindi
Das ist ein schöner Tag Nummer 1838.,German
La ciencia de datos es interesante número 1839.,Spanish
J'aime programmer en Python session 1840.,French
I love learning machine learning number 1841.,English
Main machine learning seekh raha hoon 1842.,Hindi
Ich liebe maschinelles Lernen Nummer 1843.,German
Este es un día hermoso número 1844.,Spanish
L'intelligence artificielle est l'avenir version 1845.,French
This is a beautiful day number 1846.,English
Yeh ek sundar din hai number 1847.,Hindi
Künstliche Intelligenz ist die Zukunft Version 1848.,German
Me encanta aprender aprendizaje automático número 1849.,Spanish
J'aime apprendre l'apprentissage automatique numéro 1850.,French
I love learning machine learning number 1851.,English
Artificial intelligence bhavishya hai 1852.,Hindi
Künstliche Intelligenz ist die Zukunft Version 1853.,German
Me encanta aprender aprendizaje automático número 1854.,Spanish
J'aime apprendre l'apprentissage automatique numéro 1855.,French
Data science is interesting topic number 1856.,English
Main machine learning seekh raha hoon 1857.,Hindi
Ich programmiere gerne in Python Sitzung 1858.,German
La inteligencia artificial es el futuro versión 1859.,Spanish
La science des données est intéressante numéro 1860.,French
Artificial intelligence is the future version 1861.,English
Main machine learning seekh raha hoon 1862.,Hindi
Das ist ein schöner Tag Nummer 1863.,German
La ciencia de datos es interesante número 1864.,Spanish
L'intelligence artificielle est l'avenir version 1865.,French
I love learning machine learning number 1866.,English
Mujhe coding pasand hai number 1867.,Hindi
Datenwissenschaft ist interessant Nummer 1868.,German
La inteligencia artificial es el futuro versión 1869.,Spanish
J'aime apprendre l'apprentissage automatique numéro 1870.,French
I enjoy coding in Python session 1871.,English
Artificial intelligence bhavishya hai 1872.,Hindi
Das ist ein schöner Tag Nummer 1873.,German
La inteligencia artificial es el futuro versión 1874.,Spanish
L'intelligence artificielle est l'avenir version 1875.,French
I enjoy coding in Python session 1876.,English
Artificial intelligence bhavishya hai 1877.,Hindi
Ich liebe maschinelles Lernen Nummer 1878.,German
Me encanta aprender aprendizaje automático número 1879.,Spanish
J'aime apprendre l'apprentissage automatique numéro 1880.,French
This is a beautiful day number 1881.,English
Yeh ek sundar din hai number 1882.,Hindi
Datenwissenschaft ist interessant Nummer 1883.,German
Me encanta aprender aprendizaje automático número 1884.,Spanish
J'aime apprendre l'apprentissage automatique numéro 1885.,French
Data science is interesting topic number 1886.,English
Mujhe coding pasand hai number 1887.,Hindi
Datenwissenschaft ist interessant Nummer 1888.,German
Disfruto programar en Python sesión 1889.,Spanish
La science des données est intéressante numéro 1890.,French
Data science is interesting topic number 1891.,English
Mujhe coding pasand hai number 1892.,Hindi
Ich programmiere gerne in Python Sitzung 1893.,German
La ciencia de datos es interesante número 1894.,Spanish
J'aime programmer en Python session 1895.,French
I enjoy coding in Python session 1896.,English
Main machine learning seekh raha hoon 1897.,Hindi
Ich programmiere gerne in Python Sitzung 1898.,German
La ciencia de datos es interesante número 1899.,Spanish
J'aime apprendre l'apprentissage automatique numéro 1900.,French
Data science is interesting topic number 1901.,English
Data science bahut interesting hai 1902.,Hindi
Ich programmiere gerne in Python Sitzung 1903.,German
La ciencia de datos es interesante número 1904.,Spanish
C'est une belle journée numéro 1905.,French
Artificial intelligence is the future version 1906.,English
Mujhe coding pasand hai number 1907.,Hindi
Das ist ein schöner Tag Nummer 1908.,German
Este es un día hermoso número 1909.,Spanish
La science des données est intéressante numéro 1910.,French
This is a beautiful day number 1911.,English
Yeh ek sundar din hai number 1912.,Hindi
Ich liebe maschinelles Lernen Nummer 1913.,German
Disfruto programar en Python sesión 1914.,Spanish
L'intelligence artificielle est l'avenir version 1915.,French
Data science is interesting topic number 1916.,English
Mujhe coding pasand hai number 1917.,Hindi
Das ist ein schöner Tag Nummer 1918.,German
La inteligencia artificial es el futuro versión 1919.,Spanish
La science des données est intéressante numéro 1920.,French
I love learning machine learning number 1921.,English
Mujhe coding pasand hai number 1922.,Hindi
Ich liebe maschinelles Lernen Nummer 1923.,German
Este es un día hermoso número 1924.,Spanish
J'aime programmer en Python session 1925.,French
I enjoy coding in Python session 1926.,English
Data science bahut interesting hai 1927.,Hindi
Ich liebe maschinelles Lernen Nummer 1928.,German
La inteligencia artificial es el futuro versión 1929.,Spanish
J'aime apprendre l'apprentissage automatique numéro 1930.,French
Data science is interesting topic number 1931.,English
Data science bahut interesting hai 1932.,Hindi
Ich programmiere gerne in Python Sitzung 1933.,German
La inteligencia artificial es el futuro versión 1934.,Spanish
J'aime programmer en Python session 1935.,French
I love learning machine learning number 1936.,English
Artificial intelligence bhavishya hai 1937.,Hindi
Datenwissenschaft ist interessant Nummer 1938.,German
Me encanta aprender aprendizaje automático número 1939.,Spanish
La science des données est intéressante numéro 1940.,French
This is a beautiful day number 1941.,English
Mujhe coding pasand hai number 1942.,Hindi
Datenwissenschaft ist interessant Nummer 1943.,German
Disfruto programar en Python sesión 1944.,Spanish
J'aime apprendre l'apprentissage automatique numéro 1945.,French
This is a beautiful day number 1946.,English
Data science bahut interesting hai 1947.,Hindi
Künstliche Intelligenz ist die Zukunft Version 1948.,German
Disfruto programar en Python sesión 1949.,Spanish
C'est une belle journée numéro 1950.,French
I enjoy coding in Python session 1951.,English
Artificial intelligence bhavishya hai 1952.,Hindi
Künstliche Intelligenz ist die Zukunft Version 1953.,German
Me encanta aprender aprendizaje automático número 1954.,Spanish
C'est une belle journée numéro 1955.,French
I enjoy coding in Python session 1956.,English
Yeh ek sundar din hai number 1957.,Hindi
Ich liebe maschinelles Lernen Nummer 1958.,German
Me encanta aprender aprendizaje automático número 1959.,Spanish
J'aime apprendre l'apprentissage automatique numéro 1960.,French
Artificial intelligence is the future version 1961.,English
Main machine learning seekh raha hoon 1962.,Hindi
Ich programmiere gerne in Python Sitzung 1963.,German
Me encanta aprender aprendizaje automático número 1964.,Spanish
La science des données est intéressante numéro 1965.,French
This is a beautiful day number 1966.,English
Main machine learning seekh raha hoon 1967.,Hindi
Datenwissenschaft ist interessant Nummer 1968.,German
Disfruto programar en Python sesión 1969.,Spanish
J'aime apprendre l'apprentissage automatique numéro 1970.,French
Artificial intelligence is the future version 1971.,English
Artificial intelligence bhavishya hai 1972.,Hindi
Ich programmiere gerne in Python Sitzung 1973.,German
Disfruto programar en Python sesión 1974.,Spanish
J'aime apprendre l'apprentissage automatique numéro 1975.,French
I love learning machine learning number 1976.,English
Artificial intelligence bhavishya hai 1977.,Hindi
Ich liebe maschinelles Lernen Nummer 1978.,German
Este es un día hermoso número 1979.,Spanish
L'intelligence artificielle est l'avenir version 1980.,French
Artificial intelligence is the future version 1981.,English
Data science bahut interesting hai 1982.,Hindi
Ich programmiere gerne in Python Sitzung 1983.,German
Disfruto programar en Python sesión 1984.,Spanish
La science des données est intéressante numéro 1985.,French
This is a beautiful day number 1986.,English
Data science bahut interesting hai 1987.,Hindi
Künstliche Intelligenz ist die Zukunft Version 1988.,German
Me encanta aprender aprendizaje automático número 1989.,Spanish
J'aime apprendre l'apprentissage automatique numéro 1990.,French
Artificial intelligence is the future version 1991.,English
Main machine learning seekh raha hoon 1992.,Hindi
Das ist ein schöner Tag Nummer 1993.,German
Me encanta aprender aprendizaje automático número 1994.,Spanish
L'intelligence artificielle est l'avenir version 1995.,French
This is a beautiful day number 1996.,English
Artificial intelligence bhavishya hai 1997.,Hindi
Künstliche Intelligenz ist die Zukunft Version 1998.,German
La ciencia de datos es interesante número 1999.,Spanish
J'aime programmer en Python session 2000.,French
Data science is interesting topic number 2001.,English
Main machine learning seekh raha hoon 2002.,Hindi
Künstliche Intelligenz ist die Zukunft Version 2003.,German
La ciencia de datos es interesante número 2004.,Spanish
La science des données est intéressante numéro 2005.,French
I love learning machine learning number 2006.,English
Data science bahut interesting hai 2007.,Hindi
Ich liebe maschinelles Lernen Nummer 2008.,German
Disfruto programar en Python sesión 2009.,Spanish
L'intelligence artificielle est l'avenir version 2010.,French
I love learning machine learning number 2011.,English
Data science bahut interesting hai 2012.,Hindi
Datenwissenschaft ist interessant Nummer 2013.,German
Disfruto programar en Python sesión 2014.,Spanish
J'aime programmer en Python session 2015.,French
This is a beautiful day number 2016.,English
Artificial intelligence bhavishya hai 2017.,Hindi
Ich programmiere gerne in Python Sitzung 2018.,German
Me encanta aprender aprendizaje automático número 2019.,Spanish
L'intelligence artificielle est l'avenir version 2020.,French
Artificial intelligence is the future version 2021.,English
Artificial intelligence bhavishya hai 2022.,Hindi
Ich liebe maschinelles Lernen Nummer 2023.,German
La inteligencia artificial es el futuro versión 2024.,Spanish
La science des données est intéressante numéro 2025.,French
This is a beautiful day number 2026.,English
Mujhe coding pasand hai number 2027.,Hindi
Das ist ein schöner Tag Nummer 2028.,German
Este es un día hermoso número 2029.,Spanish
La science des données est intéressante numéro 2030.,French
Artificial intelligence is the future version 2031.,English
Artificial intelligence bhavishya hai 2032.,Hindi
Datenwissenschaft ist interessant Nummer 2033.,German
Disfruto programar en Python sesión 2034.,Spanish
C'est une belle journée numéro 2035.,French
I enjoy coding in Python session 2036.,English
Main machine learning seekh raha hoon 2037.,Hindi
Das ist ein schöner Tag Nummer 2038.,German
La inteligencia artificial es el futuro versión 2039.,Spanish
J'aime apprendre l'apprentissage automatique numéro 2040.,French
I love learning machine learning number 2041.,English
Mujhe coding pasand hai number 2042.,Hindi
Künstliche Intelligenz ist die Zukunft Version 2043.,German
Me encanta aprender aprendizaje automático número 2044.,Spanish
L'intelligence artificielle est l'avenir version 2045.,French
Artificial intelligence is the future version 2046.,English
Yeh ek sundar din hai number 2047.,Hindi
Ich programmiere gerne in Python Sitzung 2048.,German
La ciencia de datos es interesante número 2049.,Spanish
C'est une belle journée numéro 2050.,French
I enjoy coding in Python session 2051.,English
Yeh ek sundar din hai number 2052.,Hindi
Datenwissenschaft ist interessant Nummer 2053.,German
Me encanta aprender aprendizaje automático número 2054.,Spanish
La science des données est intéressante numéro 2055.,French
This is a beautiful day number 2056.,English
Main machine learning seekh raha hoon 2057.,Hindi
Ich liebe maschinelles Lernen Nummer 2058.,German
Disfruto programar en Python sesión 2059.,Spanish
J'aime programmer en Python session 2060.,French
Data science is interesting topic number 2061.,English
Main machine learning seekh raha hoon 2062.,Hindi
Das ist ein schöner Tag Nummer 2063.,German
Me encanta aprender aprendizaje automático número 2064.,Spanish
J'aime apprendre l'apprentissage automatique numéro 2065.,French
I enjoy coding in Python session 2066.,English
Artificial intelligence bhavishya hai 2067.,Hindi
Ich programmiere gerne in Python Sitzung 2068.,German
Disfruto programar en Python sesión 2069.,Spanish
C'est une belle journée numéro 2070.,French
Artificial intelligence is the future version 2071.,English
Artificial intelligence bhavishya hai 2072.,Hindi
Ich liebe maschinelles Lernen Nummer 2073.,German
Este es un día hermoso número 2074.,Spanish
La science des données est intéressante numéro 2075.,French
Artificial intelligence is the future version 2076.,English
Main machine learning seekh raha hoon 2077.,Hindi
Datenwissenschaft ist interessant Nummer 2078.,German
Me encanta aprender aprendizaje automático número 2079.,Spanish
J'aime apprendre l'apprentissage automatique numéro 2080.,French
Data science is interesting topic number 2081.,English
Mujhe coding pasand hai number 2082.,Hindi
Datenwissenschaft ist interessant Nummer 2083.,German
Me encanta aprender aprendizaje automático número 2084.,Spanish
La science des données est intéressante numéro 2085.,French
Data science is interesting topic number 2086.,English
Yeh ek sundar din hai number 2087.,Hindi
Ich liebe maschinelles Lernen Nummer 2088.,German
La inteligencia artificial es el futuro versión 2089.,Spanish
J'aime programmer en Python session 2090.,French
I enjoy coding in Python session 2091.,English
Main machine learning seekh raha hoon 2092.,Hindi
Datenwissenschaft ist interessant Nummer 2093.,German
La inteligencia artificial es el futuro versión 2094.,Spanish
C'est une belle journée numéro 2095.,French
This is a beautiful day number 2096.,English
Mujhe coding pasand hai number 2097.,Hindi
Künstliche Intelligenz ist die Zukunft Version 2098.,German
Disfruto programar en Python sesión 2099.,Spanish
C'est une belle journée numéro 2100.,French
Data science is interesting topic number 2101.,English
Data science bahut interesting hai 2102.,Hindi
Ich programmiere gerne in Python Sitzung 2103.,German
Me encanta aprender aprendizaje automático número 2104.,Spanish
La science des données est intéressante numéro 2105.,French
I enjoy coding in Python session 2106.,English
Main machine learning seekh raha hoon 2107.,Hindi
Das ist ein schöner Tag Nummer 2108.,German
Este es un día hermoso número 2109.,Spanish
J'aime apprendre l'apprentissage automatique numéro 2110.,French
Data science is interesting topic number 2111.,English
Main machine learning seekh raha hoon 2112.,Hindi
Künstliche Intelligenz ist die Zukunft Version 2113.,German
La inteligencia artificial es el futuro versión 2114.,Spanish
J'aime apprendre l'apprentissage automatique numéro 2115.,French
This is a beautiful day number 2116.,English
Mujhe coding pasand hai number 2117.,Hindi
Ich liebe maschinelles Lernen Nummer 2118.,German
Me encanta aprender aprendizaje automático número 2119.,Spanish
L'intelligence artificielle est l'avenir version 2120.,French
I love learning machine learning number 2121.,English
Mujhe coding pasand hai number 2122.,Hindi
Ich programmiere gerne in Python Sitzung 2123.,German
La inteligencia artificial es el futuro versión 2124.,Spanish
La science des données est intéressante numéro 2125.,French
I enjoy coding in Python session 2126.,English
Mujhe coding pasand hai number 2127.,Hindi
Ich programmiere gerne in Python Sitzung 2128.,German
Me encanta aprender aprendizaje automático número 2129.,Spanish
L'intelligence artificielle est l'avenir version 2130.,French
Artificial intelligence is the future version 2131.,English
Mujhe coding pasand hai number 2132.,Hindi
Datenwissenschaft ist interessant Nummer 2133.,German
La ciencia de datos es interesante número 2134.,Spanish
La science des données est intéressante numéro 2135.,French
Data science is interesting topic number 2136.,English
Yeh ek sundar din hai number 2137.,Hindi
Datenwissenschaft ist interessant Nummer 2138.,German
La inteligencia artificial es el futuro versión 2139.,Spanish
L'intelligence artificielle est l'avenir version 2140.,French
This is a beautiful day number 2141.,English
Data science bahut interesting hai 2142.,Hindi
Das ist ein schöner Tag Nummer 2143.,German
Este es un día hermoso número 2144.,Spanish
J'aime programmer en Python session 2145.,French
I enjoy coding in Python session 2146.,English
Mujhe coding pasand hai number 2147.,Hindi
Ich liebe maschinelles Lernen Nummer 2148.,German
Este es un día hermoso número 2149.,Spanish
J'aime programmer en Python session 2150.,French
I love learning machine learning number 2151.,English
Yeh ek sundar din hai number 2152.,Hindi
Datenwissenschaft ist interessant Nummer 2153.,German
La ciencia de datos es interesante número 2154.,Spanish
J'aime programmer en Python session 2155.,French
I enjoy coding in Python session 2156.,English
Artificial intelligence bhavishya hai 2157.,Hindi
Datenwissenschaft ist interessant Nummer 2158.,German
Disfruto programar en Python sesión 2159.,Spanish
J'aime programmer en Python session 2160.,French
I love learning machine learning number 2161.,English
Mujhe coding pasand hai number 2162.,Hindi
Ich liebe maschinelles Lernen Nummer 2163.,German
La inteligencia artificial es el futuro versión 2164.,Spanish
La science des données est intéressante numéro 2165.,French
I enjoy coding in Python session 2166.,English
Data science bahut interesting hai 2167.,Hindi
Datenwissenschaft ist interessant Nummer 2168.,German
Este es un día hermoso número 2169.,Spanish
J'aime programmer en Python session 2170.,French
This is a beautiful day number 2171.,English
Main machine learning seekh raha hoon 2172.,Hindi
Das ist ein schöner Tag Nummer 2173.,German
Este es un día hermoso número 2174.,Spanish
La science des données est intéressante numéro 2175.,French
I love learning machine learning number 2176.,English
Artificial intelligence bhavishya hai 2177.,Hindi
Ich programmiere gerne in Python Sitzung 2178.,German
Me encanta aprender aprendizaje automático número 2179.,Spanish
L'intelligence artificielle est l'avenir version 2180.,French
I enjoy coding in Python session 2181.,English
Data science bahut interesting hai 2182.,Hindi
Ich programmiere gerne in Python Sitzung 2183.,German
La inteligencia artificial es el futuro versión 2184.,Spanish
J'aime programmer en Python session 2185.,French
I love learning machine learning number 2186.,English
Data science bahut interesting hai 2187.,Hindi
Künstliche Intelligenz ist die Zukunft Version 2188.,German
Disfruto programar en Python sesión 2189.,Spanish
La science des données est intéressante numéro 2190.,French
Data science is interesting topic number 2191.,English
Data science bahut interesting hai 2192.,Hindi
Ich liebe maschinelles Lernen Nummer 2193.,German
Disfruto programar en Python sesión 2194.,Spanish
J'aime programmer en Python session 2195.,French
Data science is interesting topic number 2196.,English
Main machine learning seekh raha hoon 2197.,Hindi
Datenwissenschaft ist interessant Nummer 2198.,German
La inteligencia artificial es el futuro versión 2199.,Spanish
J'aime apprendre l'apprentissage automatique numéro 2200.,French
I enjoy coding in Python session 2201.,English
Main machine learning seekh raha hoon 2202.,Hindi
Datenwissenschaft ist interessant Nummer 2203.,German
La inteligencia artificial es el futuro versión 2204.,Spanish
J'aime apprendre l'apprentissage automatique numéro 2205.,French
Artificial intelligence is the future version 2206.,English
Yeh ek sundar din hai number 2207.,Hindi
Datenwissenschaft ist interessant Nummer 2208.,German
Me encanta aprender aprendizaje automático número 2209.,Spanish
La science des données est intéressante numéro 2210.,French
I love learning machine learning number 2211.,English
Main machine learning seekh raha hoon 2212.,Hindi
Datenwissenschaft ist interessant Nummer 2213.,German
Disfruto programar en Python sesión 2214.,Spanish
La science des données est intéressante numéro 2215.,French
I enjoy coding in Python session 2216.,English
Artificial intelligence bhavishya hai 2217.,Hindi
Ich liebe maschinelles Lernen Nummer 2218.,German
Este es un día hermoso número 2219.,Spanish
J'aime programmer en Python session 2220.,French
I love learning machine learning number 2221.,English
Artificial intelligence bhavishya hai 2222.,Hindi
Künstliche Intelligenz ist die Zukunft Version 2223.,German
Este es un día hermoso número 2224.,Spanish
La science des données est intéressante numéro 2225.,French
Artificial intelligence is the future version 2226.,English
Main machine learning seekh raha hoon 2227.,Hindi
Ich liebe maschinelles Lernen Nummer 2228.,German
Disfruto programar en Python sesión 2229.,Spanish
La science des données est intéressante numéro 2230.,French
I love learning machine learning number 2231.,English
Main machine learning seekh raha hoon 2232.,Hindi
Künstliche Intelligenz ist die Zukunft Version 2233.,German
Este es un día hermoso número 2234.,Spanish
J'aime programmer en Python session 2235.,French
I enjoy coding in Python session 2236.,English
Data science bahut interesting hai 2237.,Hindi
Künstliche Intelligenz ist die Zukunft Version 2238.,German
Disfruto programar en Python sesión 2239.,Spanish
L'intelligence artificielle est l'avenir version 2240.,French
Artificial intelligence is the future version 2241.,English
Main machine learning seekh raha hoon 2242.,Hindi
Ich programmiere gerne in Python Sitzung 2243.,German
Disfruto programar en Python sesión 2244.,Spanish
L'intelligence artificielle est l'avenir version 2245.,French
I love learning machine learning number 2246.,English
Data science bahut interesting hai 2247.,Hindi
Das ist ein schöner Tag Nummer 2248.,German
La inteligencia artificial es el futuro versión 2249.,Spanish
C'est une belle journée numéro 2250.,French
Artificial intelligence is the future version 2251.,English
Data science bahut interesting hai 2252.,Hindi
Ich liebe maschinelles Lernen Nummer 2253.,German
La ciencia de datos es interesante número 2254.,Spanish
La science des données est intéressante numéro 2255.,French
Artificial intelligence is the future version 2256.,English
Artificial intelligence bhavishya hai 2257.,Hindi
Künstliche Intelligenz ist die Zukunft Version 2258.,German
La inteligencia artificial es el futuro versión 2259.,Spanish
C'est une belle journée numéro 2260.,French
Artificial intelligence is the future version 2261.,English
Data science bahut interesting hai 2262.,Hindi
Das ist ein schöner Tag Nummer 2263.,German
La ciencia de datos es interesante número 2264.,Spanish
C'est une belle journée numéro 2265.,French
Artificial intelligence is the future version 2266.,English
Main machine learning seekh raha hoon 2267.,Hindi
Ich liebe maschinelles Lernen Nummer 2268.,German
La ciencia de datos es interesante número 2269.,Spanish
La science des données est intéressante numéro 2270.,French
Data science is interesting topic number 2271.,English
Artificial intelligence bhavishya hai 2272.,Hindi
Künstliche Intelligenz ist die Zukunft Version 2273.,German
La inteligencia artificial es el futuro versión 2274.,Spanish
L'intelligence artificielle est l'avenir version 2275.,French
Data science is interesting topic number 2276.,English
Data science bahut interesting hai 2277.,Hindi
Das ist ein schöner Tag Nummer 2278.,German
La inteligencia artificial es el futuro versión 2279.,Spanish
L'intelligence artificielle est l'avenir version 2280.,French
This is a beautiful day number 2281.,English
Artificial intelligence bhavishya hai 2282.,Hindi
Das ist ein schöner Tag Nummer 2283.,German
Me encanta aprender aprendizaje automático número 2284.,Spanish
La science des données est intéressante numéro 2285.,French
Data science is interesting topic number 2286.,English
Artificial intelligence bhavishya hai 2287.,Hindi
Ich programmiere gerne in Python Sitzung 2288.,German
Me encanta aprender aprendizaje automático número 2289.,Spanish
L'intelligence artificielle est l'avenir version 2290.,French
I love learning machine learning number 2291.,English
Mujhe coding pasand hai number 2292.,Hindi
Ich programmiere gerne in Python Sitzung 2293.,German
Este es un día hermoso número 2294.,Spanish
J'aime apprendre l'apprentissage automatique numéro 2295.,French
Data science is interesting topic number 2296.,English
Artificial intelligence bhavishya hai 2297.,Hindi
Das ist ein schöner Tag Nummer 2298.,German
Este es un día hermoso número 2299.,Spanish
L'intelligence artificielle est l'avenir version 2300.,French
Data science is interesting topic number 2301.,English
Main machine learning seekh raha hoon 2302.,Hindi
Ich programmiere gerne in Python Sitzung 2303.,German
Me encanta aprender aprendizaje automático número 2304.,Spanish
C'est une belle journée numéro 2305.,French
Artificial intelligence is the future version 2306.,English
Main machine learning seekh raha hoon 2307.,Hindi
Ich programmiere gerne in Python Sitzung 2308.,German
Este es un día hermoso número 2309.,Spanish
L'intelligence artificielle est l'avenir version 2310.,French
Data science is interesting topic number 2311.,English
Artificial intelligence bhavishya hai 2312.,Hindi
Das ist ein schöner Tag Nummer 2313.,German
La ciencia de datos es interesante número 2314.,Spanish
L'intelligence artificielle est l'avenir version 2315.,French
I enjoy coding in Python session 2316.,English
Mujhe coding pasand hai number 2317.,Hindi
Datenwissenschaft ist interessant Nummer 2318.,German
La inteligencia artificial es el futuro versión 2319.,Spanish
C'est une belle journée numéro 2320.,French
This is a beautiful day number 2321.,English
Artificial intelligence bhavishya hai 2322.,Hindi
Das ist ein schöner Tag Nummer 2323.,German
La inteligencia artificial es el futuro versión 2324.,Spanish
J'aime apprendre l'apprentissage automatique numéro 2325.,French
Artificial intelligence is the future version 2326.,English
Artificial intelligence bhavishya hai 2327.,Hindi
Ich liebe maschinelles Lernen Nummer 2328.,German
Disfruto programar en Python sesión 2329.,Spanish
C'est une belle journée numéro 2330.,French
I enjoy coding in Python session 2331.,English
Main machine learning seekh raha hoon 2332.,Hindi
Ich liebe maschinelles Lernen Nummer 2333.,German
Disfruto programar en Python sesión 2334.,Spanish
La science des données est intéressante numéro 2335.,French
I enjoy coding in Python session 2336.,English
Mujhe coding pasand hai number 2337.,Hindi
Künstliche Intelligenz ist die Zukunft Version 2338.,German
Me encanta aprender aprendizaje automático número 2339.,Spanish
J'aime apprendre l'apprentissage automatique numéro 2340.,French
I enjoy coding in Python session 2341.,English
Mujhe coding pasand hai number 2342.,Hindi
Ich liebe maschinelles Lernen Nummer 2343.,German
La ciencia de datos es interesante número 2344.,Spanish
C'est une belle journée numéro 2345.,French
This is a beautiful day number 2346.,English
Main machine learning seekh raha hoon 2347.,Hindi
Das ist ein schöner Tag Nummer 2348.,German
La ciencia de datos es interesante número 2349.,Spanish
J'aime programmer en Python session 2350.,French
Artificial intelligence is the future version 2351.,English
Data science bahut interesting hai 2352.,Hindi
Ich programmiere gerne in Python Sitzung 2353.,German
Este es un día hermoso número 2354.,Spanish
La science des données est intéressante numéro 2355.,French
I enjoy coding in Python session 2356.,English
Data science bahut interesting hai 2357.,Hindi
Ich liebe maschinelles Lernen Nummer 2358.,German
La inteligencia artificial es el futuro versión 2359.,Spanish
J'aime programmer en Python session 2360.,French
I enjoy coding in Python session 2361.,English
Artificial intelligence bhavishya hai 2362.,Hindi
Künstliche Intelligenz ist die Zukunft Version 2363.,German
Me encanta aprender aprendizaje automático número 2364.,Spanish
C'est une belle journée numéro 2365.,French
I enjoy coding in Python session 2366.,English
Artificial intelligence bhavishya hai 2367.,Hindi
Künstliche Intelligenz ist die Zukunft Version 2368.,German
La ciencia de datos es interesante número 2369.,Spanish
J'aime apprendre l'apprentissage automatique numéro 2370.,French
I enjoy coding in Python session 2371.,English
Data science bahut interesting hai 2372.,Hindi
Ich programmiere gerne in Python Sitzung 2373.,German
Disfruto programar en Python sesión 2374.,Spanish
La science des données est intéressante numéro 2375.,French
Artificial intelligence is the future version 2376.,English
Yeh ek sundar din hai number 2377.,Hindi
Ich liebe maschinelles Lernen Nummer 2378.,German
Disfruto programar en Python sesión 2379.,Spanish
J'aime apprendre l'apprentissage automatique numéro 2380.,French
Data science is interesting topic number 2381.,English
Artificial intelligence bhavishya hai 2382.,Hindi
Ich liebe maschinelles Lernen Nummer 2383.,German
La inteligencia artificial es el futuro versión 2384.,Spanish
L'intelligence artificielle est l'avenir version 2385.,French
This is a beautiful day number 2386.,English
Yeh ek sundar din hai number 2387.,Hindi
Künstliche Intelligenz ist die Zukunft Version 2388.,German
La inteligencia artificial es el futuro versión 2389.,Spanish
L'intelligence artificielle est l'avenir version 2390.,French
I enjoy coding in Python session 2391.,English
Mujhe coding pasand hai number 2392.,Hindi
Datenwissenschaft ist interessant Nummer 2393.,German
La ciencia de datos es interesante número 2394.,Spanish
La science des données est intéressante numéro 2395.,French
This is a beautiful day number 2396.,English
Artificial intelligence bhavishya hai 2397.,Hindi
Ich liebe maschinelles Lernen Nummer 2398.,German
Me encanta aprender aprendizaje automático número 2399.,Spanish
C'est une belle journée numéro 2400.,French
Data science is interesting topic number 2401.,English
Mujhe coding pasand hai number 2402.,Hindi
Datenwissenschaft ist interessant Nummer 2403.,German
Disfruto programar en Python sesión 2404.,Spanish
L'intelligence artificielle est l'avenir version 2405.,French
Artificial intelligence is the future version 2406.,English
Yeh ek sundar din hai number 2407.,Hindi
Ich programmiere gerne in Python Sitzung 2408.,German
Este es un día hermoso número 2409.,Spanish
La science des données est intéressante numéro 2410.,French
I love learning machine learning number 2411.,English
Main machine learning seekh raha hoon 2412.,Hindi
Ich programmiere gerne in Python Sitzung 2413.,German
La ciencia de datos es interesante número 2414.,Spanish
J'aime apprendre l'apprentissage automatique numéro 2415.,French
I enjoy coding in Python session 2416.,English
Yeh ek sundar din hai number 2417.,Hindi
Datenwissenschaft ist interessant Nummer 2418.,German
La ciencia de datos es interesante número 2419.,Spanish
J'aime apprendre l'apprentissage automatique numéro 2420.,French
Data science is interesting topic number 2421.,English
Data science bahut interesting hai 2422.,Hindi
Ich programmiere gerne in Python Sitzung 2423.,German
La inteligencia artificial es el futuro versión 2424.,Spanish
L'intelligence artificielle est l'avenir version 2425.,French
I love learning machine learning number 2426.,English
Mujhe coding pasand hai number 2427.,Hindi
Künstliche Intelligenz ist die Zukunft Version 2428.,German
La ciencia de datos es interesante número 2429.,Spanish
J'aime programmer en Python session 2430.,French
This is a beautiful day number 2431.,English
Yeh ek sundar din hai number 2432.,Hindi
Ich liebe maschinelles Lernen Nummer 2433.,German
La inteligencia artificial es el futuro versión 2434.,Spanish
J'aime programmer en Python session 2435.,French
Artificial intelligence is the future version 2436.,English
Main machine learning seekh raha hoon 2437.,Hindi
Ich liebe maschinelles Lernen Nummer 2438.,German
Disfruto programar en Python sesión 2439.,Spanish
C'est une belle journée numéro 2440.,French
I love learning machine learning number 2441.,English
Data science bahut interesting hai 2442.,Hindi
Das ist ein schöner Tag Nummer 2443.,German
Este es un día hermoso número 2444.,Spanish
La science des données est intéressante numéro 2445.,French
Artificial intelligence is the future version 2446.,English
Artificial intelligence bhavishya hai 2447.,Hindi
Das ist ein schöner Tag Nummer 2448.,German
Disfruto programar en Python sesión 2449.,Spanish
La science des données est intéressante numéro 2450.,French
I enjoy coding in Python session 2451.,English
Data science bahut interesting hai 2452.,Hindi
Künstliche Intelligenz ist die Zukunft Version 2453.,German
Este es un día hermoso número 2454.,Spanish
L'intelligence artificielle est l'avenir version 2455.,French
I love learning machine learning number 2456.,English
Mujhe coding pasand hai number 2457.,Hindi
Künstliche Intelligenz ist die Zukunft Version 2458.,German
Me encanta aprender aprendizaje automático número 2459.,Spanish
La science des données est intéressante numéro 2460.,French
I love learning machine learning number 2461.,English
Mujhe coding pasand hai number 2462.,Hindi
Datenwissenschaft ist interessant Nummer 2463.,German
La ciencia de datos es interesante número 2464.,Spanish
J'aime programmer en Python session 2465.,French
This is a beautiful day number 2466.,English
Data science bahut interesting hai 2467.,Hindi
Künstliche Intelligenz ist die Zukunft Version 2468.,German
Este es un día hermoso número 2469.,Spanish
La science des données est intéressante numéro 2470.,French
I love learning machine learning number 2471.,English
Data science bahut interesting hai 2472.,Hindi
Das ist ein schöner Tag Nummer 2473.,German
La inteligencia artificial es el futuro versión 2474.,Spanish
J'aime programmer en Python session 2475.,French
I enjoy coding in Python session 2476.,English
Main machine learning seekh raha hoon 2477.,Hindi
Das ist ein schöner Tag Nummer 2478.,German
Este es un día hermoso número 2479.,Spanish
C'est une belle journée numéro 2480.,French
This is a beautiful day number 2481.,English
Main machine learning seekh raha hoon 2482.,Hindi
Ich programmiere gerne in Python Sitzung 2483.,German
La ciencia de datos es interesante número 2484.,Spanish
La science des données est intéressante numéro 2485.,French
This is a beautiful day number 2486.,English
Yeh ek sundar din hai number 2487.,Hindi
Künstliche Intelligenz ist die Zukunft Version 2488.,German
Este es un día hermoso número 2489.,Spanish
J'aime programmer en Python session 2490.,French
Artificial intelligence is the future version 2491.,English
Artificial intelligence bhavishya hai 2492.,Hindi
Ich liebe maschinelles Lernen Nummer 2493.,German
La ciencia de datos es interesante número 2494.,Spanish
J'aime programmer en Python session 2495.,French
I love learning machine learning number 2496.,English
Yeh ek sundar din hai number 2497.,Hindi
Datenwissenschaft ist interessant Nummer 2498.,German
La inteligencia artificial es el futuro versión 2499.,Spanish
L'intelligence artificielle est l'avenir version 2500.,French
I enjoy coding in Python session 2501.,English
Yeh ek sundar din hai number 2502.,Hindi
Ich liebe maschinelles Lernen Nummer 2503.,German
Me encanta aprender aprendizaje automático número 2504.,Spanish
J'aime apprendre l'apprentissage automatique numéro 2505.,French
Data science is interesting topic number 2506.,English
Artificial intelligence bhavishya hai 2507.,Hindi
Künstliche Intelligenz ist die Zukunft Version 2508.,German
La ciencia de datos es interesante número 2509.,Spanish
L'intelligence artificielle est l'avenir version 2510.,French
Artificial intelligence is the future version 2511.,English
Mujhe coding pasand hai number 2512.,Hindi
Das ist ein schöner Tag Nummer 2513.,German
Disfruto programar en Python sesión 2514.,Spanish
La science des données est intéressante numéro 2515.,French
I enjoy coding in Python session 2516.,English
Data science bahut interesting hai 2517.,Hindi
Künstliche Intelligenz ist die Zukunft Version 2518.,German
Disfruto programar en Python sesión 2519.,Spanish
L'intelligence artificielle est l'avenir version 2520.,French
Data science is interesting topic number 2521.,English
Data science bahut interesting hai 2522.,Hindi
Datenwissenschaft ist interessant Nummer 2523.,German
La ciencia de datos es interesante número 2524.,Spanish
C'est une belle journée numéro 2525.,French
This is a beautiful day number 2526.,English
Artificial intelligence bhavishya hai 2527.,Hindi
Künstliche Intelligenz ist die Zukunft Version 2528.,German
La ciencia de datos es interesante número 2529.,Spanish
J'aime programmer en Python session 2530.,French
I love learning machine learning number 2531.,English
Main machine learning seekh raha hoon 2532.,Hindi
Das ist ein schöner Tag Nummer 2533.,German
Este es un día hermoso número 2534.,Spanish
L'intelligence artificielle est l'avenir version 2535.,French
I enjoy coding in Python session 2536.,English
Yeh ek sundar din hai number 2537.,Hindi
Ich programmiere gerne in Python Sitzung 2538.,German
Este es un día hermoso número 2539.,Spanish
La science des données est intéressante numéro 2540.,French
I love learning machine learning number 2541.,English
Main machine learning seekh raha hoon 2542.,Hindi
Das ist ein schöner Tag Nummer 2543.,German
Este es un día hermoso número 2544.,Spanish
La science des données est intéressante numéro 2545.,French
I enjoy coding in Python session 2546.,English
Main machine learning seekh raha hoon 2547.,Hindi
Datenwissenschaft ist interessant Nummer 2548.,German
Este es un día hermoso número 2549.,Spanish
J'aime programmer en Python session 2550.,French
I enjoy coding in Python session 2551.,English
Artificial intelligence bhavishya hai 2552.,Hindi
Künstliche Intelligenz ist die Zukunft Version 2553.,German
La ciencia de datos es interesante número 2554.,Spanish
J'aime programmer en Python session 2555.,French
Data science is interesting topic number 2556.,English
Yeh ek sundar din hai number 2557.,Hindi
Datenwissenschaft ist interessant Nummer 2558.,German
La inteligencia artificial es el futuro versión 2559.,Spanish
L'intelligence artificielle est l'avenir version 2560.,French
This is a beautiful day number 2561.,English
Artificial intelligence bhavishya hai 2562.,Hindi
Datenwissenschaft ist interessant Nummer 2563.,German
La inteligencia artificial es el futuro versión 2564.,Spanish
C'est une belle journée numéro 2565.,French
I enjoy coding in Python session 2566.,English
Yeh ek sundar din hai number 2567.,Hindi
Künstliche Intelligenz ist die Zukunft Version 2568.,German
Este es un día hermoso número 2569.,Spanish
J'aime programmer en Python session 2570.,French
I love learning machine learning number 2571.,English
Data science bahut interesting hai 2572.,Hindi
Ich programmiere gerne in Python Sitzung 2573.,German
Disfruto programar en Python sesión 2574.,Spanish
La science des données est intéressante numéro 2575.,French
I love learning machine learning number 2576.,English
Data science bahut interesting hai 2577.,Hindi
Ich liebe maschinelles Lernen Nummer 2578.,German
La ciencia de datos es interesante número 2579.,Spanish
C'est une belle journée numéro 2580.,French
I love learning machine learning number 2581.,English
Main machine learning seekh raha hoon 2582.,Hindi
Datenwissenschaft ist interessant Nummer 2583.,German
Disfruto programar en Python sesión 2584.,Spanish
La science des données est intéressante numéro 2585.,French
I love learning machine learning number 2586.,English
Mujhe coding pasand hai number 2587.,Hindi
Künstliche Intelligenz ist die Zukunft Version 2588.,German
Me encanta aprender aprendizaje automático número 2589.,Spanish
La science des données est intéressante numéro 2590.,French
Artificial intelligence is the future version 2591.,English
Data science bahut interesting hai 2592.,Hindi
Ich liebe maschinelles Lernen Nummer 2593.,German
Me encanta aprender aprendizaje automático número 2594.,Spanish
La science des données est intéressante numéro 2595.,French
This is a beautiful day number 2596.,English
Yeh ek sundar din hai number 2597.,Hindi
Ich programmiere gerne in Python Sitzung 2598.,German
Disfruto programar en Python sesión 2599.,Spanish
L'intelligence artificielle est l'avenir version 2600.,French
Data science is interesting topic number 2601.,English
Main machine learning seekh raha hoon 2602.,Hindi
Datenwissenschaft ist interessant Nummer 2603.,German
La inteligencia artificial es el futuro versión 2604.,Spanish
C'est une belle journée numéro 2605.,French
Artificial intelligence is the future version 2606.,English
Yeh ek sundar din hai number 2607.,Hindi
Das ist ein schöner Tag Nummer 2608.,German
Disfruto programar en Python sesión 2609.,Spanish
J'aime apprendre l'apprentissage automatique numéro 2610.,French
I enjoy coding in Python session 2611.,English
Data science bahut interesting hai 2612.,Hindi
Das ist ein schöner Tag Nummer 2613.,German
La ciencia de datos es interesante número 2614.,Spanish
C'est une belle journée numéro 2615.,French
I enjoy coding in Python session 2616.,English
Yeh ek sundar din hai number 2617.,Hindi
Ich programmiere gerne in Python Sitzung 2618.,German
La inteligencia artificial es el futuro versión 2619.,Spanish
J'aime apprendre l'apprentissage automatique numéro 2620.,French
I enjoy coding in Python session 2621.,English
Data science bahut interesting hai 2622.,Hindi
Ich liebe maschinelles Lernen Nummer 2623.,German
La ciencia de datos es interesante número 2624.,Spanish
La science des données est intéressante numéro 2625.,French
Artificial intelligence is the future version 2626.,English
Main machine learning seekh raha hoon 2627.,Hindi
Ich liebe maschinelles Lernen Nummer 2628.,German
Disfruto programar en Python sesión 2629.,Spanish
J'aime apprendre l'apprentissage automatique numéro 2630.,French
Artificial intelligence is the future version 2631.,English
Yeh ek sundar din hai number 2632.,Hindi
Datenwissenschaft ist interessant Nummer 2633.,German
La ciencia de datos es interesante número 2634.,Spanish
L'intelligence artificielle est l'avenir version 2635.,French
Data science is interesting topic number 2636.,English
Yeh ek sundar din hai number 2637.,Hindi
Ich programmiere gerne in Python Sitzung 2638.,German
Me encanta aprender aprendizaje automático número 2639.,Spanish
L'intelligence artificielle est l'avenir version 2640.,French
I love learning machine learning number 2641.,English
Main machine learning seekh raha hoon 2642.,Hindi
Ich programmiere gerne in Python Sitzung 2643.,German
La ciencia de datos es interesante número 2644.,Spanish
L'intelligence artificielle est l'avenir version 2645.,French
I enjoy coding in Python session 2646.,English
Main machine learning seekh raha hoon 2647.,Hindi
Datenwissenschaft ist interessant Nummer 2648.,German
La ciencia de datos es interesante número 2649.,Spanish
La science des données est intéressante numéro 2650.,French
I enjoy coding in Python session 2651.,English
Data science bahut interesting hai 2652.,Hindi
Datenwissenschaft ist interessant Nummer 2653.,German
Me encanta aprender aprendizaje automático número 2654.,Spanish
C'est une belle journée numéro 2655.,French
I enjoy coding in Python session 2656.,English
Data science bahut interesting hai 2657.,Hindi
Datenwissenschaft ist interessant Nummer 2658.,German
Disfruto programar en Python sesión 2659.,Spanish
J'aime programmer en Python session 2660.,French
Artificial intelligence is the future version 2661.,English
Data science bahut interesting hai 2662.,Hindi
Datenwissenschaft ist interessant Nummer 2663.,German
Me encanta aprender aprendizaje automático número 2664.,Spanish
L'intelligence artificielle est l'avenir version 2665.,French
I enjoy coding in Python session 2666.,English
Yeh ek sundar din hai number 2667.,Hindi
Das ist ein schöner Tag Nummer 2668.,German
Me encanta aprender aprendizaje automático número 2669.,Spanish
L'intelligence artificielle est l'avenir version 2670.,French
Artificial intelligence is the future version 2671.,English
Mujhe coding pasand hai number 2672.,Hindi
Das ist ein schöner Tag Nummer 2673.,German
Este es un día hermoso número 2674.,Spanish
J'aime programmer en Python session 2675.,French
This is a beautiful day number 2676.,English
Main machine learning seekh raha hoon 2677.,Hindi
Ich liebe maschinelles Lernen Nummer 2678.,German
Disfruto programar en Python sesión 2679.,Spanish
La science des données est intéressante numéro 2680.,French
I love learning machine learning number 2681.,English
Data science bahut interesting hai 2682.,Hindi
Ich liebe maschinelles Lernen Nummer 2683.,German
Disfruto programar en Python sesión 2684.,Spanish
J'aime programmer en Python session 2685.,French
Artificial intelligence is the future version 2686.,English
Artificial intelligence bhavishya hai 2687.,Hindi
Das ist ein schöner Tag Nummer 2688.,German
Me encanta aprender aprendizaje automático número 2689.,Spanish
J'aime apprendre l'apprentissage automatique numéro 2690.,French
I enjoy coding in Python session 2691.,English
Data science bahut interesting hai 2692.,Hindi
Datenwissenschaft ist interessant Nummer 2693.,German
Disfruto programar en Python sesión 2694.,Spanish
J'aime programmer en Python session 2695.,French
I love learning machine learning number 2696.,English
Artificial intelligence bhavishya hai 2697.,Hindi
Ich liebe maschinelles Lernen Nummer 2698.,German
Me encanta aprender aprendizaje automático número 2699.,Spanish
J'aime apprendre l'apprentissage automatique numéro 2700.,French
Data science is interesting topic number 2701.,English
Data science bahut interesting hai 2702.,Hindi
Das ist ein schöner Tag Nummer 2703.,German
Disfruto programar en Python sesión 2704.,Spanish
J'aime programmer en Python session 2705.,French
I love learning machine learning number 2706.,English
Yeh ek sundar din hai number 2707.,Hindi
Das ist ein schöner Tag Nummer 2708.,German
Disfruto programar en Python sesión 2709.,Spanish
C'est une belle journée numéro 2710.,French
I love learning machine learning number 2711.,English
Mujhe coding pasand hai number 2712.,Hindi
Datenwissenschaft ist interessant Nummer 2713.,German
La ciencia de datos es interesante número 2714.,Spanish
La science des données est intéressante numéro 2715.,French
This is a beautiful day number 2716.,English
Main machine learning seekh raha hoon 2717.,Hindi
Künstliche Intelligenz ist die Zukunft Version 2718.,German
La inteligencia artificial es el futuro versión 2719.,Spanish
J'aime programmer en Python session 2720.,French
I love learning machine learning number 2721.,English
Artificial intelligence bhavishya hai 2722.,Hindi
Datenwissenschaft ist interessant Nummer 2723.,German
Me encanta aprender aprendizaje automático número 2724.,Spanish
La science des données est intéressante numéro 2725.,French
I love learning machine learning number 2726.,English
Data science bahut interesting hai 2727.,Hindi
Ich programmiere gerne in Python Sitzung 2728.,German
La inteligencia artificial es el futuro versión 2729.,Spanish
J'aime programmer en Python session 2730.,French
I enjoy coding in Python session 2731.,English
Main machine learning seekh raha hoon 2732.,Hindi
Künstliche Intelligenz ist die Zukunft Version 2733.,German
Disfruto programar en Python sesión 2734.,Spanish
J'aime apprendre l'apprentissage automatique numéro 2735.,French
This is a beautiful day number 2736.,English
Mujhe coding pasand hai number 2737.,Hindi
Ich liebe maschinelles Lernen Nummer 2738.,German
La ciencia de datos es interesante número 2739.,Spanish
J'aime programmer en Python session 2740.,French
I love learning machine learning number 2741.,English
Data science bahut interesting hai 2742.,Hindi
Künstliche Intelligenz ist die Zukunft Version 2743.,German
La inteligencia artificial es el futuro versión 2744.,Spanish
L'intelligence artificielle est l'avenir version 2745.,French
Artificial intelligence is the future version 2746.,English
Yeh ek sundar din hai number 2747.,Hindi
Ich liebe maschinelles Lernen Nummer 2748.,German
Este es un día hermoso número 2749.,Spanish
J'aime apprendre l'apprentissage automatique numéro 2750.,French
Data science is interesting topic number 2751.,English
Yeh ek sundar din hai number 2752.,Hindi
Künstliche Intelligenz ist die Zukunft Version 2753.,German
La inteligencia artificial es el futuro versión 2754.,Spanish
L'intelligence artificielle est l'avenir version 2755.,French
This is a beautiful day number 2756.,English
Artificial intelligence bhavishya hai 2757.,Hindi
Künstliche Intelligenz ist die Zukunft Version 2758.,German
Este es un día hermoso número 2759.,Spanish
C'est une belle journée numéro 2760.,French
I enjoy coding in Python session 2761.,English
Data science bahut interesting hai 2762.,Hindi
Künstliche Intelligenz ist die Zukunft Version 2763.,German
La inteligencia artificial es el futuro versión 2764.,Spanish
J'aime apprendre l'apprentissage automatique numéro 2765.,French
I love learning machine learning number 2766.,English
Yeh ek sundar din hai number 2767.,Hindi
Datenwissenschaft ist interessant Nummer 2768.,German
La inteligencia artificial es el futuro versión 2769.,Spanish
C'est une belle journée numéro 2770.,French
This is a beautiful day number 2771.,English
Artificial intelligence bhavishya hai 2772.,Hindi
Datenwissenschaft ist interessant Nummer 2773.,German
La inteligencia artificial es el futuro versión 2774.,Spanish
J'aime programmer en Python session 2775.,French
I love learning machine learning number 2776.,English
Mujhe coding pasand hai number 2777.,Hindi
Ich liebe maschinelles Lernen Nummer 2778.,German
La ciencia de datos es interesante número 2779.,Spanish
J'aime apprendre l'apprentissage automatique numéro 2780.,French
Artificial intelligence is the future version 2781.,English
Main machine learning seekh raha hoon 2782.,Hindi
Das ist ein schöner Tag Nummer 2783.,German
Disfruto programar en Python sesión 2784.,Spanish
L'intelligence artificielle est l'avenir version 2785.,French
I enjoy coding in Python session 2786.,English
Mujhe coding pasand hai number 2787.,Hindi
Datenwissenschaft ist interessant Nummer 2788.,German
La ciencia de datos es interesante número 2789.,Spanish
L'intelligence artificielle est l'avenir version 2790.,French
Artificial intelligence is the future version 2791.,English
Artificial intelligence bhavishya hai 2792.,Hindi
Datenwissenschaft ist interessant Nummer 2793.,German
La ciencia de datos es interesante número 2794.,Spanish
C'est une belle journée numéro 2795.,French
This is a beautiful day number 2796.,English
Main machine learning seekh raha hoon 2797.,Hindi
Ich programmiere gerne in Python Sitzung 2798.,German
La ciencia de datos es interesante número 2799.,Spanish
J'aime apprendre l'apprentissage automatique numéro 2800.,French
Artificial intelligence is the future version 2801.,English
Artificial intelligence bhavishya hai 2802.,Hindi
Ich programmiere gerne in Python Sitzung 2803.,German
Este es un día hermoso número 2804.,Spanish
C'est une belle journée numéro 2805.,French
I love learning machine learning number 2806.,English
Yeh ek sundar din hai number 2807.,Hindi
Ich liebe maschinelles Lernen Nummer 2808.,German
La ciencia de datos es interesante número 2809.,Spanish
J'aime apprendre l'apprentissage automatique numéro 2810.,French
Data science is interesting topic number 2811.,English
Main machine learning seekh raha hoon 2812.,Hindi
Datenwissenschaft ist interessant Nummer 2813.,German
Este es un día hermoso número 2814.,Spanish
La science des données est intéressante numéro 2815.,French
This is a beautiful day number 2816.,English
Main machine learning seekh raha hoon 2817.,Hindi
Das ist ein schöner Tag Nummer 2818.,German
Disfruto programar en Python sesión 2819.,Spanish
La science des données est intéressante numéro 2820.,French
Data science is interesting topic number 2821.,English
Artificial intelligence bhavishya hai 2822.,Hindi
Das ist ein schöner Tag Nummer 2823.,German
La ciencia de datos es interesante número 2824.,Spanish
C'est une belle journée numéro 2825.,French
Artificial intelligence is the future version 2826.,English
Mujhe coding pasand hai number 2827.,Hindi
Datenwissenschaft ist interessant Nummer 2828.,German
La inteligencia artificial es el futuro versión 2829.,Spanish
La science des données est intéressante numéro 2830.,French
I enjoy coding in Python session 2831.,English
Main machine learning seekh raha hoon 2832.,Hindi
Ich liebe maschinelles Lernen Nummer 2833.,German
Me encanta aprender aprendizaje automático número 2834.,Spanish
C'est une belle journée numéro 2835.,French
Artificial intelligence is the future version 2836.,English
Data science bahut interesting hai 2837.,Hindi
Ich liebe maschinelles Lernen Nummer 2838.,German
La ciencia de datos es interesante número 2839.,Spanish
C'est une belle journée numéro 2840.,French
I enjoy coding in Python session 2841.,English
Main machine learning seekh raha hoon 2842.,Hindi
Datenwissenschaft ist interessant Nummer 2843.,German
La ciencia de datos es interesante número 2844.,Spanish
J'aime programmer en Python session 2845.,French
Artificial intelligence is the future version 2846.,English
Data science bahut interesting hai 2847.,Hindi
Das ist ein schöner Tag Nummer 2848.,German
La inteligencia artificial es el futuro versión 2849.,Spanish
L'intelligence artificielle est l'avenir version 2850.,French
I love learning machine learning number 2851.,English
Data science bahut interesting hai 2852.,Hindi
Das ist ein schöner Tag Nummer 2853.,German
Este es un día hermoso número 2854.,Spanish
J'aime programmer en Python session 2855.,French
Artificial intelligence is the future version 2856.,English
Data science bahut interesting hai 2857.,Hindi
Datenwissenschaft ist interessant Nummer 2858.,German
Disfruto programar en Python sesión 2859.,Spanish
J'aime programmer en Python session 2860.,French
I love learning machine learning number 2861.,English
Yeh ek sundar din hai number 2862.,Hindi
Ich liebe maschinelles Lernen Nummer 2863.,German
Me encanta aprender aprendizaje automático número 2864.,Spanish
La science des données est intéressante numéro 2865.,French
This is a beautiful day number 2866.,English
Data science bahut interesting hai 2867.,Hindi
Datenwissenschaft ist interessant Nummer 2868.,German
La ciencia de datos es interesante número 2869.,Spanish
L'intelligence artificielle est l'avenir version 2870.,French
Artificial intelligence is the future version 2871.,English
Artificial intelligence bhavishya hai 2872.,Hindi
Das ist ein schöner Tag Nummer 2873.,German
Me encanta aprender aprendizaje automático número 2874.,Spanish
L'intelligence artificielle est l'avenir version 2875.,French
Artificial intelligence is the future version 2876.,English
Data science bahut interesting hai 2877.,Hindi
Ich liebe maschinelles Lernen Nummer 2878.,German
La ciencia de datos es interesante número 2879.,Spanish
La science des données est intéressante numéro 2880.,French
This is a beautiful day number 2881.,English
Main machine learning seekh raha hoon 2882.,Hindi
Ich programmiere gerne in Python Sitzung 2883.,German
Me encanta aprender aprendizaje automático número 2884.,Spanish
L'intelligence artificielle est l'avenir version 2885.,French
This is a beautiful day number 2886.,English
Mujhe coding pasand hai number 2887.,Hindi
Ich programmiere gerne in Python Sitzung 2888.,German
La inteligencia artificial es el futuro versión 2889.,Spanish
C'est une belle journée numéro 2890.,French
Data science is interesting topic number 2891.,English
Data science bahut interesting hai 2892.,Hindi
Das ist ein schöner Tag Nummer 2893.,German
Este es un día hermoso número 2894.,Spanish
La science des données est intéressante numéro 2895.,French
I love learning machine learning number 2896.,English
Yeh ek sundar din hai number 2897.,Hindi
Künstliche Intelligenz ist die Zukunft Version 2898.,German
La inteligencia artificial es el futuro versión 2899.,Spanish
J'aime programmer en Python session 2900.,French
I enjoy coding in Python session 2901.,English
Yeh ek sundar din hai number 2902.,Hindi
Ich liebe maschinelles Lernen Nummer 2903.,German
Me encanta aprender aprendizaje automático número 2904.,Spanish
J'aime programmer en Python session 2905.,French
I enjoy coding in Python session 2906.,English
Main machine learning seekh raha hoon 2907.,Hindi
Datenwissenschaft ist interessant Nummer 2908.,German
Disfruto programar en Python sesión 2909.,Spanish
J'aime apprendre l'apprentissage automatique numéro 2910.,French
This is a beautiful day number 2911.,English
Data science bahut interesting hai 2912.,Hindi
Das ist ein schöner Tag Nummer 2913.,German
Me encanta aprender aprendizaje automático número 2914.,Spanish
L'intelligence artificielle est l'avenir version 2915.,French
Data science is interesting topic number 2916.,English
Mujhe coding pasand hai number 2917.,Hindi
Künstliche Intelligenz ist die Zukunft Version 2918.,German
La ciencia de datos es interesante número 2919.,Spanish
J'aime apprendre l'apprentissage automatique numéro 2920.,French
Artificial intelligence is the future version 2921.,English
Mujhe coding pasand hai number 2922.,Hindi
Datenwissenschaft ist interessant Nummer 2923.,German
Me encanta aprender aprendizaje automático número 2924.,Spanish
C'est une belle journée numéro 2925.,French
I enjoy coding in Python session 2926.,English
Mujhe coding pasand hai number 2927.,Hindi
Künstliche Intelligenz ist die Zukunft Version 2928.,German
Me encanta aprender aprendizaje automático número 2929.,Spanish
L'intelligence artificielle est l'avenir version 2930.,French
I enjoy coding in Python session 2931.,English
Mujhe coding pasand hai number 2932.,Hindi
Datenwissenschaft ist interessant Nummer 2933.,German
Disfruto programar en Python sesión 2934.,Spanish
J'aime apprendre l'apprentissage automatique numéro 2935.,French
Artificial intelligence is the future version 2936.,English
Data science bahut interesting hai 2937.,Hindi
Künstliche Intelligenz ist die Zukunft Version 2938.,German
La ciencia de datos es interesante número 2939.,Spanish
L'intelligence artificielle est l'avenir version 2940.,French
I love learning machine learning number 2941.,English
Artificial intelligence bhavishya hai 2942.,Hindi
Datenwissenschaft ist interessant Nummer 2943.,German
Me encanta aprender aprendizaje automático número 2944.,Spanish
L'intelligence artificielle est l'avenir version 2945.,French
I love learning machine learning number 2946.,English
Mujhe coding pasand hai number 2947.,Hindi
Das ist ein schöner Tag Nummer 2948.,German
Este es un día hermoso número 2949.,Spanish
La science des données est intéressante numéro 2950.,French
I love learning machine learning number 2951.,English
Artificial intelligence bhavishya hai 2952.,Hindi
Ich programmiere gerne in Python Sitzung 2953.,German
Este es un día hermoso número 2954.,Spanish
J'aime programmer en Python session 2955.,French
I enjoy coding in Python session 2956.,English
Mujhe coding pasand hai number 2957.,Hindi
Datenwissenschaft ist interessant Nummer 2958.,German
La ciencia de datos es interesante número 2959.,Spanish
L'intelligence artificielle est l'avenir version 2960.,French
This is a beautiful day number 2961.,English
Artificial intelligence bhavishya hai 2962.,Hindi
Ich programmiere gerne in Python Sitzung 2963.,German
La inteligencia artificial es el futuro versión 2964.,Spanish
L'intelligence artificielle est l'avenir version 2965.,French
This is a beautiful day number 2966.,English
Artificial intelligence bhavishya hai 2967.,Hindi
Datenwissenschaft ist interessant Nummer 2968.,German
La ciencia de datos es interesante número 2969.,Spanish
C'est une belle journée numéro 2970.,French
I enjoy coding in Python session 2971.,English
Yeh ek sundar din hai number 2972.,Hindi
Ich programmiere gerne in Python Sitzung 2973.,German
Este es un día hermoso número 2974.,Spanish
J'aime apprendre l'apprentissage automatique numéro 2975.,French
This is a beautiful day number 2976.,English
Artificial intelligence bhavishya hai 2977.,Hindi
Das ist ein schöner Tag Nummer 2978.,German
Me encanta aprender aprendizaje automático número 2979.,Spanish
J'aime apprendre l'apprentissage automatique numéro 2980.,French
This is a beautiful day number 2981.,English
Mujhe coding pasand hai number 2982.,Hindi
Datenwissenschaft ist interessant Nummer 2983.,German
La ciencia de datos es interesante número 2984.,Spanish
J'aime apprendre l'apprentissage automatique numéro 2985.,French
I enjoy coding in Python session 2986.,English
Mujhe coding pasand hai number 2987.,Hindi
Ich programmiere gerne in Python Sitzung 2988.,German
Este es un día hermoso número 2989.,Spanish
J'aime apprendre l'apprentissage automatique numéro 2990.,French
Data science is interesting topic number 2991.,English
Yeh ek sundar din hai number 2992.,Hindi
Ich liebe maschinelles Lernen Nummer 2993.,German
Disfruto programar en Python sesión 2994.,Spanish
L'intelligence artificielle est l'avenir version 2995.,French
I enjoy coding in Python session 2996.,English
Data science bahut interesting hai 2997.,Hindi
Künstliche Intelligenz ist die Zukunft Version 2998.,German
La ciencia de datos es interesante número 2999.,Spanish
La science des données est intéressante numéro 3000.,French
I enjoy coding in Python session 3001.,English
Mujhe coding pasand hai number 3002.,Hindi
Das ist ein schöner Tag Nummer 3003.,German
La inteligencia artificial es el futuro versión 3004.,Spanish
La science des données est intéressante numéro 3005.,French
Data science is interesting topic number 3006.,English
Mujhe coding pasand hai number 3007.,Hindi
Das ist ein schöner Tag Nummer 3008.,German
Disfruto programar en Python sesión 3009.,Spanish
La science des données est intéressante numéro 3010.,French
Data science is interesting topic number 3011.,English
Main machine learning seekh raha hoon 3012.,Hindi
Das ist ein schöner Tag Nummer 3013.,German
Me encanta aprender aprendizaje automático número 3014.,Spanish
La science des données est intéressante numéro 3015.,French
Data science is interesting topic number 3016.,English
Main machine learning seekh raha hoon 3017.,Hindi
Das ist ein schöner Tag Nummer 3018.,German
Disfruto programar en Python sesión 3019.,Spanish
C'est une belle journée numéro 3020.,French
Data science is interesting topic number 3021.,English
Mujhe coding pasand hai number 3022.,Hindi
Datenwissenschaft ist interessant Nummer 3023.,German
Este es un día hermoso número 3024.,Spanish
J'aime apprendre l'apprentissage automatique numéro 3025.,French
This is a beautiful day number 3026.,English
Mujhe coding pasand hai number 3027.,Hindi
Das ist ein schöner Tag Nummer 3028.,German
La ciencia de datos es interesante número 3029.,Spanish
La science des données est intéressante numéro 3030.,French
I love learning machine learning number 3031.,English
Data science bahut interesting hai 3032.,Hindi
Ich liebe maschinelles Lernen Nummer 3033.,German
Este es un día hermoso número 3034.,Spanish
C'est une belle journée numéro 3035.,French
I enjoy coding in Python session 3036.,English
Data science bahut interesting hai 3037.,Hindi
Das ist ein schöner Tag Nummer 3038.,German
Este es un día hermoso número 3039.,Spanish
J'aime programmer en Python session 3040.,French
Artificial intelligence is the future version 3041.,English
Artificial intelligence bhavishya hai 3042.,Hindi
Ich programmiere gerne in Python Sitzung 3043.,German
Me encanta aprender aprendizaje automático número 3044.,Spanish
La science des données est intéressante numéro 3045.,French
I love learning machine learning number 3046.,English
Mujhe coding pasand hai number 3047.,Hindi
Das ist ein schöner Tag Nummer 3048.,German
Este es un día hermoso número 3049.,Spanish
C'est une belle journée numéro 3050.,French
Data science is interesting topic number 3051.,English
Mujhe coding pasand hai number 3052.,Hindi
Datenwissenschaft ist interessant Nummer 3053.,German
Me encanta aprender aprendizaje automático número 3054.,Spanish
J'aime apprendre l'apprentissage automatique numéro 3055.,French
I love learning machine learning number 3056.,English
Yeh ek sundar din hai number 3057.,Hindi
Ich liebe maschinelles Lernen Nummer 3058.,German
La ciencia de datos es interesante número 3059.,Spanish
C'est une belle journée numéro 3060.,French
Data science is interesting topic number 3061.,English
Data science bahut interesting hai 3062.,Hindi
Das ist ein schöner Tag Nummer 3063.,German
La inteligencia artificial es el futuro versión 3064.,Spanish
C'est une belle journée numéro 3065.,French
I enjoy coding in Python session 3066.,English
Yeh ek sundar din hai number 3067.,Hindi
Ich liebe maschinelles Lernen Nummer 3068.,German
Este es un día hermoso número 3069.,Spanish
C'est une belle journée numéro 3070.,French
Data science is interesting topic number 3071.,English
Data science bahut interesting hai 3072.,Hindi
Datenwissenschaft ist interessant Nummer 3073.,German
La inteligencia artificial es el futuro versión 3074.,Spanish
L'intelligence artificielle est l'avenir version 3075.,French
I enjoy coding in Python session 3076.,English
Main machine learning seekh raha hoon 3077.,Hindi
Ich programmiere gerne in Python Sitzung 3078.,German
Disfruto programar en Python sesión 3079.,Spanish
L'intelligence artificielle est l'avenir version 3080.,French
Data science is interesting topic number 3081.,English
Main machine learning seekh raha hoon 3082.,Hindi
Datenwissenschaft ist interessant Nummer 3083.,German
Me encanta aprender aprendizaje automático número 3084.,Spanish
J'aime programmer en Python session 3085.,French
I enjoy coding in Python session 3086.,English
Main machine learning seekh raha hoon 3087.,Hindi
Künstliche Intelligenz ist die Zukunft Version 3088.,German
Este es un día hermoso número 3089.,Spanish
J'aime programmer en Python session 3090.,French
Artificial intelligence is the future version 3091.,English
Data science bahut interesting hai 3092.,Hindi
Künstliche Intelligenz ist die Zukunft Version 3093.,German
Disfruto programar en Python sesión 3094.,Spanish
J'aime programmer en Python session 3095.,French
Artificial intelligence is the future version 3096.,English
Artificial intelligence bhavishya hai 3097.,Hindi
Das ist ein schöner Tag Nummer 3098.,German
Este es un día hermoso número 3099.,Spanish
J'aime programmer en Python session 3100.,French
Data science is interesting topic number 3101.,English
Mujhe coding pasand hai number 3102.,Hindi
Das ist ein schöner Tag Nummer 3103.,German
La ciencia de datos es interesante número 3104.,Spanish
J'aime apprendre l'apprentissage automatique numéro 3105.,French
This is a beautiful day number 3106.,English
Main machine learning seekh raha hoon 3107.,Hindi
Ich liebe maschinelles Lernen Nummer 3108.,German
Disfruto programar en Python sesión 3109.,Spanish
J'aime apprendre l'apprentissage automatique numéro 3110.,French
Artificial intelligence is the future version 3111.,English
Main machine learning seekh raha hoon 3112.,Hindi
Künstliche Intelligenz ist die Zukunft Version 3113.,German
Me encanta aprender aprendizaje automático número 3114.,Spanish
La science des données est intéressante numéro 3115.,French
This is a beautiful day number 3116.,English
Main machine learning seekh raha hoon 3117.,Hindi
Datenwissenschaft ist interessant Nummer 3118.,German
La inteligencia artificial es el futuro versión 3119.,Spanish
La science des données est intéressante numéro 3120.,French
Data science is interesting topic number 3121.,English
Main machine learning seekh raha hoon 3122.,Hindi
Ich liebe maschinelles Lernen Nummer 3123.,German
La ciencia de datos es interesante número 3124.,Spanish
J'aime apprendre l'apprentissage automatique numéro 3125.,French
This is a beautiful day number 3126.,English
Artificial intelligence bhavishya hai 3127.,Hindi
Künstliche Intelligenz ist die Zukunft Version 3128.,German
La ciencia de datos es interesante número 3129.,Spanish
La science des données est intéressante numéro 3130.,French
This is a beautiful day number 3131.,English
Main machine learning seekh raha hoon 3132.,Hindi
Ich programmiere gerne in Python Sitzung 3133.,German
Disfruto programar en Python sesión 3134.,Spanish
C'est une belle journée numéro 3135.,French
I enjoy coding in Python session 3136.,English
Yeh ek sundar din hai number 3137.,Hindi
Ich liebe maschinelles Lernen Nummer 3138.,German
Este es un día hermoso número 3139.,Spanish
J'aime apprendre l'apprentissage automatique numéro 3140.,French
I enjoy coding in Python session 3141.,English
Artificial intelligence bhavishya hai 3142.,Hindi
Ich liebe maschinelles Lernen Nummer 3143.,German
Disfruto programar en Python sesión 3144.,Spanish
J'aime programmer en Python session 3145.,French
This is a beautiful day number 3146.,English
Main machine learning seekh raha hoon 3147.,Hindi
Das ist ein schöner Tag Nummer 3148.,German
La ciencia de datos es interesante número 3149.,Spanish
C'est une belle journée numéro 3150.,French
Artificial intelligence is the future version 3151.,English
Main machine learning seekh raha hoon 3152.,Hindi
Künstliche Intelligenz ist die Zukunft Version 3153.,German
La inteligencia artificial es el futuro versión 3154.,Spanish
J'aime apprendre l'apprentissage automatique numéro 3155.,French
Data science is interesting topic number 3156.,English
Yeh ek sundar din hai number 3157.,Hindi
Ich liebe maschinelles Lernen Nummer 3158.,German
Disfruto programar en Python sesión 3159.,Spanish
J'aime programmer en Python session 3160.,French
Data science is interesting topic number 3161.,English
Main machine learning seekh raha hoon 3162.,Hindi
Das ist ein schöner Tag Nummer 3163.,German
La ciencia de datos es interesante número 3164.,Spanish
C'est une belle journée numéro 3165.,French
I love learning machine learning number 3166.,English
Mujhe coding pasand hai number 3167.,Hindi
Datenwissenschaft ist interessant Nummer 3168.,German
La inteligencia artificial es el futuro versión 3169.,Spanish
J'aime apprendre l'apprentissage automatique numéro 3170.,French
I enjoy coding in Python session 3171.,English
Mujhe coding pasand hai number 3172.,Hindi
Das ist ein schöner Tag Nummer 3173.,German
Este es un día hermoso número 3174.,Spanish
J'aime programmer en Python session 3175.,French
I enjoy coding in Python session 3176.,English
Artificial intelligence bhavishya hai 3177.,Hindi
Das ist ein schöner Tag Nummer 3178.,German
Me encanta aprender aprendizaje automático número 3179.,Spanish
C'est une belle journée numéro 3180.,French
Data science is interesting topic number 3181.,English
Mujhe coding pasand hai number 3182.,Hindi
Ich liebe maschinelles Lernen Nummer 3183.,German
Disfruto programar en Python sesión 3184.,Spanish
J'aime programmer en Python session 3185.,French
I enjoy coding in Python session 3186.,English
Mujhe coding pasand hai number 3187.,Hindi
Künstliche Intelligenz ist die Zukunft Version 3188.,German
Disfruto programar en Python sesión 3189.,Spanish
C'est une belle journée numéro 3190.,French
This is a beautiful day number 3191.,English
Main machine learning seekh raha hoon 3192.,Hindi
Ich programmiere gerne in Python Sitzung 3193.,German
Disfruto programar en Python sesión 3194.,Spanish
J'aime programmer en Python session 3195.,French
Artificial intelligence is the future version 3196.,English
Data science bahut interesting hai 3197.,Hindi
Ich programmiere gerne in Python Sitzung 3198.,German
La ciencia de datos es interesante número 3199.,Spanish
J'aime apprendre l'apprentissage automatique numéro 3200.,French
I love learning machine learning number 3201.,English
Artificial intelligence bhavishya hai 3202.,Hindi
Künstliche Intelligenz ist die Zukunft Version 3203.,German
La ciencia de datos es interesante número 3204.,Spanish
J'aime programmer en Python session 3205.,French
I enjoy coding in Python session 3206.,English
Mujhe coding pasand hai number 3207.,Hindi
Ich programmiere gerne in Python Sitzung 3208.,German
Disfruto programar en Python sesión 3209.,Spanish
J'aime programmer en Python session 3210.,French
I enjoy coding in Python session 3211.,English
Data science bahut interesting hai 3212.,Hindi
Das ist ein schöner Tag Nummer 3213.,German
La inteligencia artificial es el futuro versión 3214.,Spanish
La science des données est intéressante numéro 3215.,French
I love learning machine learning number 3216.,English
Main machine learning seekh raha hoon 3217.,Hindi
Ich liebe maschinelles Lernen Nummer 3218.,German
La inteligencia artificial es el futuro versión 3219.,Spanish
C'est une belle journée numéro 3220.,French
Artificial intelligence is the future version 3221.,English
Mujhe coding pasand hai number 3222.,Hindi
Künstliche Intelligenz ist die Zukunft Version 3223.,German
Disfruto programar en Python sesión 3224.,Spanish
C'est une belle journée numéro 3225.,French
Artificial intelligence is the future version 3226.,English
Artificial intelligence bhavishya hai 3227.,Hindi
Das ist ein schöner Tag Nummer 3228.,German
Este es un día hermoso número 3229.,Spanish
La science des données est intéressante numéro 3230.,French
Artificial intelligence is the future version 3231.,English
Mujhe coding pasand hai number 3232.,Hindi
Das ist ein schöner Tag Nummer 3233.,German
Este es un día hermoso número 3234.,Spanish
C'est une belle journée numéro 3235.,French
Data science is interesting topic number 3236.,English
Data science bahut interesting hai 3237.,Hindi
Datenwissenschaft ist interessant Nummer 3238.,German
Me encanta aprender aprendizaje automático número 3239.,Spanish
J'aime programmer en Python session 3240.,French
I enjoy coding in Python session 3241.,English
Mujhe coding pasand hai number 3242.,Hindi
Das ist ein schöner Tag Nummer 3243.,German
Disfruto programar en Python sesión 3244.,Spanish
C'est une belle journée numéro 3245.,French
Artificial intelligence is the future version 3246.,English
Artificial intelligence bhavishya hai 3247.,Hindi
Ich liebe maschinelles Lernen Nummer 3248.,German
La ciencia de datos es interesante número 3249.,Spanish
La science des données est intéressante numéro 3250.,French
I love learning machine learning number 3251.,English
Yeh ek sundar din hai number 3252.,Hindi
Das ist ein schöner Tag Nummer 3253.,German
Este es un día hermoso número 3254.,Spanish
J'aime programmer en Python session 3255.,French
Artificial intelligence is the future version 3256.,English
Main machine learning seekh raha hoon 3257.,Hindi
Künstliche Intelligenz ist die Zukunft Version 3258.,German
La ciencia de datos es interesante número 3259.,Spanish
L'intelligence artificielle est l'avenir version 3260.,French
This is a beautiful day number 3261.,English
Mujhe coding pasand hai number 3262.,Hindi
Ich programmiere gerne in Python Sitzung 3263.,German
La ciencia de datos es interesante número 3264.,Spanish
C'est une belle journée numéro 3265.,French
I enjoy coding in Python session 3266.,English
Main machine learning seekh raha hoon 3267.,Hindi
Datenwissenschaft ist interessant Nummer 3268.,German
La ciencia de datos es interesante número 3269.,Spanish
J'aime programmer en Python session 3270.,French
This is a beautiful day number 3271.,English
Yeh ek sundar din hai number 3272.,Hindi
Ich programmiere gerne in Python Sitzung 3273.,German
La inteligencia artificial es el futuro versión 3274.,Spanish
La science des données est intéressante numéro 3275.,French
Artificial intelligence is the future version 3276.,English
Data science bahut interesting hai 3277.,Hindi
Das ist ein schöner Tag Nummer 3278.,German
Disfruto programar en Python sesión 3279.,Spanish
J'aime programmer en Python session 3280.,French
Artificial intelligence is the future version 3281.,English
Main machine learning seekh raha hoon 3282.,Hindi
Ich liebe maschinelles Lernen Nummer 3283.,German
Disfruto programar en Python sesión 3284.,Spanish
C'est une belle journée numéro 3285.,French
Data science is interesting topic number 3286.,English
Artificial intelligence bhavishya hai 3287.,Hindi
Ich programmiere gerne in Python Sitzung 3288.,German
La ciencia de datos es interesante número 3289.,Spanish
J'aime programmer en Python session 3290.,French
I love learning machine learning number 3291.,English
Artificial intelligence bhavishya hai 3292.,Hindi
Das ist ein schöner Tag Nummer 3293.,German
Me encanta aprender aprendizaje automático número 3294.,Spanish
J'aime apprendre l'apprentissage automatique numéro 3295.,French
This is a beautiful day number 3296.,English
Main machine learning seekh raha hoon 3297.,Hindi
Das ist ein schöner Tag Nummer 3298.,German
Este es un día hermoso número 3299.,Spanish
J'aime apprendre l'apprentissage automatique numéro 3300.,French
I enjoy coding in Python session 3301.,English
Yeh ek sundar din hai number 3302.,Hindi
Datenwissenschaft ist interessant Nummer 3303.,German
Este es un día hermoso número 3304.,Spanish
La science des données est intéressante numéro 3305.,French
This is a beautiful day number 3306.,English
Main machine learning seekh raha hoon 3307.,Hindi
Das ist ein schöner Tag Nummer 3308.,German
Este es un día hermoso número 3309.,Spanish
L'intelligence artificielle est l'avenir version 3310.,French
Artificial intelligence is the future version 3311.,English
Data science bahut interesting hai 3312.,Hindi
Das ist ein schöner Tag Nummer 3313.,German
Este es un día hermoso número 3314.,Spanish
L'intelligence artificielle est l'avenir version 3315.,French
I enjoy coding in Python session 3316.,English
Main machine learning seekh raha hoon 3317.,Hindi
Ich programmiere gerne in Python Sitzung 3318.,German
Disfruto programar en Python sesión 3319.,Spanish
J'aime apprendre l'apprentissage automatique numéro 3320.,French
This is a beautiful day number 3321.,English
Main machine learning seekh raha hoon 3322.,Hindi
Datenwissenschaft ist interessant Nummer 3323.,German
Disfruto programar en Python sesión 3324.,Spanish
J'aime apprendre l'apprentissage automatique numéro 3325.,French
This is a beautiful day number 3326.,English
Mujhe coding pasand hai number 3327.,Hindi
Künstliche Intelligenz ist die Zukunft Version 3328.,German
Disfruto programar en Python sesión 3329.,Spanish
La science des données est intéressante numéro 3330.,French
I love learning machine learning number 3331.,English
Artificial intelligence bhavishya hai 3332.,Hindi
Ich programmiere gerne in Python Sitzung 3333.,German
Disfruto programar en Python sesión 3334.,Spanish
La science des données est intéressante numéro 3335.,French
I love learning machine learning number 3336.,English
Data science bahut interesting hai 3337.,Hindi
Künstliche Intelligenz ist die Zukunft Version 3338.,German
La inteligencia artificial es el futuro versión 3339.,Spanish
J'aime programmer en Python session 3340.,French
Data science is interesting topic number 3341.,English
Artificial intelligence bhavishya hai 3342.,Hindi
Künstliche Intelligenz ist die Zukunft Version 3343.,German
Me encanta aprender aprendizaje automático número 3344.,Spanish
L'intelligence artificielle est l'avenir version 3345.,French
I enjoy coding in Python session 3346.,English
Data science bahut interesting hai 3347.,Hindi
Ich programmiere gerne in Python Sitzung 3348.,German
Me encanta aprender aprendizaje automático número 3349.,Spanish
J'aime apprendre l'apprentissage automatique numéro 3350.,French
I love learning machine learning number 3351.,English
Mujhe coding pasand hai number 3352.,Hindi
Ich programmiere gerne in Python Sitzung 3353.,German
Disfruto programar en Python sesión 3354.,Spanish
L'intelligence artificielle est l'avenir version 3355.,French
Artificial intelligence is the future version 3356.,English
Yeh ek sundar din hai number 3357.,Hindi
Ich liebe maschinelles Lernen Nummer 3358.,German
La inteligencia artificial es el futuro versión 3359.,Spanish
La science des données est intéressante numéro 3360.,French
I enjoy coding in Python session 3361.,English
Data science bahut interesting hai 3362.,Hindi
Künstliche Intelligenz ist die Zukunft Version 3363.,German
Este es un día hermoso número 3364.,Spanish
La science des données est intéressante numéro 3365.,French
I enjoy coding in Python session 3366.,English
Main machine learning seekh raha hoon 3367.,Hindi
Ich programmiere gerne in Python Sitzung 3368.,German
La ciencia de datos es interesante número 3369.,Spanish
J'aime apprendre l'apprentissage automatique numéro 3370.,French
This is a beautiful day number 3371.,English
Main machine learning seekh raha hoon 3372.,Hindi
Datenwissenschaft ist interessant Nummer 3373.,German
Disfruto programar en Python sesión 3374.,Spanish
C'est une belle journée numéro 3375.,French
Artificial intelligence is the future version 3376.,English
Main machine learning seekh raha hoon 3377.,Hindi
Ich liebe maschinelles Lernen Nummer 3378.,German
Este es un día hermoso número 3379.,Spanish
J'aime apprendre l'apprentissage automatique numéro 3380.,French
Data science is interesting topic number 3381.,English
Yeh ek sundar din hai number 3382.,Hindi
Datenwissenschaft ist interessant Nummer 3383.,German
Este es un día hermoso número 3384.,Spanish
J'aime apprendre l'apprentissage automatique numéro 3385.,French
Data science is interesting topic number 3386.,English
Artificial intelligence bhavishya hai 3387.,Hindi
Das ist ein schöner Tag Nummer 3388.,German
La inteligencia artificial es el futuro versión 3389.,Spanish
La science des données est intéressante numéro 3390.,French
I love learning machine learning number 3391.,English
Mujhe coding pasand hai number 3392.,Hindi
Das ist ein schöner Tag Nummer 3393.,German
La inteligencia artificial es el futuro versión 3394.,Spanish
La science des données est intéressante numéro 3395.,French
This is a beautiful day number 3396.,English
Mujhe coding pasand hai number 3397.,Hindi
Datenwissenschaft ist interessant Nummer 3398.,German
Este es un día hermoso número 3399.,Spanish
La science des données est intéressante numéro 3400.,French
I love learning machine learning number 3401.,English
Yeh ek sundar din hai number 3402.,Hindi
Ich liebe maschinelles Lernen Nummer 3403.,German
Me encanta aprender aprendizaje automático número 3404.,Spanish
La science des données est intéressante numéro 3405.,French
Artificial intelligence is the future version 3406.,English
Data science bahut interesting hai 3407.,Hindi
Ich programmiere gerne in Python Sitzung 3408.,German
La ciencia de datos es interesante número 3409.,Spanish
C'est une belle journée numéro 3410.,French
Data science is interesting topic number 3411.,English
Main machine learning seekh raha hoon 3412.,Hindi
Das ist ein schöner Tag Nummer 3413.,German
Este es un día hermoso número 3414.,Spanish
La science des données est intéressante numéro 3415.,French
I love learning machine learning number 3416.,English
Data science bahut interesting hai 3417.,Hindi
Künstliche Intelligenz ist die Zukunft Version 3418.,German
Disfruto programar en Python sesión 3419.,Spanish
J'aime apprendre l'apprentissage automatique numéro 3420.,French
Data science is interesting topic number 3421.,English
Data science bahut interesting hai 3422.,Hindi
Ich programmiere gerne in Python Sitzung 3423.,German
La inteligencia artificial es el futuro versión 3424.,Spanish
C'est une belle journée numéro 3425.,French
This is a beautiful day number 3426.,English
Yeh ek sundar din hai number 3427.,Hindi
Ich liebe maschinelles Lernen Nummer 3428.,German
La inteligencia artificial es el futuro versión 3429.,Spanish
La science des données est intéressante numéro 3430.,French
This is a beautiful day number 3431.,English
Mujhe coding pasand hai number 3432.,Hindi
Das ist ein schöner Tag Nummer 3433.,German
Este es un día hermoso número 3434.,Spanish
La science des données est intéressante numéro 3435.,French
Data science is interesting topic number 3436.,English
Data science bahut interesting hai 3437.,Hindi
Das ist ein schöner Tag Nummer 3438.,German
Me encanta aprender aprendizaje automático número 3439.,Spanish
L'intelligence artificielle est l'avenir version 3440.,French
I love learning machine learning number 3441.,English
Artificial intelligence bhavishya hai 3442.,Hindi
Das ist ein schöner Tag Nummer 3443.,German
La inteligencia artificial es el futuro versión 3444.,Spanish
J'aime programmer en Python session 3445.,French
I love learning machine learning number 3446.,English
Data science bahut interesting hai 3447.,Hindi
Ich programmiere gerne in Python Sitzung 3448.,German
Este es un día hermoso número 3449.,Spanish
L'intelligence artificielle est l'avenir version 3450.,French
This is a beautiful day number 3451.,English
Mujhe coding pasand hai number 3452.,Hindi
Künstliche Intelligenz ist die Zukunft Version 3453.,German
La inteligencia artificial es el futuro versión 3454.,Spanish
J'aime apprendre l'apprentissage automatique numéro 3455.,French
This is a beautiful day number 3456.,English
Yeh ek sundar din hai number 3457.,Hindi
Datenwissenschaft ist interessant Nummer 3458.,German
La ciencia de datos es interesante número 3459.,Spanish
J'aime apprendre l'apprentissage automatique numéro 3460.,French
I love learning machine learning number 3461.,English
Yeh ek sundar din hai number 3462.,Hindi
Ich programmiere gerne in Python Sitzung 3463.,German
Este es un día hermoso número 3464.,Spanish
C'est une belle journée numéro 3465.,French
This is a beautiful day number 3466.,English
Data science bahut interesting hai 3467.,Hindi
Ich programmiere gerne in Python Sitzung 3468.,German
Disfruto programar en Python sesión 3469.,Spanish
J'aime programmer en Python session 3470.,French
This is a beautiful day number 3471.,English
Data science bahut interesting hai 3472.,Hindi
Datenwissenschaft ist interessant Nummer 3473.,German
La ciencia de datos es interesante número 3474.,Spanish
C'est une belle journée numéro 3475.,French
This is a beautiful day number 3476.,English
Data science bahut interesting hai 3477.,Hindi
Das ist ein schöner Tag Nummer 3478.,German
Disfruto programar en Python sesión 3479.,Spanish
J'aime apprendre l'apprentissage automatique numéro 3480.,French
This is a beautiful day number 3481.,English
Mujhe coding pasand hai number 3482.,Hindi
Datenwissenschaft ist interessant Nummer 3483.,German
Me encanta aprender aprendizaje automático número 3484.,Spanish
L'intelligence artificielle est l'avenir version 3485.,French
I love learning machine learning number 3486.,English
Mujhe coding pasand hai number 3487.,Hindi
Ich programmiere gerne in Python Sitzung 3488.,German
Este es un día hermoso número 3489.,Spanish
C'est une belle journée numéro 3490.,French
Artificial intelligence is the future version 3491.,English
Yeh ek sundar din hai number 3492.,Hindi
Künstliche Intelligenz ist die Zukunft Version 3493.,German
La ciencia de datos es interesante número 3494.,Spanish
J'aime apprendre l'apprentissage automatique numéro 3495.,French
I enjoy coding in Python session 3496.,English
Mujhe coding pasand hai number 3497.,Hindi
Künstliche Intelligenz ist die Zukunft Version 3498.,German
Me encanta aprender aprendizaje automático número 3499.,Spanish
La science des données est intéressante numéro 3500.,French
This is a beautiful day number 3501.,English
Artificial intelligence bhavishya hai 3502.,Hindi
Ich programmiere gerne in Python Sitzung 3503.,German
Disfruto programar en Python sesión 3504.,Spanish
La science des données est intéressante numéro 3505.,French
This is a beautiful day number 3506.,English
Mujhe coding pasand hai number 3507.,Hindi
Künstliche Intelligenz ist die Zukunft Version 3508.,German
Me encanta aprender aprendizaje automático número 3509.,Spanish
J'aime programmer en Python session 3510.,French
This is a beautiful day number 3511.,English
Mujhe coding pasand hai number 3512.,Hindi
Ich programmiere gerne in Python Sitzung 3513.,German
La inteligencia artificial es el futuro versión 3514.,Spanish
La science des données est intéressante numéro 3515.,French
This is a beautiful day number 3516.,English
Main machine learning seekh raha hoon 3517.,Hindi
Ich programmiere gerne in Python Sitzung 3518.,German
Disfruto programar en Python sesión 3519.,Spanish
L'intelligence artificielle est l'avenir version 3520.,French
Data science is interesting topic number 3521.,English
Yeh ek sundar din hai number 3522.,Hindi
Ich liebe maschinelles Lernen Nummer 3523.,German
Me encanta aprender aprendizaje automático número 3524.,Spanish
C'est une belle journée numéro 3525.,French
Data science is interesting topic number 3526.,English
Main machine learning seekh raha hoon 3527.,Hindi
Ich programmiere gerne in Python Sitzung 3528.,German
La inteligencia artificial es el futuro versión 3529.,Spanish
C'est une belle journée numéro 3530.,French
Artificial intelligence is the future version 3531.,English
Mujhe coding pasand hai number 3532.,Hindi
Das ist ein schöner Tag Nummer 3533.,German
Disfruto programar en Python sesión 3534.,Spanish
La science des données est intéressante numéro 3535.,French
I enjoy coding in Python session 3536.,English
Mujhe coding pasand hai number 3537.,Hindi
Ich liebe maschinelles Lernen Nummer 3538.,German
La inteligencia artificial es el futuro versión 3539.,Spanish
C'est une belle journée numéro 3540.,French
I love learning machine learning number 3541.,English
Mujhe coding pasand hai number 3542.,Hindi
Künstliche Intelligenz ist die Zukunft Version 3543.,German
Me encanta aprender aprendizaje automático número 3544.,Spanish
La science des données est intéressante numéro 3545.,French
This is a beautiful day number 3546.,English
Mujhe coding pasand hai number 3547.,Hindi
Ich liebe maschinelles Lernen Nummer 3548.,German
Disfruto programar en Python sesión 3549.,Spanish
J'aime apprendre l'apprentissage automatique numéro 3550.,French
Data science is interesting topic number 3551.,English
Artificial intelligence bhavishya hai 3552.,Hindi
Ich programmiere gerne in Python Sitzung 3553.,German
La ciencia de datos es interesante número 3554.,Spanish
La science des données est intéressante numéro 3555.,French
This is a beautiful day number 3556.,English
Artificial intelligence bhavishya hai 3557.,Hindi
Künstliche Intelligenz ist die Zukunft Version 3558.,German
La ciencia de datos es interesante número 3559.,Spanish
J'aime programmer en Python session 3560.,French
Artificial intelligence is the future version 3561.,English
Artificial intelligence bhavishya hai 3562.,Hindi
Das ist ein schöner Tag Nummer 3563.,German
Disfruto programar en Python sesión 3564.,Spanish
C'est une belle journée numéro 3565.,French
I love learning machine learning number 3566.,English
Yeh ek sundar din hai number 3567.,Hindi
Künstliche Intelligenz ist die Zukunft Version 3568.,German
La ciencia de datos es interesante número 3569.,Spanish
C'est une belle journée numéro 3570.,French
Artificial intelligence is the future version 3571.,English
Data science bahut interesting hai 3572.,Hindi
Ich programmiere gerne in Python Sitzung 3573.,German
Este es un día hermoso número 3574.,Spanish
J'aime apprendre l'apprentissage automatique numéro 3575.,French
I enjoy coding in Python session 3576.,English
Artificial intelligence bhavishya hai 3577.,Hindi
Ich liebe maschinelles Lernen Nummer 3578.,German
Este es un día hermoso número 3579.,Spanish
J'aime programmer en Python session 3580.,French
I love learning machine learning number 3581.,English
Mujhe coding pasand hai number 3582.,Hindi
Datenwissenschaft ist interessant Nummer 3583.,German
La inteligencia artificial es el futuro versión 3584.,Spanish
La science des données est intéressante numéro 3585.,French
Data science is interesting topic number 3586.,English
Artificial intelligence bhavishya hai 3587.,Hindi
Künstliche Intelligenz ist die Zukunft Version 3588.,German
Este es un día hermoso número 3589.,Spanish
L'intelligence artificielle est l'avenir version 3590.,French
I enjoy coding in Python session 3591.,English
Mujhe coding pasand hai number 3592.,Hindi
Künstliche Intelligenz ist die Zukunft Version 3593.,German
Disfruto programar en Python sesión 3594.,Spanish
La science des données est intéressante numéro 3595.,French
I enjoy coding in Python session 3596.,English
Mujhe coding pasand hai number 3597.,Hindi
Künstliche Intelligenz ist die Zukunft Version 3598.,German
La inteligencia artificial es el futuro versión 3599.,Spanish
J'aime apprendre l'apprentissage automatique numéro 3600.,French
I enjoy coding in Python session 3601.,English
Main machine learning seekh raha hoon 3602.,Hindi
Ich liebe maschinelles Lernen Nummer 3603.,German
Este es un día hermoso número 3604.,Spanish
C'est une belle journée numéro 3605.,French
Data science is interesting topic number 3606.,English
Data science bahut interesting hai 3607.,Hindi
Künstliche Intelligenz ist die Zukunft Version 3608.,German
Disfruto programar en Python sesión 3609.,Spanish
J'aime apprendre l'apprentissage automatique numéro 3610.,French
I enjoy coding in Python session 3611.,English
Data science bahut interesting hai 3612.,Hindi
Ich programmiere gerne in Python Sitzung 3613.,German
La inteligencia artificial es el futuro versión 3614.,Spanish
L'intelligence artificielle est l'avenir version 3615.,French
Artificial intelligence is the future version 3616.,English
Artificial intelligence bhavishya hai 3617.,Hindi
Ich programmiere gerne in Python Sitzung 3618.,German
Me encanta aprender aprendizaje automático número 3619.,Spanish
L'intelligence artificielle est l'avenir version 3620.,French
I enjoy coding in Python session 3621.,English
Yeh ek sundar din hai number 3622.,Hindi
Das ist ein schöner Tag Nummer 3623.,German
Me encanta aprender aprendizaje automático número 3624.,Spanish
J'aime apprendre l'apprentissage automatique numéro 3625.,French
I love learning machine learning number 3626.,English
Data science bahut interesting hai 3627.,Hindi
Datenwissenschaft ist interessant Nummer 3628.,German
Me encanta aprender aprendizaje automático número 3629.,Spanish
La science des données est intéressante numéro 3630.,French
This is a beautiful day number 3631.,English
Main machine learning seekh raha hoon 3632.,Hindi
Ich programmiere gerne in Python Sitzung 3633.,German
La ciencia de datos es interesante número 3634.,Spanish
C'est une belle journée numéro 3635.,French
This is a beautiful day number 3636.,English
Data science bahut interesting hai 3637.,Hindi
Ich programmiere gerne in Python Sitzung 3638.,German
La ciencia de datos es interesante número 3639.,Spanish
J'aime programmer en Python session 3640.,French
Artificial intelligence is the future version 3641.,English
Mujhe coding pasand hai number 3642.,Hindi
Das ist ein schöner Tag Nummer 3643.,German
La ciencia de datos es interesante número 3644.,Spanish
La science des données est intéressante numéro 3645.,French
Artificial intelligence is the future version 3646.,English
Artificial intelligence bhavishya hai 3647.,Hindi
Künstliche Intelligenz ist die Zukunft Version 3648.,German
Disfruto programar en Python sesión 3649.,Spanish
C'est une belle journée numéro 3650.,French
I enjoy coding in Python session 3651.,English
Main machine learning seekh raha hoon 3652.,Hindi
Künstliche Intelligenz ist die Zukunft Version 3653.,German
Disfruto programar en Python sesión 3654.,Spanish
La science des données est intéressante numéro 3655.,French
I enjoy coding in Python session 3656.,English
Data science bahut interesting hai 3657.,Hindi
Das ist ein schöner Tag Nummer 3658.,German
Disfruto programar en Python sesión 3659.,Spanish
J'aime apprendre l'apprentissage automatique numéro 3660.,French
Data science is interesting topic number 3661.,English
Main machine learning seekh raha hoon 3662.,Hindi
Ich liebe maschinelles Lernen Nummer 3663.,German
Disfruto programar en Python sesión 3664.,Spanish
C'est une belle journée numéro 3665.,French
Data science is interesting topic number 3666.,English
Mujhe coding pasand hai number 3667.,Hindi
Künstliche Intelligenz ist die Zukunft Version 3668.,German
Me encanta aprender aprendizaje automático número 3669.,Spanish
La science des données est intéressante numéro 3670.,French
This is a beautiful day number 3671.,English
Main machine learning seekh raha hoon 3672.,Hindi
Das ist ein schöner Tag Nummer 3673.,German
Me encanta aprender aprendizaje automático número 3674.,Spanish
L'intelligence artificielle est l'avenir version 3675.,French
I enjoy coding in Python session 3676.,English
Yeh ek sundar din hai number 3677.,Hindi
Das ist ein schöner Tag Nummer 3678.,German
Este es un día hermoso número 3679.,Spanish
J'aime programmer en Python session 3680.,French
Data science is interesting topic number 3681.,English
Yeh ek sundar din hai number 3682.,Hindi
Ich programmiere gerne in Python Sitzung 3683.,German
Disfruto programar en Python sesión 3684.,Spanish
J'aime apprendre l'apprentissage automatique numéro 3685.,French
Data science is interesting topic number 3686.,English
Data science bahut interesting hai 3687.,Hindi
Ich liebe maschinelles Lernen Nummer 3688.,German
La ciencia de datos es interesante número 3689.,Spanish
J'aime apprendre l'apprentissage automatique numéro 3690.,French
I love learning machine learning number 3691.,English
Yeh ek sundar din hai number 3692.,Hindi
Das ist ein schöner Tag Nummer 3693.,German
Este es un día hermoso número 3694.,Spanish
J'aime programmer en Python session 3695.,French
I love learning machine learning number 3696.,English
Data science bahut interesting hai 3697.,Hindi
Ich liebe maschinelles Lernen Nummer 3698.,German
La ciencia de datos es interesante número 3699.,Spanish
L'intelligence artificielle est l'avenir version 3700.,French
Artificial intelligence is the future version 3701.,English
Data science bahut interesting hai 3702.,Hindi
Ich liebe maschinelles Lernen Nummer 3703.,German
La ciencia de datos es interesante número 3704.,Spanish
C'est une belle journée numéro 3705.,French
Data science is interesting topic number 3706.,English
Data science bahut interesting hai 3707.,Hindi
Ich programmiere gerne in Python Sitzung 3708.,German
La ciencia de datos es interesante número 3709.,Spanish
J'aime programmer en Python session 3710.,French
This is a beautiful day number 3711.,English
Yeh ek sundar din hai number 3712.,Hindi
Ich programmiere gerne in Python Sitzung 3713.,German
La inteligencia artificial es el futuro versión 3714.,Spanish
J'aime apprendre l'apprentissage automatique numéro 3715.,French
I love learning machine learning number 3716.,English
Mujhe coding pasand hai number 3717.,Hindi
Das ist ein schöner Tag Nummer 3718.,German
Me encanta aprender aprendizaje automático número 3719.,Spanish
La science des données est intéressante numéro 3720.,French
Artificial intelligence is the future version 3721.,English
Yeh ek sundar din hai number 3722.,Hindi
Das ist ein schöner Tag Nummer 3723.,German
Este es un día hermoso número 3724.,Spanish
L'intelligence artificielle est l'avenir version 3725.,French
Artificial intelligence is the future version 3726.,English
Main machine learning seekh raha hoon 3727.,Hindi
Ich programmiere gerne in Python Sitzung 3728.,German
Este es un día hermoso número 3729.,Spanish
J'aime apprendre l'apprentissage automatique numéro 3730.,French
Data science is interesting topic number 3731.,English
Main machine learning seekh raha hoon 3732.,Hindi
Das ist ein schöner Tag Nummer 3733.,German
Me encanta aprender aprendizaje automático número 3734.,Spanish
J'aime programmer en Python session 3735.,French
I love learning machine learning number 3736.,English
Artificial intelligence bhavishya hai 3737.,Hindi
Das ist ein schöner Tag Nummer 3738.,German
La inteligencia artificial es el futuro versión 3739.,Spanish
L'intelligence artificielle est l'avenir version 3740.,French
This is a beautiful day number 3741.,English
Artificial intelligence bhavishya hai 3742.,Hindi
Datenwissenschaft ist interessant Nummer 3743.,German
La ciencia de datos es interesante número 3744.,Spanish
La science des données est intéressante numéro 3745.,French
I love learning machine learning number 3746.,English
Mujhe coding pasand hai number 3747.,Hindi
Das ist ein schöner Tag Nummer 3748.,German
Me encanta aprender aprendizaje automático número 3749.,Spanish
La science des données est intéressante numéro 3750.,French
I love learning machine learning number 3751.,English
Mujhe coding pasand hai number 3752.,Hindi
Ich liebe maschinelles Lernen Nummer 3753.,German
Me encanta aprender aprendizaje automático número 3754.,Spanish
J'aime apprendre l'apprentissage automatique numéro 3755.,French
I enjoy coding in Python session 3756.,English
Data science bahut interesting hai 3757.,Hindi
Ich liebe maschinelles Lernen Nummer 3758.,German
La inteligencia artificial es el futuro versión 3759.,Spanish
J'aime programmer en Python session 3760.,French
Data science is interesting topic number 3761.,English
Artificial intelligence bhavishya hai 3762.,Hindi
Das ist ein schöner Tag Nummer 3763.,German
La inteligencia artificial es el futuro versión 3764.,Spanish
La science des données est intéressante numéro 3765.,French
I enjoy coding in Python session 3766.,English
Yeh ek sundar din hai number 3767.,Hindi
Ich liebe maschinelles Lernen Nummer 3768.,German
Disfruto programar en Python sesión 3769.,Spanish
L'intelligence artificielle est l'avenir version 3770.,French
I love learning machine learning number 3771.,English
Mujhe coding pasand hai number 3772.,Hindi
Datenwissenschaft ist interessant Nummer 3773.,German
Este es un día hermoso número 3774.,Spanish
J'aime apprendre l'apprentissage automatique numéro 3775.,French
Data science is interesting topic number 3776.,English
Data science bahut interesting hai 3777.,Hindi
Datenwissenschaft ist interessant Nummer 3778.,German
Este es un día hermoso número 3779.,Spanish
C'est une belle journée numéro 3780.,French
Data science is interesting topic number 3781.,English
Data science bahut interesting hai 3782.,Hindi
Datenwissenschaft ist interessant Nummer 3783.,German
Me encanta aprender aprendizaje automático número 3784.,Spanish
L'intelligence artificielle est l'avenir version 3785.,French
This is a beautiful day number 3786.,English
Data science bahut interesting hai 3787.,Hindi
Das ist ein schöner Tag Nummer 3788.,German
Disfruto programar en Python sesión 3789.,Spanish
C'est une belle journée numéro 3790.,French
This is a beautiful day number 3791.,English
Yeh ek sundar din hai number 3792.,Hindi
Ich liebe maschinelles Lernen Nummer 3793.,German
Me encanta aprender aprendizaje automático número 3794.,Spanish
L'intelligence artificielle est l'avenir version 3795.,French
This is a beautiful day number 3796.,English
Main machine learning seekh raha hoon 3797.,Hindi
Ich liebe maschinelles Lernen Nummer 3798.,German
La ciencia de datos es interesante número 3799.,Spanish
J'aime programmer en Python session 3800.,French
Data science is interesting topic number 3801.,English
Mujhe coding pasand hai number 3802.,Hindi
Künstliche Intelligenz ist die Zukunft Version 3803.,German
La inteligencia artificial es el futuro versión 3804.,Spanish
C'est une belle journée numéro 3805.,French
Data science is interesting topic number 3806.,English
Mujhe coding pasand hai number 3807.,Hindi
Das ist ein schöner Tag Nummer 3808.,German
Me encanta aprender aprendizaje automático número 3809.,Spanish
J'aime apprendre l'apprentissage automatique numéro 3810.,French
Artificial intelligence is the future version 3811.,English
Artificial intelligence bhavishya hai 3812.,Hindi
Datenwissenschaft ist interessant Nummer 3813.,German
Me encanta aprender aprendizaje automático número 3814.,Spanish
J'aime programmer en Python session 3815.,French
Data science is interesting topic number 3816.,English
Data science bahut interesting hai 3817.,Hindi
Ich liebe maschinelles Lernen Nummer 3818.,German
Me encanta aprender aprendizaje automático número 3819.,Spanish
La science des données est intéressante numéro 3820.,French
I love learning machine learning number 3821.,English
Main machine learning seekh raha hoon 3822.,Hindi
Künstliche Intelligenz ist die Zukunft Version 3823.,German
Disfruto programar en Python sesión 3824.,Spanish
C'est une belle journée numéro 3825.,French
I love learning machine learning number 3826.,English
Main machine learning seekh raha hoon 3827.,Hindi
Ich liebe maschinelles Lernen Nummer 3828.,German
Este es un día hermoso número 3829.,Spanish
J'aime programmer en Python session 3830.,French
I enjoy coding in Python session 3831.,English
Artificial intelligence bhavishya hai 3832.,Hindi
Ich liebe maschinelles Lernen Nummer 3833.,German
Me encanta aprender aprendizaje automático número 3834.,Spanish
La science des données est intéressante numéro 3835.,French
Artificial intelligence is the future version 3836.,English
Artificial intelligence bhavishya hai 3837.,Hindi
Ich liebe maschinelles Lernen Nummer 3838.,German
Este es un día hermoso número 3839.,Spanish
C'est une belle journée numéro 3840.,French
Artificial intelligence is the future version 3841.,English
Yeh ek sundar din hai number 3842.,Hindi
Ich liebe maschinelles Lernen Nummer 3843.,German
La inteligencia artificial es el futuro versión 3844.,Spanish
J'aime programmer en Python session 3845.,French
This is a beautiful day number 3846.,English
Data science bahut interesting hai 3847.,Hindi
Das ist ein schöner Tag Nummer 3848.,German
Me encanta aprender aprendizaje automático número 3849.,Spanish
J'aime apprendre l'apprentissage automatique numéro 3850.,French
This is a beautiful day number 3851.,English
Mujhe coding pasand hai number 3852.,Hindi
Datenwissenschaft ist interessant Nummer 3853.,German
Este es un día hermoso número 3854.,Spanish
L'intelligence artificielle est l'avenir version 3855.,French
Data science is interesting topic number 3856.,English
Mujhe coding pasand hai number 3857.,Hindi
Ich liebe maschinelles Lernen Nummer 3858.,German
La ciencia de datos es interesante número 3859.,Spanish
J'aime apprendre l'apprentissage automatique numéro 3860.,French
Data science is interesting topic number 3861.,English
Main machine learning seekh raha hoon 3862.,Hindi
Künstliche Intelligenz ist die Zukunft Version 3863.,German
Me encanta aprender aprendizaje automático número 3864.,Spanish
L'intelligence artificielle est l'avenir version 3865.,French
This is a beautiful day number 3866.,English
Main machine learning seekh raha hoon 3867.,Hindi
Ich programmiere gerne in Python Sitzung 3868.,German
La inteligencia artificial es el futuro versión 3869.,Spanish
J'aime apprendre l'apprentissage automatique numéro 3870.,French
I enjoy coding in Python session 3871.,English
Yeh ek sundar din hai number 3872.,Hindi
Künstliche Intelligenz ist die Zukunft Version 3873.,German
La inteligencia artificial es el futuro versión 3874.,Spanish
C'est une belle journée numéro 3875.,French
I love learning machine learning number 3876.,English
Mujhe coding pasand hai number 3877.,Hindi
Ich liebe maschinelles Lernen Nummer 3878.,German
Me encanta aprender aprendizaje automático número 3879.,Spanish
La science des données est intéressante numéro 3880.,French
I love learning machine learning number 3881.,English
Yeh ek sundar din hai number 3882.,Hindi
Datenwissenschaft ist interessant Nummer 3883.,German
Este es un día hermoso número 3884.,Spanish
J'aime programmer en Python session 3885.,French
I enjoy coding in Python session 3886.,English
Yeh ek sundar din hai number 3887.,Hindi
Das ist ein schöner Tag Nummer 3888.,German
Disfruto programar en Python sesión 3889.,Spanish
J'aime apprendre l'apprentissage automatique numéro 3890.,French
I enjoy coding in Python session 3891.,English
Main machine learning seekh raha hoon 3892.,Hindi
Datenwissenschaft ist interessant Nummer 3893.,German
Este es un día hermoso número 3894.,Spanish
C'est une belle journée numéro 3895.,French
This is a beautiful day number 3896.,English
Artificial intelligence bhavishya hai 3897.,Hindi
Ich programmiere gerne in Python Sitzung 3898.,German
La ciencia de datos es interesante número 3899.,Spanish
J'aime apprendre l'apprentissage automatique numéro 3900.,French
This is a beautiful day number 3901.,English
Main machine learning seekh raha hoon 3902.,Hindi
Ich programmiere gerne in Python Sitzung 3903.,German
Este es un día hermoso número 3904.,Spanish
L'intelligence artificielle est l'avenir version 3905.,French
Artificial intelligence is the future version 3906.,English
Mujhe coding pasand hai number 3907.,Hindi
Das ist ein schöner Tag Nummer 3908.,German
La inteligencia artificial es el futuro versión 3909.,Spanish
C'est une belle journée numéro 3910.,French
I enjoy coding in Python session 3911.,English
Main machine learning seekh raha hoon 3912.,Hindi
Ich programmiere gerne in Python Sitzung 3913.,German
Disfruto programar en Python sesión 3914.,Spanish
J'aime apprendre l'apprentissage automatique numéro 3915.,French
I love learning machine learning number 3916.,English
Main machine learning seekh raha hoon 3917.,Hindi
Ich liebe maschinelles Lernen Nummer 3918.,German
Este es un día hermoso número 3919.,Spanish
J'aime apprendre l'apprentissage automatique numéro 3920.,French
Artificial intelligence is the future version 3921.,English
Main machine learning seekh raha hoon 3922.,Hindi
Ich programmiere gerne in Python Sitzung 3923.,German
La inteligencia artificial es el futuro versión 3924.,Spanish
J'aime programmer en Python session 3925.,French
This is a beautiful day number 3926.,English
Mujhe coding pasand hai number 3927.,Hindi
Das ist ein schöner Tag Nummer 3928.,German
La inteligencia artificial es el futuro versión 3929.,Spanish
L'intelligence artificielle est l'avenir version 3930.,French
I love learning machine learning number 3931.,English
Mujhe coding pasand hai number 3932.,Hindi
Das ist ein schöner Tag Nummer 3933.,German
Disfruto programar en Python sesión 3934.,Spanish
L'intelligence artificielle est l'avenir version 3935.,French
Artificial intelligence is the future version 3936.,English
Data science bahut interesting hai 3937.,Hindi
Ich liebe maschinelles Lernen Nummer 3938.,German
La ciencia de datos es interesante número 3939.,Spanish
La science des données est intéressante numéro 3940.,French
Data science is interesting topic number 3941.,English
Mujhe coding pasand hai number 3942.,Hindi
Ich programmiere gerne in Python Sitzung 3943.,German
La inteligencia artificial es el futuro versión 3944.,Spanish
L'intelligence artificielle est l'avenir version 3945.,French
Data science is interesting topic number 3946.,English
Mujhe coding pasand hai number 3947.,Hindi
Datenwissenschaft ist interessant Nummer 3948.,German
La ciencia de datos es interesante número 3949.,Spanish
C'est une belle journée numéro 3950.,French
Data science is interesting topic number 3951.,English
Data science bahut interesting hai 3952.,Hindi
Das ist ein schöner Tag Nummer 3953.,German
Me encanta aprender aprendizaje automático número 3954.,Spanish
La science des données est intéressante numéro 3955.,French
I enjoy coding in Python session 3956.,English
Main machine learning seekh raha hoon 3957.,Hindi
Künstliche Intelligenz ist die Zukunft Version 3958.,German
Disfruto programar en Python sesión 3959.,Spanish
L'intelligence artificielle est l'avenir version 3960.,French
I love learning machine learning number 3961.,English
Data science bahut interesting hai 3962.,Hindi
Ich programmiere gerne in Python Sitzung 3963.,German
Este es un día hermoso número 3964.,Spanish
L'intelligence artificielle est l'avenir version 3965.,French
Data science is interesting topic number 3966.,English
Yeh ek sundar din hai number 3967.,Hindi
Datenwissenschaft ist interessant Nummer 3968.,German
Disfruto programar en Python sesión 3969.,Spanish
J'aime programmer en Python session 3970.,French
I love learning machine learning number 3971.,English
Data science bahut interesting hai 3972.,Hindi
Das ist ein schöner Tag Nummer 3973.,German
Este es un día hermoso número 3974.,Spanish
L'intelligence artificielle est l'avenir version 3975.,French
Artificial intelligence is the future version 3976.,English
Yeh ek sundar din hai number 3977.,Hindi
Künstliche Intelligenz ist die Zukunft Version 3978.,German
La ciencia de datos es interesante número 3979.,Spanish
C'est une belle journée numéro 3980.,French
Artificial intelligence is the future version 3981.,English
Mujhe coding pasand hai number 3982.,Hindi
Das ist ein schöner Tag Nummer 3983.,German
Me encanta aprender aprendizaje automático número 3984.,Spanish
J'aime apprendre l'apprentissage automatique numéro 3985.,French
I enjoy coding in Python session 3986.,English
Yeh ek sundar din hai number 3987.,Hindi
Ich programmiere gerne in Python Sitzung 3988.,German
Me encanta aprender aprendizaje automático número 3989.,Spanish
J'aime apprendre l'apprentissage automatique numéro 3990.,French
I love learning machine learning number 3991.,English
Main machine learning seekh raha hoon 3992.,Hindi
Ich liebe maschinelles Lernen Nummer 3993.,German
Disfruto programar en Python sesión 3994.,Spanish
J'aime apprendre l'apprentissage automatique numéro 3995.,French
I enjoy coding in Python session 3996.,English
Data science bahut interesting hai 3997.,Hindi
Ich liebe maschinelles Lernen Nummer 3998.,German
Me encanta aprender aprendizaje automático número 3999.,Spanish
L'intelligence artificielle est l'avenir version 4000.,French
Data science is interesting topic number 4001.,English
Yeh ek sundar din hai number 4002.,Hindi
Datenwissenschaft ist interessant Nummer 4003.,German
Disfruto programar en Python sesión 4004.,Spanish
La science des données est intéressante numéro 4005.,French
Artificial intelligence is the future version 4006.,English
Artificial intelligence bhavishya hai 4007.,Hindi
Das ist ein schöner Tag Nummer 4008.,German
La inteligencia artificial es el futuro versión 4009.,Spanish
J'aime programmer en Python session 4010.,French
I enjoy coding in Python session 4011.,English
Main machine learning seekh raha hoon 4012.,Hindi
Ich liebe maschinelles Lernen Nummer 4013.,German
Este es un día hermoso número 4014.,Spanish
C'est une belle journée numéro 4015.,French
Data science is interesting topic number 4016.,English
Yeh ek sundar din hai number 4017.,Hindi
Das ist ein schöner Tag Nummer 4018.,German
Este es un día hermoso número 4019.,Spanish
J'aime apprendre l'apprentissage automatique numéro 4020.,French
I love learning machine learning number 4021.,English
Mujhe coding pasand hai number 4022.,Hindi
Ich programmiere gerne in Python Sitzung 4023.,German
Me encanta aprender aprendizaje automático número 4024.,Spanish
L'intelligence artificielle est l'avenir version 4025.,French
I love learning machine learning number 4026.,English
Mujhe coding pasand hai number 4027.,Hindi
Ich programmiere gerne in Python Sitzung 4028.,German
Me encanta aprender aprendizaje automático número 4029.,Spanish
C'est une belle journée numéro 4030.,French
I love learning machine learning number 4031.,English
Main machine learning seekh raha hoon 4032.,Hindi
Künstliche Intelligenz ist die Zukunft Version 4033.,German
Me encanta aprender aprendizaje automático número 4034.,Spanish
C'est une belle journée numéro 4035.,French
This is a beautiful day number 4036.,English
Main machine learning seekh raha hoon 4037.,Hindi
Künstliche Intelligenz ist die Zukunft Version 4038.,German
La ciencia de datos es interesante número 4039.,Spanish
L'intelligence artificielle est l'avenir version 4040.,French
Artificial intelligence is the future version 4041.,English
Main machine learning seekh raha hoon 4042.,Hindi
Ich liebe maschinelles Lernen Nummer 4043.,German
Disfruto programar en Python sesión 4044.,Spanish
La science des données est intéressante numéro 4045.,French
Artificial intelligence is the future version 4046.,English
Data science bahut interesting hai 4047.,Hindi
Künstliche Intelligenz ist die Zukunft Version 4048.,German
Me encanta aprender aprendizaje automático número 4049.,Spanish
L'intelligence artificielle est l'avenir version 4050.,French
This is a beautiful day number 4051.,English
Main machine learning seekh raha hoon 4052.,Hindi
Ich liebe maschinelles Lernen Nummer 4053.,German
La inteligencia artificial es el futuro versión 4054.,Spanish
J'aime programmer en Python session 4055.,French
Artificial intelligence is the future version 4056.,English
Yeh ek sundar din hai number 4057.,Hindi
Ich liebe maschinelles Lernen Nummer 4058.,German
Me encanta aprender aprendizaje automático número 4059.,Spanish
J'aime programmer en Python session 4060.,French
I enjoy coding in Python session 4061.,English
Data science bahut interesting hai 4062.,Hindi
Das ist ein schöner Tag Nummer 4063.,German
La inteligencia artificial es el futuro versión 4064.,Spanish
C'est une belle journée numéro 4065.,French
Data science is interesting topic number 4066.,English
Artificial intelligence bhavishya hai 4067.,Hindi
Das ist ein schöner Tag Nummer 4068.,German
La inteligencia artificial es el futuro versión 4069.,Spanish
J'aime apprendre l'apprentissage automatique numéro 4070.,French
I love learning machine learning number 4071.,English
Data science bahut interesting hai 4072.,Hindi
Künstliche Intelligenz ist die Zukunft Version 4073.,German
Este es un día hermoso número 4074.,Spanish
C'est une belle journée numéro 4075.,French
Data science is interesting topic number 4076.,English
Main machine learning seekh raha hoon 4077.,Hindi
Das ist ein schöner Tag Nummer 4078.,German
Me encanta aprender aprendizaje automático número 4079.,Spanish
C'est une belle journée numéro 4080.,French
Artificial intelligence is the future version 4081.,English
Yeh ek sundar din hai number 4082.,Hindi
Ich liebe maschinelles Lernen Nummer 4083.,German
La ciencia de datos es interesante número 4084.,Spanish
C'est une belle journée numéro 4085.,French
Data science is interesting topic number 4086.,English
Yeh ek sundar din hai number 4087.,Hindi
Ich programmiere gerne in Python Sitzung 4088.,German
Este es un día hermoso número 4089.,Spanish
La science des données est intéressante numéro 4090.,French
This is a beautiful day number 4091.,English
Artificial intelligence bhavishya hai 4092.,Hindi
Künstliche Intelligenz ist die Zukunft Version 4093.,German
Este es un día hermoso número 4094.,Spanish
La science des données est intéressante numéro 4095.,French
I love learning machine learning number 4096.,English
Artificial intelligence bhavishya hai 4097.,Hindi
Das ist ein schöner Tag Nummer 4098.,German
La ciencia de datos es interesante número 4099.,Spanish
C'est une belle journée numéro 4100.,French
I enjoy coding in Python session 4101.,English
Yeh ek sundar din hai number 4102.,Hindi
Das ist ein schöner Tag Nummer 4103.,German
Me encanta aprender aprendizaje automático número 4104.,Spanish
C'est une belle journée numéro 4105.,French
Data science is interesting topic number 4106.,English
Artificial intelligence bhavishya hai 4107.,Hindi
Das ist ein schöner Tag Nummer 4108.,German
La inteligencia artificial es el futuro versión 4109.,Spanish
J'aime programmer en Python session 4110.,French
I enjoy coding in Python session 4111.,English
Yeh ek sundar din hai number 4112.,Hindi
Ich programmiere gerne in Python Sitzung 4113.,German
Disfruto programar en Python sesión 4114.,Spanish
J'aime programmer en Python session 4115.,French
I enjoy coding in Python session 4116.,English
Yeh ek sundar din hai number 4117.,Hindi
Das ist ein schöner Tag Nummer 4118.,German
Me encanta aprender aprendizaje automático número 4119.,Spanish
La science des données est intéressante numéro 4120.,French
I enjoy coding in Python session 4121.,English
Main machine learning seekh raha hoon 4122.,Hindi
Datenwissenschaft ist interessant Nummer 4123.,German
Disfruto programar en Python sesión 4124.,Spanish
C'est une belle journée numéro 4125.,French
I love learning machine learning number 4126.,English
Artificial intelligence bhavishya hai 4127.,Hindi
Ich programmiere gerne in Python Sitzung 4128.,German
Este es un día hermoso número 4129.,Spanish
La science des données est intéressante numéro 4130.,French
Artificial intelligence is the future version 4131.,English
Yeh ek sundar din hai number 4132.,Hindi
Ich liebe maschinelles Lernen Nummer 4133.,German
Me encanta aprender aprendizaje automático número 4134.,Spanish
J'aime programmer en Python session 4135.,French
Artificial intelligence is the future version 4136.,English
Data science bahut interesting hai 4137.,Hindi
Künstliche Intelligenz ist die Zukunft Version 4138.,German
La inteligencia artificial es el futuro versión 4139.,Spanish
C'est une belle journée numéro 4140.,French
I love learning machine learning number 4141.,English
Main machine learning seekh raha hoon 4142.,Hindi
Das ist ein schöner Tag Nummer 4143.,German
Me encanta aprender aprendizaje automático número 4144.,Spanish
L'intelligence artificielle est l'avenir version 4145.,French
This is a beautiful day number 4146.,English
Data science bahut interesting hai 4147.,Hindi
Ich programmiere gerne in Python Sitzung 4148.,German
Disfruto programar en Python sesión 4149.,Spanish
J'aime apprendre l'apprentissage automatique numéro 4150.,French
I enjoy coding in Python session 4151.,English
Data science bahut interesting hai 4152.,Hindi
Ich liebe maschinelles Lernen Nummer 4153.,German
Me encanta aprender aprendizaje automático número 4154.,Spanish
La science des données est intéressante numéro 4155.,French
Artificial intelligence is the future version 4156.,English
Data science bahut interesting hai 4157.,Hindi
Datenwissenschaft ist interessant Nummer 4158.,German
Este es un día hermoso número 4159.,Spanish
J'aime apprendre l'apprentissage automatique numéro 4160.,French
I love learning machine learning number 4161.,English
Data science bahut interesting hai 4162.,Hindi
Ich liebe maschinelles Lernen Nummer 4163.,German
Disfruto programar en Python sesión 4164.,Spanish
C'est une belle journée numéro 4165.,French
Data science is interesting topic number 4166.,English
Yeh ek sundar din hai number 4167.,Hindi
Das ist ein schöner Tag Nummer 4168.,German
Este es un día hermoso número 4169.,Spanish
J'aime apprendre l'apprentissage automatique numéro 4170.,French
Data science is interesting topic number 4171.,English
Yeh ek sundar din hai number 4172.,Hindi
Datenwissenschaft ist interessant Nummer 4173.,German
La ciencia de datos es interesante número 4174.,Spanish
J'aime programmer en Python session 4175.,French
I love learning machine learning number 4176.,English
Yeh ek sundar din hai number 4177.,Hindi
Ich programmiere gerne in Python Sitzung 4178.,German
La inteligencia artificial es el futuro versión 4179.,Spanish
C'est une belle journée numéro 4180.,French
This is a beautiful day number 4181.,English
Mujhe coding pasand hai number 4182.,Hindi
Datenwissenschaft ist interessant Nummer 4183.,German
Este es un día hermoso número 4184.,Spanish
J'aime apprendre l'apprentissage automatique numéro 4185.,French
I enjoy coding in Python session 4186.,English
Main machine learning seekh raha hoon 4187.,Hindi
Das ist ein schöner Tag Nummer 4188.,German
La inteligencia artificial es el futuro versión 4189.,Spanish
La science des données est intéressante numéro 4190.,French
This is a beautiful day number 4191.,English
Mujhe coding pasand hai number 4192.,Hindi
Das ist ein schöner Tag Nummer 4193.,German
La inteligencia artificial es el futuro versión 4194.,Spanish
L'intelligence artificielle est l'avenir version 4195.,French
This is a beautiful day number 4196.,English
Main machine learning seekh raha hoon 4197.,Hindi
Künstliche Intelligenz ist die Zukunft Version 4198.,German
La ciencia de datos es interesante número 4199.,Spanish
C'est une belle journée numéro 4200.,French
Data science is interesting topic number 4201.,English
Mujhe coding pasand hai number 4202.,Hindi
Das ist ein schöner Tag Nummer 4203.,German
Me encanta aprender aprendizaje automático número 4204.,Spanish
L'intelligence artificielle est l'avenir version 4205.,French
This is a beautiful day number 4206.,English
Yeh ek sundar din hai number 4207.,Hindi
Ich programmiere gerne in Python Sitzung 4208.,German
Me encanta aprender aprendizaje automático número 4209.,Spanish
J'aime programmer en Python session 4210.,French
I enjoy coding in Python session 4211.,English
Artificial intelligence bhavishya hai 4212.,Hindi
Künstliche Intelligenz ist die Zukunft Version 4213.,German
La ciencia de datos es interesante número 4214.,Spanish
C'est une belle journée numéro 4215.,French
This is a beautiful day number 4216.,English
Mujhe coding pasand hai number 4217.,Hindi
Datenwissenschaft ist interessant Nummer 4218.,German
Me encanta aprender aprendizaje automático número 4219.,Spanish
C'est une belle journée numéro 4220.,French
Data science is interesting topic number 4221.,English
Artificial intelligence bhavishya hai 4222.,Hindi
Datenwissenschaft ist interessant Nummer 4223.,German
Me encanta aprender aprendizaje automático número 4224.,Spanish
J'aime apprendre l'apprentissage automatique numéro 4225.,French
Artificial intelligence is the future version 4226.,English
Yeh ek sundar din hai number 4227.,Hindi
Ich programmiere gerne in Python Sitzung 4228.,German
Me encanta aprender aprendizaje automático número 4229.,Spanish
L'intelligence artificielle est l'avenir version 4230.,French
Artificial intelligence is the future version 4231.,English
Mujhe coding pasand hai number 4232.,Hindi
Das ist ein schöner Tag Nummer 4233.,German
Me encanta aprender aprendizaje automático número 4234.,Spanish
J'aime apprendre l'apprentissage automatique numéro 4235.,French
Artificial intelligence is the future version 4236.,English
Mujhe coding pasand hai number 4237.,Hindi
Künstliche Intelligenz ist die Zukunft Version 4238.,German
La ciencia de datos es interesante número 4239.,Spanish
J'aime programmer en Python session 4240.,French
This is a beautiful day number 4241.,English
Main machine learning seekh raha hoon 4242.,Hindi
Datenwissenschaft ist interessant Nummer 4243.,German
Me encanta aprender aprendizaje automático número 4244.,Spanish
La science des données est intéressante numéro 4245.,French
Data science is interesting topic number 4246.,English
Yeh ek sundar din hai number 4247.,Hindi
Ich programmiere gerne in Python Sitzung 4248.,German
Disfruto programar en Python sesión 4249.,Spanish
L'intelligence artificielle est l'avenir version 4250.,French
This is a beautiful day number 4251.,English
Yeh ek sundar din hai number 4252.,Hindi
Das ist ein schöner Tag Nummer 4253.,German
La inteligencia artificial es el futuro versión 4254.,Spanish
J'aime programmer en Python session 4255.,French
This is a beautiful day number 4256.,English
Main machine learning seekh raha hoon 4257.,Hindi
Das ist ein schöner Tag Nummer 4258.,German
Disfruto programar en Python sesión 4259.,Spanish
J'aime apprendre l'apprentissage automatique numéro 4260.,French
This is a beautiful day number 4261.,English
Artificial intelligence bhavishya hai 4262.,Hindi
Künstliche Intelligenz ist die Zukunft Version 4263.,German
Este es un día hermoso número 4264.,Spanish
J'aime programmer en Python session 4265.,French
Data science is interesting topic number 4266.,English
Data science bahut interesting hai 4267.,Hindi
Das ist ein schöner Tag Nummer 4268.,German
Disfruto programar en Python sesión 4269.,Spanish
L'intelligence artificielle est l'avenir version 4270.,French
This is a beautiful day number 4271.,English
Main machine learning seekh raha hoon 4272.,Hindi
Ich liebe maschinelles Lernen Nummer 4273.,German
Este es un día hermoso número 4274.,Spanish
L'intelligence artificielle est l'avenir version 4275.,French
I enjoy coding in Python session 4276.,English
Main machine learning seekh raha hoon 4277.,Hindi
Das ist ein schöner Tag Nummer 4278.,German
Me encanta aprender aprendizaje automático número 4279.,Spanish
La science des données est intéressante numéro 4280.,French
I love learning machine learning number 4281.,English
Artificial intelligence bhavishya hai 4282.,Hindi
Ich programmiere gerne in Python Sitzung 4283.,German
La inteligencia artificial es el futuro versión 4284.,Spanish
J'aime programmer en Python session 4285.,French
I love learning machine learning number 4286.,English
Artificial intelligence bhavishya hai 4287.,Hindi
Das ist ein schöner Tag Nummer 4288.,German
Este es un día hermoso número 4289.,Spanish
La science des données est intéressante numéro 4290.,French
Artificial intelligence is the future version 4291.,English
Artificial intelligence bhavishya hai 4292.,Hindi
Das ist ein schöner Tag Nummer 4293.,German
Este es un día hermoso número 4294.,Spanish
L'intelligence artificielle est l'avenir version 4295.,French
I love learning machine learning number 4296.,English
Mujhe coding pasand hai number 4297.,Hindi
Ich liebe maschinelles Lernen Nummer 4298.,German
La inteligencia artificial es el futuro versión 4299.,Spanish
J'aime apprendre l'apprentissage automatique numéro 4300.,French
This is a beautiful day number 4301.,English
Mujhe coding pasand hai number 4302.,Hindi
Künstliche Intelligenz ist die Zukunft Version 4303.,German
La ciencia de datos es interesante número 4304.,Spanish
J'aime programmer en Python session 4305.,French
I enjoy coding in Python session 4306.,English
Mujhe coding pasand hai number 4307.,Hindi
Das ist ein schöner Tag Nummer 4308.,German
Disfruto programar en Python sesión 4309.,Spanish
L'intelligence artificielle est l'avenir version 4310.,French
I enjoy coding in Python session 4311.,English
Yeh ek sundar din hai number 4312.,Hindi
Das ist ein schöner Tag Nummer 4313.,German
La ciencia de datos es interesante número 4314.,Spanish
La science des données est intéressante numéro 4315.,French
This is a beautiful day number 4316.,English
Main machine learning seekh raha hoon 4317.,Hindi
Datenwissenschaft ist interessant Nummer 4318.,German
La inteligencia artificial es el futuro versión 4319.,Spanish
J'aime apprendre l'apprentissage automatique numéro 4320.,French
I love learning machine learning number 4321.,English
Mujhe coding pasand hai number 4322.,Hindi
Künstliche Intelligenz ist die Zukunft Version 4323.,German
La inteligencia artificial es el futuro versión 4324.,Spanish
La science des données est intéressante numéro 4325.,French
Data science is interesting topic number 4326.,English
Mujhe coding pasand hai number 4327.,Hindi
Ich programmiere gerne in Python Sitzung 4328.,German
Este es un día hermoso número 4329.,Spanish
J'aime apprendre l'apprentissage automatique numéro 4330.,French
Artificial intelligence is the future version 4331.,English
Yeh ek sundar din hai number 4332.,Hindi
Datenwissenschaft ist interessant Nummer 4333.,German
La ciencia de datos es interesante número 4334.,Spanish
C'est une belle journée numéro 4335.,French
Artificial intelligence is the future version 4336.,English
Main machine learning seekh raha hoon 4337.,Hindi
Ich programmiere gerne in Python Sitzung 4338.,German
Me encanta aprender aprendizaje automático número 4339.,Spanish
J'aime programmer en Python session 4340.,French
Artificial intelligence is the future version 4341.,English
Mujhe coding pasand hai number 4342.,Hindi
Das ist ein schöner Tag Nummer 4343.,German
Este es un día hermoso número 4344.,Spanish
J'aime programmer en Python session 4345.,French
Data science is interesting topic number 4346.,English
Data science bahut interesting hai 4347.,Hindi
Datenwissenschaft ist interessant Nummer 4348.,German
Disfruto programar en Python sesión 4349.,Spanish
La science des données est intéressante numéro 4350.,French
Artificial intelligence is the future version 4351.,English
Main machine learning seekh raha hoon 4352.,Hindi
Ich liebe maschinelles Lernen Nummer 4353.,German
Este es un día hermoso número 4354.,Spanish
L'intelligence artificielle est l'avenir version 4355.,French
I love learning machine learning number 4356.,English
Main machine learning seekh raha hoon 4357.,Hindi
Datenwissenschaft ist interessant Nummer 4358.,German
La ciencia de datos es interesante número 4359.,Spanish
L'intelligence artificielle est l'avenir version 4360.,French
I enjoy coding in Python session 4361.,English
Artificial intelligence bhavishya hai 4362.,Hindi
Ich programmiere gerne in Python Sitzung 4363.,German
Disfruto programar en Python sesión 4364.,Spanish
C'est une belle journée numéro 4365.,French
I love learning machine learning number 4366.,English
Data science bahut interesting hai 4367.,Hindi
Das ist ein schöner Tag Nummer 4368.,German
La inteligencia artificial es el futuro versión 4369.,Spanish
C'est une belle journée numéro 4370.,French
This is a beautiful day number 4371.,English
Artificial intelligence bhavishya hai 4372.,Hindi
Das ist ein schöner Tag Nummer 4373.,German
La ciencia de datos es interesante número 4374.,Spanish
La science des données est intéressante numéro 4375.,French
I enjoy coding in Python session 4376.,English
Data science bahut interesting hai 4377.,Hindi
Künstliche Intelligenz ist die Zukunft Version 4378.,German
Este es un día hermoso número 4379.,Spanish
La science des données est intéressante numéro 4380.,French
Artificial intelligence is the future version 4381.,English
Data science bahut interesting hai 4382.,Hindi
Das ist ein schöner Tag Nummer 4383.,German
Me encanta aprender aprendizaje automático número 4384.,Spanish
L'intelligence artificielle est l'avenir version 4385.,French
Data science is interesting topic number 4386.,English
Mujhe coding pasand hai number 4387.,Hindi
Ich liebe maschinelles Lernen Nummer 4388.,German
Disfruto programar en Python sesión 4389.,Spanish
J'aime apprendre l'apprentissage automatique numéro 4390.,French
Data science is interesting topic number 4391.,English
Mujhe coding pasand hai number 4392.,Hindi
Künstliche Intelligenz ist die Zukunft Version 4393.,German
Este es un día hermoso número 4394.,Spanish
J'aime programmer en Python session 4395.,French
Artificial intelligence is the future version 4396.,English
Data science bahut interesting hai 4397.,Hindi
Das ist ein schöner Tag Nummer 4398.,German
Este es un día hermoso número 4399.,Spanish
J'aime apprendre l'apprentissage automatique numéro 4400.,French
Artificial intelligence is the future version 4401.,English
Artificial intelligence bhavishya hai 4402.,Hindi
Künstliche Intelligenz ist die Zukunft Version 4403.,German
La inteligencia artificial es el futuro versión 4404.,Spanish
J'aime apprendre l'apprentissage automatique numéro 4405.,French
Artificial intelligence is the future version 4406.,English
Artificial intelligence bhavishya hai 4407.,Hindi
Ich programmiere gerne in Python Sitzung 4408.,German
La inteligencia artificial es el futuro versión 4409.,Spanish
J'aime programmer en Python session 4410.,French
I enjoy coding in Python session 4411.,English
Yeh ek sundar din hai number 4412.,Hindi
Das ist ein schöner Tag Nummer 4413.,German
Disfruto programar en Python sesión 4414.,Spanish
C'est une belle journée numéro 4415.,French
Artificial intelligence is the future version 4416.,English
Mujhe coding pasand hai number 4417.,Hindi
Das ist ein schöner Tag Nummer 4418.,German
Me encanta aprender aprendizaje automático número 4419.,Spanish
L'intelligence artificielle est l'avenir version 4420.,French
Artificial intelligence is the future version 4421.,English
Artificial intelligence bhavishya hai 4422.,Hindi
Ich liebe maschinelles Lernen Nummer 4423.,German
Me encanta aprender aprendizaje automático número 4424.,Spanish
La science des données est intéressante numéro 4425.,French
This is a beautiful day number 4426.,English
Artificial intelligence bhavishya hai 4427.,Hindi
Ich liebe maschinelles Lernen Nummer 4428.,German
La inteligencia artificial es el futuro versión 4429.,Spanish
L'intelligence artificielle est l'avenir version 4430.,French
This is a beautiful day number 4431.,English
Artificial intelligence bhavishya hai 4432.,Hindi
Ich liebe maschinelles Lernen Nummer 4433.,German
Disfruto programar en Python sesión 4434.,Spanish
C'est une belle journée numéro 4435.,French
I enjoy coding in Python session 4436.,English
Yeh ek sundar din hai number 4437.,Hindi
Künstliche Intelligenz ist die Zukunft Version 4438.,German
Disfruto programar en Python sesión 4439.,Spanish
J'aime apprendre l'apprentissage automatique numéro 4440.,French
I enjoy coding in Python session 4441.,English
Main machine learning seekh raha hoon 4442.,Hindi
Künstliche Intelligenz ist die Zukunft Version 4443.,German
Me encanta aprender aprendizaje automático número 4444.,Spanish
La science des données est intéressante numéro 4445.,French
I love learning machine learning number 4446.,English
Mujhe coding pasand hai number 4447.,Hindi
Datenwissenschaft ist interessant Nummer 4448.,German
Me encanta aprender aprendizaje automático número 4449.,Spanish
J'aime apprendre l'apprentissage automatique numéro 4450.,French
I love learning machine learning number 4451.,English
Artificial intelligence bhavishya hai 4452.,Hindi
Künstliche Intelligenz ist die Zukunft Version 4453.,German
Disfruto programar en Python sesión 4454.,Spanish
J'aime programmer en Python session 4455.,French
I enjoy coding in Python session 4456.,English
Mujhe coding pasand hai number 4457.,Hindi
Ich liebe maschinelles Lernen Nummer 4458.,German
Este es un día hermoso número 4459.,Spanish
La science des données est intéressante numéro 4460.,French
This is a beautiful day number 4461.,English
Yeh ek sundar din hai number 4462.,Hindi
Das ist ein schöner Tag Nummer 4463.,German
Me encanta aprender aprendizaje automático número 4464.,Spanish
J'aime apprendre l'apprentissage automatique numéro 4465.,French
This is a beautiful day number 4466.,English
Data science bahut interesting hai 4467.,Hindi
Ich liebe maschinelles Lernen Nummer 4468.,German
Este es un día hermoso número 4469.,Spanish
C'est une belle journée numéro 4470.,French
Data science is interesting topic number 4471.,English
Yeh ek sundar din hai number 4472.,Hindi
Ich liebe maschinelles Lernen Nummer 4473.,German
La ciencia de datos es interesante número 4474.,Spanish
C'est une belle journée numéro 4475.,French
I enjoy coding in Python session 4476.,English
Yeh ek sundar din hai number 4477.,Hindi
Datenwissenschaft ist interessant Nummer 4478.,German
Me encanta aprender aprendizaje automático número 4479.,Spanish
J'aime apprendre l'apprentissage automatique numéro 4480.,French
Artificial intelligence is the future version 4481.,English
Data science bahut interesting hai 4482.,Hindi
Künstliche Intelligenz ist die Zukunft Version 4483.,German
La ciencia de datos es interesante número 4484.,Spanish
C'est une belle journée numéro 4485.,French
I enjoy coding in Python session 4486.,English
Mujhe coding pasand hai number 4487.,Hindi
Ich programmiere gerne in Python Sitzung 4488.,German
Disfruto programar en Python sesión 4489.,Spanish
La science des données est intéressante numéro 4490.,French
I enjoy coding in Python session 4491.,English
Artificial intelligence bhavishya hai 4492.,Hindi
Das ist ein schöner Tag Nummer 4493.,German
La inteligencia artificial es el futuro versión 4494.,Spanish
La science des données est intéressante numéro 4495.,French
This is a beautiful day number 4496.,English
Data science bahut interesting hai 4497.,Hindi
Datenwissenschaft ist interessant Nummer 4498.,German
Disfruto programar en Python sesión 4499.,Spanish
C'est une belle journée numéro 4500.,French
This is a beautiful day number 4501.,English
Main machine learning seekh raha hoon 4502.,Hindi
Ich programmiere gerne in Python Sitzung 4503.,German
La inteligencia artificial es el futuro versión 4504.,Spanish
C'est une belle journée numéro 4505.,French
This is a beautiful day number 4506.,English
Artificial intelligence bhavishya hai 4507.,Hindi
Datenwissenschaft ist interessant Nummer 4508.,German
Me encanta aprender aprendizaje automático número 4509.,Spanish
J'aime programmer en Python session 4510.,French
Data science is interesting topic number 4511.,English
Data science bahut interesting hai 4512.,Hindi
Das ist ein schöner Tag Nummer 4513.,German
La ciencia de datos es interesante número 4514.,Spanish
L'intelligence artificielle est l'avenir version 4515.,French
I love learning machine learning number 4516.,English
Data science bahut interesting hai 4517.,Hindi
Ich liebe maschinelles Lernen Nummer 4518.,German
La ciencia de datos es interesante número 4519.,Spanish
J'aime apprendre l'apprentissage automatique numéro 4520.,French
This is a beautiful day number 4521.,English
Mujhe coding pasand hai number 4522.,Hindi
Künstliche Intelligenz ist die Zukunft Version 4523.,German
La inteligencia artificial es el futuro versión 4524.,Spanish
C'est une belle journée numéro 4525.,French
Artificial intelligence is the future version 4526.,English
Main machine learning seekh raha hoon 4527.,Hindi
Ich liebe maschinelles Lernen Nummer 4528.,German
La inteligencia artificial es el futuro versión 4529.,Spanish
C'est une belle journée numéro 4530.,French
Data science is interesting topic number 4531.,English
Mujhe coding pasand hai number 4532.,Hindi
Datenwissenschaft ist interessant Nummer 4533.,German
La ciencia de datos es interesante número 4534.,Spanish
J'aime apprendre l'apprentissage automatique numéro 4535.,French
Data science is interesting topic number 4536.,English
Data science bahut interesting hai 4537.,Hindi
Künstliche Intelligenz ist die Zukunft Version 4538.,German
Este es un día hermoso número 4539.,Spanish
La science des données est intéressante numéro 4540.,French
I love learning machine learning number 4541.,English
Mujhe coding pasand hai number 4542.,Hindi
Künstliche Intelligenz ist die Zukunft Version 4543.,German
Este es un día hermoso número 4544.,Spanish
J'aime apprendre l'apprentissage automatique numéro 4545.,French
Artificial intelligence is the future version 4546.,English
Main machine learning seekh raha hoon 4547.,Hindi
Datenwissenschaft ist interessant Nummer 4548.,German
Me encanta aprender aprendizaje automático número 4549.,Spanish
J'aime apprendre l'apprentissage automatique numéro 4550.,French
Data science is interesting topic number 4551.,English
Data science bahut interesting hai 4552.,Hindi
Ich programmiere gerne in Python Sitzung 4553.,German
Me encanta aprender aprendizaje automático número 4554.,Spanish
La science des données est intéressante numéro 4555.,French
This is a beautiful day number 4556.,English
Mujhe coding pasand hai number 4557.,Hindi
Künstliche Intelligenz ist die Zukunft Version 4558.,German
Me encanta aprender aprendizaje automático número 4559.,Spanish
C'est une belle journée numéro 4560.,French
Artificial intelligence is the future version 4561.,English
Data science bahut interesting hai 4562.,Hindi
Das ist ein schöner Tag Nummer 4563.,German
Me encanta aprender aprendizaje automático número 4564.,Spanish
C'est une belle journée numéro 4565.,French
Artificial intelligence is the future version 4566.,English
Yeh ek sundar din hai number 4567.,Hindi
Ich liebe maschinelles Lernen Nummer 4568.,German
La ciencia de datos es interesante número 4569.,Spanish
J'aime apprendre l'apprentissage automatique numéro 4570.,French
I love learning machine learning number 4571.,English
Main machine learning seekh raha hoon 4572.,Hindi
Ich liebe maschinelles Lernen Nummer 4573.,German
La inteligencia artificial es el futuro versión 4574.,Spanish
La science des données est intéressante numéro 4575.,French
Artificial intelligence is the future version 4576.,English
Data science bahut interesting hai 4577.,Hindi
Das ist ein schöner Tag Nummer 4578.,German
La ciencia de datos es interesante número 4579.,Spanish
J'aime programmer en Python session 4580.,French
Artificial intelligence is the future version 4581.,English
Yeh ek sundar din hai number 4582.,Hindi
Künstliche Intelligenz ist die Zukunft Version 4583.,German
La inteligencia artificial es el futuro versión 4584.,Spanish
J'aime programmer en Python session 4585.,French
I love learning machine learning number 4586.,English
Main machine learning seekh raha hoon 4587.,Hindi
Ich programmiere gerne in Python Sitzung 4588.,German
Disfruto programar en Python sesión 4589.,Spanish
J'aime programmer en Python session 4590.,French
Data science is interesting topic number 4591.,English
Main machine learning seekh raha hoon 4592.,Hindi
Ich liebe maschinelles Lernen Nummer 4593.,German
Disfruto programar en Python sesión 4594.,Spanish
J'aime programmer en Python session 4595.,French
Data science is interesting topic number 4596.,English
Artificial intelligence bhavishya hai 4597.,Hindi
Ich programmiere gerne in Python Sitzung 4598.,German
Me encanta aprender aprendizaje automático número 4599.,Spanish
C'est une belle journée numéro 4600.,French
Artificial intelligence is the future version 4601.,English
Yeh ek sundar din hai number 4602.,Hindi
Ich programmiere gerne in Python Sitzung 4603.,German
Me encanta aprender aprendizaje automático número 4604.,Spanish
La science des données est intéressante numéro 4605.,French
This is a beautiful day number 4606.,English
Main machine learning seekh raha hoon 4607.,Hindi
Künstliche Intelligenz ist die Zukunft Version 4608.,German
La ciencia de datos es interesante número 4609.,Spanish
J'aime programmer en Python session 4610.,French
I enjoy coding in Python session 4611.,English
Data science bahut interesting hai 4612.,Hindi
Ich programmiere gerne in Python Sitzung 4613.,German
La inteligencia artificial es el futuro versión 4614.,Spanish
J'aime apprendre l'apprentissage automatique numéro 4615.,French
Artificial intelligence is the future version 4616.,English
Main machine learning seekh raha hoon 4617.,Hindi
Das ist ein schöner Tag Nummer 4618.,German
La inteligencia artificial es el futuro versión 4619.,Spanish
C'est une belle journée numéro 4620.,French
I enjoy coding in Python session 4621.,English
Data science bahut interesting hai 4622.,Hindi
Das ist ein schöner Tag Nummer 4623.,German
Disfruto programar en Python sesión 4624.,Spanish
C'est une belle journée numéro 4625.,French
This is a beautiful day number 4626.,English
Artificial intelligence bhavishya hai 4627.,Hindi
Das ist ein schöner Tag Nummer 4628.,German
Disfruto programar en Python sesión 4629.,Spanish
J'aime apprendre l'apprentissage automatique numéro 4630.,French
I enjoy coding in Python session 4631.,English
Yeh ek sundar din hai number 4632.,Hindi
Ich programmiere gerne in Python Sitzung 4633.,German
La inteligencia artificial es el futuro versión 4634.,Spanish
J'aime programmer en Python session 4635.,French
I enjoy coding in Python session 4636.,English
Mujhe coding pasand hai number 4637.,Hindi
Künstliche Intelligenz ist die Zukunft Version 4638.,German
Me encanta aprender aprendizaje automático número 4639.,Spanish
J'aime apprendre l'apprentissage automatique numéro 4640.,French
I enjoy coding in Python session 4641.,English
Data science bahut interesting hai 4642.,Hindi
Datenwissenschaft ist interessant Nummer 4643.,German
La inteligencia artificial es el futuro versión 4644.,Spanish
C'est une belle journée numéro 4645.,French
Data science is interesting topic number 4646.,English
Yeh ek sundar din hai number 4647.,Hindi
Ich programmiere gerne in Python Sitzung 4648.,German
Me encanta aprender aprendizaje automático número 4649.,Spanish
L'intelligence artificielle est l'avenir version 4650.,French
This is a beautiful day number 4651.,English
Mujhe coding pasand hai number 4652.,Hindi
Künstliche Intelligenz ist die Zukunft Version 4653.,German
Disfruto programar en Python sesión 4654.,Spanish
L'intelligence artificielle est l'avenir version 4655.,French
This is a beautiful day number 4656.,English
Data science bahut interesting hai 4657.,Hindi
Ich programmiere gerne in Python Sitzung 4658.,German
Disfruto programar en Python sesión 4659.,Spanish
J'aime apprendre l'apprentissage automatique numéro 4660.,French
I love learning machine learning number 4661.,English
Main machine learning seekh raha hoon 4662.,Hindi
Ich liebe maschinelles Lernen Nummer 4663.,German
Este es un día hermoso número 4664.,Spanish
L'intelligence artificielle est l'avenir version 4665.,French
I love learning machine learning number 4666.,English
Data science bahut interesting hai 4667.,Hindi
Ich liebe maschinelles Lernen Nummer 4668.,German
Disfruto programar en Python sesión 4669.,Spanish
J'aime apprendre l'apprentissage automatique numéro 4670.,French
I love learning machine learning number 4671.,English
Mujhe coding pasand hai number 4672.,Hindi
Ich liebe maschinelles Lernen Nummer 4673.,German
La ciencia de datos es interesante número 4674.,Spanish
L'intelligence artificielle est l'avenir version 4675.,French
Artificial intelligence is the future version 4676.,English
Main machine learning seekh raha hoon 4677.,Hindi
Künstliche Intelligenz ist die Zukunft Version 4678.,German
La ciencia de datos es interesante número 4679.,Spanish
J'aime programmer en Python session 4680.,French
Artificial intelligence is the future version 4681.,English
Mujhe coding pasand hai number 4682.,Hindi
Ich liebe maschinelles Lernen Nummer 4683.,German
Me encanta aprender aprendizaje automático número 4684.,Spanish
J'aime apprendre l'apprentissage automatique numéro 4685.,French
Artificial intelligence is the future version 4686.,English
Yeh ek sundar din hai number 4687.,Hindi
Ich programmiere gerne in Python Sitzung 4688.,German
Me encanta aprender aprendizaje automático número 4689.,Spanish
C'est une belle journée numéro 4690.,French
This is a beautiful day number 4691.,English
Data science bahut interesting hai 4692.,Hindi
Ich liebe maschinelles Lernen Nummer 4693.,German
La inteligencia artificial es el futuro versión 4694.,Spanish
La science des données est intéressante numéro 4695.,French
I love learning machine learning number 4696.,English
Yeh ek sundar din hai number 4697.,Hindi
Künstliche Intelligenz ist die Zukunft Version 4698.,German
La ciencia de datos es interesante número 4699.,Spanish
C'est une belle journée numéro 4700.,French
This is a beautiful day number 4701.,English
Artificial intelligence bhavishya hai 4702.,Hindi
Ich programmiere gerne in Python Sitzung 4703.,German
La ciencia de datos es interesante número 4704.,Spanish
J'aime apprendre l'apprentissage automatique numéro 4705.,French
Artificial intelligence is the future version 4706.,English
Data science bahut interesting hai 4707.,Hindi
Das ist ein schöner Tag Nummer 4708.,German
La ciencia de datos es interesante número 4709.,Spanish
C'est une belle journée numéro 4710.,French
Artificial intelligence is the future version 4711.,English
Mujhe coding pasand hai number 4712.,Hindi
Ich programmiere gerne in Python Sitzung 4713.,German
Disfruto programar en Python sesión 4714.,Spanish
J'aime programmer en Python session 4715.,French
This is a beautiful day number 4716.,English
Yeh ek sundar din hai number 4717.,Hindi
Das ist ein schöner Tag Nummer 4718.,German
Este es un día hermoso número 4719.,Spanish
J'aime programmer en Python session 4720.,French
Artificial intelligence is the future version 4721.,English
Main machine learning seekh raha hoon 4722.,Hindi
Ich liebe maschinelles Lernen Nummer 4723.,German
Disfruto programar en Python sesión 4724.,Spanish
La science des données est intéressante numéro 4725.,French
Data science is interesting topic number 4726.,English
Mujhe coding pasand hai number 4727.,Hindi
Datenwissenschaft ist interessant Nummer 4728.,German
La ciencia de datos es interesante número 4729.,Spanish
L'intelligence artificielle est l'avenir version 4730.,French
Artificial intelligence is the future version 4731.,English
Data science bahut interesting hai 4732.,Hindi
Ich liebe maschinelles Lernen Nummer 4733.,German
La inteligencia artificial es el futuro versión 4734.,Spanish
C'est une belle journée numéro 4735.,French
Artificial intelligence is the future version 4736.,English
Mujhe coding pasand hai number 4737.,Hindi
Künstliche Intelligenz ist die Zukunft Version 4738.,German
La ciencia de datos es interesante número 4739.,Spanish
J'aime programmer en Python session 4740.,French
Data science is interesting topic number 4741.,English
Artificial intelligence bhavishya hai 4742.,Hindi
Datenwissenschaft ist interessant Nummer 4743.,German
La inteligencia artificial es el futuro versión 4744.,Spanish
La science des données est intéressante numéro 4745.,French
This is a beautiful day number 4746.,English
Yeh ek sundar din hai number 4747.,Hindi
Ich programmiere gerne in Python Sitzung 4748.,German
Este es un día hermoso número 4749.,Spanish
J'aime programmer en Python session 4750.,French
This is a beautiful day number 4751.,English
Mujhe coding pasand hai number 4752.,Hindi
Das ist ein schöner Tag Nummer 4753.,German
Me encanta aprender aprendizaje automático número 4754.,Spanish
J'aime programmer en Python session 4755.,French
I love learning machine learning number 4756.,English
Mujhe coding pasand hai number 4757.,Hindi
Ich programmiere gerne in Python Sitzung 4758.,German
Me encanta aprender aprendizaje automático número 4759.,Spanish
La science des données est intéressante numéro 4760.,French
I enjoy coding in Python session 4761.,English
Main machine learning seekh raha hoon 4762.,Hindi
Das ist ein schöner Tag Nummer 4763.,German
Disfruto programar en Python sesión 4764.,Spanish
L'intelligence artificielle est l'avenir version 4765.,French
I enjoy coding in Python session 4766.,English
Artificial intelligence bhavishya hai 4767.,Hindi
Das ist ein schöner Tag Nummer 4768.,German
Me encanta aprender aprendizaje automático número 4769.,Spanish
J'aime programmer en Python session 4770.,French
Data science is interesting topic number 4771.,English
Main machine learning seekh raha hoon 4772.,Hindi
Das ist ein schöner Tag Nummer 4773.,German
Este es un día hermoso número 4774.,Spanish
L'intelligence artificielle est l'avenir version 4775.,French
I love learning machine learning number 4776.,English
Yeh ek sundar din hai number 4777.,Hindi
Ich liebe maschinelles Lernen Nummer 4778.,German
La ciencia de datos es interesante número 4779.,Spanish
J'aime apprendre l'apprentissage automatique numéro 4780.,French
I enjoy coding in Python session 4781.,English
Artificial intelligence bhavishya hai 4782.,Hindi
Datenwissenschaft ist interessant Nummer 4783.,German
La inteligencia artificial es el futuro versión 4784.,Spanish
L'intelligence artificielle est l'avenir version 4785.,French
Artificial intelligence is the future version 4786.,English
Artificial intelligence bhavishya hai 4787.,Hindi
Das ist ein schöner Tag Nummer 4788.,German
La ciencia de datos es interesante número 4789.,Spanish
J'aime apprendre l'apprentissage automatique numéro 4790.,French
Data science is interesting topic number 4791.,English
Yeh ek sundar din hai number 4792.,Hindi
Ich liebe maschinelles Lernen Nummer 4793.,German
Disfruto programar en Python sesión 4794.,Spanish
La science des données est intéressante numéro 4795.,French
Artificial intelligence is the future version 4796.,English
Data science bahut interesting hai 4797.,Hindi
Ich programmiere gerne in Python Sitzung 4798.,German
Disfruto programar en Python sesión 4799.,Spanish
La science des données est intéressante numéro 4800.,French
Data science is interesting topic number 4801.,English
Yeh ek sundar din hai number 4802.,Hindi
Künstliche Intelligenz ist die Zukunft Version 4803.,German
Disfruto programar en Python sesión 4804.,Spanish
J'aime apprendre l'apprentissage automatique numéro 4805.,French
Artificial intelligence is the future version 4806.,English
Artificial intelligence bhavishya hai 4807.,Hindi
Datenwissenschaft ist interessant Nummer 4808.,German
Este es un día hermoso número 4809.,Spanish
C'est une belle journée numéro 4810.,French
I love learning machine learning number 4811.,English
Data science bahut interesting hai 4812.,Hindi
Künstliche Intelligenz ist die Zukunft Version 4813.,German
La inteligencia artificial es el futuro versión 4814.,Spanish
C'est une belle journée numéro 4815.,French
I enjoy coding in Python session 4816.,English
Data science bahut interesting hai 4817.,Hindi
Datenwissenschaft ist interessant Nummer 4818.,German
Este es un día hermoso número 4819.,Spanish
C'est une belle journée numéro 4820.,French
I love learning machine learning number 4821.,English
Main machine learning seekh raha hoon 4822.,Hindi
Ich programmiere gerne in Python Sitzung 4823.,German
La inteligencia artificial es el futuro versión 4824.,Spanish
La science des données est intéressante numéro 4825.,French
Data science is interesting topic number 4826.,English
Data science bahut interesting hai 4827.,Hindi
Künstliche Intelligenz ist die Zukunft Version 4828.,German
La inteligencia artificial es el futuro versión 4829.,Spanish
J'aime programmer en Python session 4830.,French
I enjoy coding in Python session 4831.,English
Artificial intelligence bhavishya hai 4832.,Hindi
Ich programmiere gerne in Python Sitzung 4833.,German
La inteligencia artificial es el futuro versión 4834.,Spanish
L'intelligence artificielle est l'avenir version 4835.,French
Data science is interesting topic number 4836.,English
Artificial intelligence bhavishya hai 4837.,Hindi
Künstliche Intelligenz ist die Zukunft Version 4838.,German
Me encanta aprender aprendizaje automático número 4839.,Spanish
C'est une belle journée numéro 4840.,French
Data science is interesting topic number 4841.,English
Mujhe coding pasand hai number 4842.,Hindi
Ich liebe maschinelles Lernen Nummer 4843.,German
La ciencia de datos es interesante número 4844.,Spanish
J'aime apprendre l'apprentissage automatique numéro 4845.,French
I love learning machine learning number 4846.,English
Mujhe coding pasand hai number 4847.,Hindi
Datenwissenschaft ist interessant Nummer 4848.,German
Este es un día hermoso número 4849.,Spanish
J'aime programmer en Python session 4850.,French
This is a beautiful day number 4851.,English
Artificial intelligence bhavishya hai 4852.,Hindi
Ich programmiere gerne in Python Sitzung 4853.,German
La ciencia de datos es interesante número 4854.,Spanish
J'aime programmer en Python session 4855.,French
I love learning machine learning number 4856.,English
Main machine learning seekh raha hoon 4857.,Hindi
Künstliche Intelligenz ist die Zukunft Version 4858.,German
La inteligencia artificial es el futuro versión 4859.,Spanish
J'aime apprendre l'apprentissage automatique numéro 4860.,French
Artificial intelligence is the future version 4861.,English
Data science bahut interesting hai 4862.,Hindi
Ich liebe maschinelles Lernen Nummer 4863.,German
Este es un día hermoso número 4864.,Spanish
C'est une belle journée numéro 4865.,French
Artificial intelligence is the future version 4866.,English
Main machine learning seekh raha hoon 4867.,Hindi
Ich programmiere gerne in Python Sitzung 4868.,German
Este es un día hermoso número 4869.,Spanish
J'aime apprendre l'apprentissage automatique numéro 4870.,French
Data science is interesting topic number 4871.,English
Yeh ek sundar din hai number 4872.,Hindi
Ich programmiere gerne in Python Sitzung 4873.,German
Me encanta aprender aprendizaje automático número 4874.,Spanish
J'aime apprendre l'apprentissage automatique numéro 4875.,French
This is a beautiful day number 4876.,English
Yeh ek sundar din hai number 4877.,Hindi
Ich programmiere gerne in Python Sitzung 4878.,German
Este es un día hermoso número 4879.,Spanish
J'aime apprendre l'apprentissage automatique numéro 4880.,French
This is a beautiful day number 4881.,English
Yeh ek sundar din hai number 4882.,Hindi
Ich liebe maschinelles Lernen Nummer 4883.,German
La inteligencia artificial es el futuro versión 4884.,Spanish
J'aime apprendre l'apprentissage automatique numéro 4885.,French
This is a beautiful day number 4886.,English
Artificial intelligence bhavishya hai 4887.,Hindi
Ich liebe maschinelles Lernen Nummer 4888.,German
La inteligencia artificial es el futuro versión 4889.,Spanish
J'aime apprendre l'apprentissage automatique numéro 4890.,French
Artificial intelligence is the future version 4891.,English
Yeh ek sundar din hai number 4892.,Hindi
Künstliche Intelligenz ist die Zukunft Version 4893.,German
Me encanta aprender aprendizaje automático número 4894.,Spanish
J'aime programmer en Python session 4895.,French
I enjoy coding in Python session 4896.,English
Main machine learning seekh raha hoon 4897.,Hindi
Ich programmiere gerne in Python Sitzung 4898.,German
Me encanta aprender aprendizaje automático número 4899.,Spanish
C'est une belle journée numéro 4900.,French
I enjoy coding in Python session 4901.,English
Mujhe coding pasand hai number 4902.,Hindi
Künstliche Intelligenz ist die Zukunft Version 4903.,German
Me encanta aprender aprendizaje automático número 4904.,Spanish
C'est une belle journée numéro 4905.,French
I enjoy coding in Python session 4906.,English
Mujhe coding pasand hai number 4907.,Hindi
Ich liebe maschinelles Lernen Nummer 4908.,German
Me encanta aprender aprendizaje automático número 4909.,Spanish
J'aime programmer en Python session 4910.,French
Artificial intelligence is the future version 4911.,English
Main machine learning seekh raha hoon 4912.,Hindi
Ich liebe maschinelles Lernen Nummer 4913.,German
Me encanta aprender aprendizaje automático número 4914.,Spanish
La science des données est intéressante numéro 4915.,French
Data science is interesting topic number 4916.,English
Main machine learning seekh raha hoon 4917.,Hindi
Datenwissenschaft ist interessant Nummer 4918.,German
Me encanta aprender aprendizaje automático número 4919.,Spanish
L'intelligence artificielle est l'avenir version 4920.,French
Data science is interesting topic number 4921.,English
Artificial intelligence bhavishya hai 4922.,Hindi
Ich programmiere gerne in Python Sitzung 4923.,German
Este es un día hermoso número 4924.,Spanish
L'intelligence artificielle est l'avenir version 4925.,French
Data science is interesting topic number 4926.,English
Artificial intelligence bhavishya hai 4927.,Hindi
Ich liebe maschinelles Lernen Nummer 4928.,German
La inteligencia artificial es el futuro versión 4929.,Spanish
J'aime programmer en Python session 4930.,French
This is a beautiful day number 4931.,English
Main machine learning seekh raha hoon 4932.,Hindi
Datenwissenschaft ist interessant Nummer 4933.,German
Disfruto programar en Python sesión 4934.,Spanish
La science des données est intéressante numéro 4935.,French
Data science is interesting topic number 4936.,English
Main machine learning seekh raha hoon 4937.,Hindi
Das ist ein schöner Tag Nummer 4938.,German
La ciencia de datos es interesante número 4939.,Spanish
C'est une belle journée numéro 4940.,French
Data science is interesting topic number 4941.,English
Main machine learning seekh raha hoon 4942.,Hindi
Künstliche Intelligenz ist die Zukunft Version 4943.,German
Me encanta aprender aprendizaje automático número 4944.,Spanish
C'est une belle journée numéro 4945.,French
Data science is interesting topic number 4946.,English
Yeh ek sundar din hai number 4947.,Hindi
Datenwissenschaft ist interessant Nummer 4948.,German
Me encanta aprender aprendizaje automático número 4949.,Spanish
La science des données est intéressante numéro 4950.,French
Data science is interesting topic number 4951.,English
Main machine learning seekh raha hoon 4952.,Hindi
Ich programmiere gerne in Python Sitzung 4953.,German
Disfruto programar en Python sesión 4954.,Spanish
C'est une belle journée numéro 4955.,French
I love learning machine learning number 4956.,English
Artificial intelligence bhavishya hai 4957.,Hindi
Das ist ein schöner Tag Nummer 4958.,German
La ciencia de datos es interesante número 4959.,Spanish
J'aime programmer en Python session 4960.,French
Data science is interesting topic number 4961.,English
Yeh ek sundar din hai number 4962.,Hindi
Ich programmiere gerne in Python Sitzung 4963.,German
La ciencia de datos es interesante número 4964.,Spanish
J'aime apprendre l'apprentissage automatique numéro 4965.,French
This is a beautiful day number 4966.,English
Main machine learning seekh raha hoon 4967.,Hindi
Ich programmiere gerne in Python Sitzung 4968.,German
Me encanta aprender aprendizaje automático número 4969.,Spanish
C'est une belle journée numéro 4970.,French
This is a beautiful day number 4971.,English
Artificial intelligence bhavishya hai 4972.,Hindi
Ich programmiere gerne in Python Sitzung 4973.,German
La ciencia de datos es interesante número 4974.,Spanish
L'intelligence artificielle est l'avenir version 4975.,French
I enjoy coding in Python session 4976.,English
Mujhe coding pasand hai number 4977.,Hindi
Künstliche Intelligenz ist die Zukunft Version 4978.,German
La inteligencia artificial es el futuro versión 4979.,Spanish
J'aime programmer en Python session 4980.,French
Data science is interesting topic number 4981.,English
Yeh ek sundar din hai number 4982.,Hindi
Künstliche Intelligenz ist die Zukunft Version 4983.,German
Este es un día hermoso número 4984.,Spanish
La science des données est intéressante numéro 4985.,French
I enjoy coding in Python session 4986.,English
Data science bahut interesting hai 4987.,Hindi
Künstliche Intelligenz ist die Zukunft Version 4988.,German
Me encanta aprender aprendizaje automático número 4989.,Spanish
La science des données est intéressante numéro 4990.,French
I enjoy coding in Python session 4991.,English
Data science bahut interesting hai 4992.,Hindi
Datenwissenschaft ist interessant Nummer 4993.,German
La ciencia de datos es interesante número 4994.,Spanish
La science des données est intéressante numéro 4995.,French
Artificial intelligence is the future version 4996.,English
Data science bahut interesting hai 4997.,Hindi
Datenwissenschaft ist interessant Nummer 4998.,German
Este es un día hermoso número 4999.,Spanish
La science des données est intéressante numéro 5000.,French
This is a beautiful day number 5001.,English
Mujhe coding pasand hai number 5002.,Hindi
Ich programmiere gerne in Python Sitzung 5003.,German
La inteligencia artificial es el futuro versión 5004.,Spanish
L'intelligence artificielle est l'avenir version 5005.,French
I love learning machine learning number 5006.,English
Artificial intelligence bhavishya hai 5007.,Hindi
Künstliche Intelligenz ist die Zukunft Version 5008.,German
Disfruto programar en Python sesión 5009.,Spanish
L'intelligence artificielle est l'avenir version 5010.,French
I love learning machine learning number 5011.,English
Main machine learning seekh raha hoon 5012.,Hindi
Ich programmiere gerne in Python Sitzung 5013.,German
Disfruto programar en Python sesión 5014.,Spanish
La science des données est intéressante numéro 5015.,French
Data science is interesting topic number 5016.,English
Mujhe coding pasand hai number 5017.,Hindi
Ich liebe maschinelles Lernen Nummer 5018.,German
Me encanta aprender aprendizaje automático número 5019.,Spanish
L'intelligence artificielle est l'avenir version 5020.,French
I love learning machine learning number 5021.,English
Mujhe coding pasand hai number 5022.,Hindi
Ich programmiere gerne in Python Sitzung 5023.,German
Este es un día hermoso número 5024.,Spanish
J'aime apprendre l'apprentissage automatique numéro 5025.,French
Data science is interesting topic number 5026.,English
Mujhe coding pasand hai number 5027.,Hindi
Ich programmiere gerne in Python Sitzung 5028.,German
Disfruto programar en Python sesión 5029.,Spanish
J'aime apprendre l'apprentissage automatique numéro 5030.,French
Artificial intelligence is the future version 5031.,English
Artificial intelligence bhavishya hai 5032.,Hindi
Das ist ein schöner Tag Nummer 5033.,German
Me encanta aprender aprendizaje automático número 5034.,Spanish
C'est une belle journée numéro 5035.,French
Data science is interesting topic number 5036.,English
Yeh ek sundar din hai number 5037.,Hindi
Ich programmiere gerne in Python Sitzung 5038.,German
Disfruto programar en Python sesión 5039.,Spanish
La science des données est intéressante numéro 5040.,French
This is a beautiful day number 5041.,English
Artificial intelligence bhavishya hai 5042.,Hindi
Datenwissenschaft ist interessant Nummer 5043.,German
Este es un día hermoso número 5044.,Spanish
C'est une belle journée numéro 5045.,French
I love learning machine learning number 5046.,English
Artificial intelligence bhavishya hai 5047.,Hindi
Ich programmiere gerne in Python Sitzung 5048.,German
Me encanta aprender aprendizaje automático número 5049.,Spanish
J'aime programmer en Python session 5050.,French
I love learning machine learning number 5051.,English
Artificial intelligence bhavishya hai 5052.,Hindi
Künstliche Intelligenz ist die Zukunft Version 5053.,German
Este es un día hermoso número 5054.,Spanish
J'aime programmer en Python session 5055.,French
Data science is interesting topic number 5056.,English
Main machine learning seekh raha hoon 5057.,Hindi
Ich liebe maschinelles Lernen Nummer 5058.,German
La inteligencia artificial es el futuro versión 5059.,Spanish
J'aime apprendre l'apprentissage automatique numéro 5060.,French
This is a beautiful day number 5061.,English
Yeh ek sundar din hai number 5062.,Hindi
Ich programmiere gerne in Python Sitzung 5063.,German
Me encanta aprender aprendizaje automático número 5064.,Spanish
J'aime programmer en Python session 5065.,French
I love learning machine learning number 5066.,English
Main machine learning seekh raha hoon 5067.,Hindi
Datenwissenschaft ist interessant Nummer 5068.,German
Disfruto programar en Python sesión 5069.,Spanish
L'intelligence artificielle est l'avenir version 5070.,French
I enjoy coding in Python session 5071.,English
Main machine learning seekh raha hoon 5072.,Hindi
Ich programmiere gerne in Python Sitzung 5073.,German
Este es un día hermoso número 5074.,Spanish
J'aime programmer en Python session 5075.,French
I enjoy coding in Python session 5076.,English
Mujhe coding pasand hai number 5077.,Hindi
Das ist ein schöner Tag Nummer 5078.,German
Me encanta aprender aprendizaje automático número 5079.,Spanish
L'intelligence artificielle est l'avenir version 5080.,French
I love learning machine learning number 5081.,English
Yeh ek sundar din hai number 5082.,Hindi
Ich programmiere gerne in Python Sitzung 5083.,German
Me encanta aprender aprendizaje automático número 5084.,Spanish
La science des données est intéressante numéro 5085.,French
Artificial intelligence is the future version 5086.,English
Yeh ek sundar din hai number 5087.,Hindi
Ich liebe maschinelles Lernen Nummer 5088.,German
La ciencia de datos es interesante número 5089.,Spanish
J'aime apprendre l'apprentissage automatique numéro 5090.,French
Artificial intelligence is the future version 5091.,English
Data science bahut interesting hai 5092.,Hindi
Ich programmiere gerne in Python Sitzung 5093.,German
Este es un día hermoso número 5094.,Spanish
L'intelligence artificielle est l'avenir version 5095.,French
Artificial intelligence is the future version 5096.,English
Data science bahut interesting hai 5097.,Hindi
Das ist ein schöner Tag Nummer 5098.,German
Este es un día hermoso número 5099.,Spanish
J'aime programmer en Python session 5100.,French
I love learning machine learning number 5101.,English
Main machine learning seekh raha hoon 5102.,Hindi
Ich liebe maschinelles Lernen Nummer 5103.,German
Me encanta aprender aprendizaje automático número 5104.,Spanish
La science des données est intéressante numéro 5105.,French
Data science is interesting topic number 5106.,English
Main machine learning seekh raha hoon 5107.,Hindi
Künstliche Intelligenz ist die Zukunft Version 5108.,German
Me encanta aprender aprendizaje automático número 5109.,Spanish
L'intelligence artificielle est l'avenir version 5110.,French
Data science is interesting topic number 5111.,English
Data science bahut interesting hai 5112.,Hindi
Datenwissenschaft ist interessant Nummer 5113.,German
La ciencia de datos es interesante número 5114.,Spanish
L'intelligence artificielle est l'avenir version 5115.,French
Data science is interesting topic number 5116.,English
Mujhe coding pasand hai number 5117.,Hindi
Ich liebe maschinelles Lernen Nummer 5118.,German
Disfruto programar en Python sesión 5119.,Spanish
La science des données est intéressante numéro 5120.,French
This is a beautiful day number 5121.,English
Main machine learning seekh raha hoon 5122.,Hindi
Ich liebe maschinelles Lernen Nummer 5123.,German
La ciencia de datos es interesante número 5124.,Spanish
La science des données est intéressante numéro 5125.,French
Artificial intelligence is the future version 5126.,English
Artificial intelligence bhavishya hai 5127.,Hindi
Künstliche Intelligenz ist die Zukunft Version 5128.,German
Este es un día hermoso número 5129.,Spanish
J'aime apprendre l'apprentissage automatique numéro 5130.,French
I love learning machine learning number 5131.,English
Artificial intelligence bhavishya hai 5132.,Hindi
Ich programmiere gerne in Python Sitzung 5133.,German
La ciencia de datos es interesante número 5134.,Spanish
La science des données est intéressante numéro 5135.,French
I enjoy coding in Python session 5136.,English
Main machine learning seekh raha hoon 5137.,Hindi
Ich programmiere gerne in Python Sitzung 5138.,German
Este es un día hermoso número 5139.,Spanish
C'est une belle journée numéro 5140.,French
Data science is interesting topic number 5141.,English
Main machine learning seekh raha hoon 5142.,Hindi
Datenwissenschaft ist interessant Nummer 5143.,German
Este es un día hermoso número 5144.,Spanish
C'est une belle journée numéro 5145.,French
Data science is interesting topic number 5146.,English
Yeh ek sundar din hai number 5147.,Hindi
Künstliche Intelligenz ist die Zukunft Version 5148.,German
La ciencia de datos es interesante número 5149.,Spanish
La science des données est intéressante numéro 5150.,French
I love learning machine learning number 5151.,English
Main machine learning seekh raha hoon 5152.,Hindi
Künstliche Intelligenz ist die Zukunft Version 5153.,German
Me encanta aprender aprendizaje automático número 5154.,Spanish
La science des données est intéressante numéro 5155.,French
Artificial intelligence is the future version 5156.,English
Data science bahut interesting hai 5157.,Hindi
Ich liebe maschinelles Lernen Nummer 5158.,German
Me encanta aprender aprendizaje automático número 5159.,Spanish
La science des données est intéressante numéro 5160.,French
Artificial intelligence is the future version 5161.,English
Data science bahut interesting hai 5162.,Hindi
Datenwissenschaft ist interessant Nummer 5163.,German
Este es un día hermoso número 5164.,Spanish
J'aime apprendre l'apprentissage automatique numéro 5165.,French
Data science is interesting topic number 5166.,English
Yeh ek sundar din hai number 5167.,Hindi
Künstliche Intelligenz ist die Zukunft Version 5168.,German
Este es un día hermoso número 5169.,Spanish
C'est une belle journée numéro 5170.,French
I love learning machine learning number 5171.,English
Mujhe coding pasand hai number 5172.,Hindi
Ich programmiere gerne in Python Sitzung 5173.,German
La ciencia de datos es interesante número 5174.,Spanish
J'aime apprendre l'apprentissage automatique numéro 5175.,French
Artificial intelligence is the future version 5176.,English
Main machine learning seekh raha hoon 5177.,Hindi
Künstliche Intelligenz ist die Zukunft Version 5178.,German
La inteligencia artificial es el futuro versión 5179.,Spanish
J'aime programmer en Python session 5180.,French
I love learning machine learning number 5181.,English
Mujhe coding pasand hai number 5182.,Hindi
Datenwissenschaft ist interessant Nummer 5183.,German
Este es un día hermoso número 5184.,Spanish
La science des données est intéressante numéro 5185.,French
I love learning machine learning number 5186.,English
Data science bahut interesting hai 5187.,Hindi
Künstliche Intelligenz ist die Zukunft Version 5188.,German
Disfruto programar en Python sesión 5189.,Spanish
J'aime programmer en Python session 5190.,French
Artificial intelligence is the future version 5191.,English
Main machine learning seekh raha hoon 5192.,Hindi
Ich programmiere gerne in Python Sitzung 5193.,German
Este es un día hermoso número 5194.,Spanish
J'aime apprendre l'apprentissage automatique numéro 5195.,French
Data science is interesting topic number 5196.,English
Artificial intelligence bhavishya hai 5197.,Hindi
Ich liebe maschinelles Lernen Nummer 5198.,German
La inteligencia artificial es el futuro versión 5199.,Spanish
J'aime programmer en Python session 5200.,French
I love learning machine learning number 5201.,English
Data science bahut interesting hai 5202.,Hindi
Datenwissenschaft ist interessant Nummer 5203.,German
La ciencia de datos es interesante número 5204.,Spanish
La science des données est intéressante numéro 5205.,French
Data science is interesting topic number 5206.,English
Mujhe coding pasand hai number 5207.,Hindi
Künstliche Intelligenz ist die Zukunft Version 5208.,German
La ciencia de datos es interesante número 5209.,Spanish
L'intelligence artificielle est l'avenir version 5210.,French
Data science is interesting topic number 5211.,English
Artificial intelligence bhavishya hai 5212.,Hindi
Datenwissenschaft ist interessant Nummer 5213.,German
Este es un día hermoso número 5214.,Spanish
J'aime apprendre l'apprentissage automatique numéro 5215.,French
Data science is interesting topic number 5216.,English
Yeh ek sundar din hai number 5217.,Hindi
Das ist ein schöner Tag Nummer 5218.,German
Este es un día hermoso número 5219.,Spanish
La science des données est intéressante numéro 5220.,French
Data science is interesting topic number 5221.,English
Yeh ek sundar din hai number 5222.,Hindi
Ich programmiere gerne in Python Sitzung 5223.,German
Me encanta aprender aprendizaje automático número 5224.,Spanish
La science des données est intéressante numéro 5225.,French
This is a beautiful day number 5226.,English
Data science bahut interesting hai 5227.,Hindi
Ich liebe maschinelles Lernen Nummer 5228.,German
Me encanta aprender aprendizaje automático número 5229.,Spanish
J'aime programmer en Python session 5230.,French
This is a beautiful day number 5231.,English
Mujhe coding pasand hai number 5232.,Hindi
Datenwissenschaft ist interessant Nummer 5233.,German
La ciencia de datos es interesante número 5234.,Spanish
J'aime programmer en Python session 5235.,French
This is a beautiful day number 5236.,English
Data science bahut interesting hai 5237.,Hindi
Ich liebe maschinelles Lernen Nummer 5238.,German
Disfruto programar en Python sesión 5239.,Spanish
C'est une belle journée numéro 5240.,French
Data science is interesting topic number 5241.,English
Data science bahut interesting hai 5242.,Hindi
Datenwissenschaft ist interessant Nummer 5243.,German
Disfruto programar en Python sesión 5244.,Spanish
C'est une belle journée numéro 5245.,French
I enjoy coding in Python session 5246.,English
Artificial intelligence bhavishya hai 5247.,Hindi
Ich liebe maschinelles Lernen Nummer 5248.,German
Este es un día hermoso número 5249.,Spanish
J'aime apprendre l'apprentissage automatique numéro 5250.,French
I love learning machine learning number 5251.,English
Mujhe coding pasand hai number 5252.,Hindi
Das ist ein schöner Tag Nummer 5253.,German
Disfruto programar en Python sesión 5254.,Spanish
La science des données est intéressante numéro 5255.,French
I love learning machine learning number 5256.,English
Mujhe coding pasand hai number 5257.,Hindi
Künstliche Intelligenz ist die Zukunft Version 5258.,German
La ciencia de datos es interesante número 5259.,Spanish
L'intelligence artificielle est l'avenir version 5260.,French
This is a beautiful day number 5261.,English
Mujhe coding pasand hai number 5262.,Hindi
Datenwissenschaft ist interessant Nummer 5263.,German
Me encanta aprender aprendizaje automático número 5264.,Spanish
J'aime programmer en Python session 5265.,French
Artificial intelligence is the future version 5266.,English
Yeh ek sundar din hai number 5267.,Hindi
Künstliche Intelligenz ist die Zukunft Version 5268.,German
La ciencia de datos es interesante número 5269.,Spanish
La science des données est intéressante numéro 5270.,French
Artificial intelligence is the future version 5271.,English
Artificial intelligence bhavishya hai 5272.,Hindi
Ich liebe maschinelles Lernen Nummer 5273.,German
Este es un día hermoso número 5274.,Spanish
L'intelligence artificielle est l'avenir version 5275.,French
This is a beautiful day number 5276.,English
Data science bahut interesting hai 5277.,Hindi
Das ist ein schöner Tag Nummer 5278.,German
La ciencia de datos es interesante número 5279.,Spanish
J'aime programmer en Python session 5280.,French
I love learning machine learning number 5281.,English
Data science bahut interesting hai 5282.,Hindi
Das ist ein schöner Tag Nummer 5283.,German
La ciencia de datos es interesante número 5284.,Spanish
L'intelligence artificielle est l'avenir version 5285.,French
Data science is interesting topic number 5286.,English
Data science bahut interesting hai 5287.,Hindi
Das ist ein schöner Tag Nummer 5288.,German
La ciencia de datos es interesante número 5289.,Spanish
C'est une belle journée numéro 5290.,French
I love learning machine learning number 5291.,English
Data science bahut interesting hai 5292.,Hindi
Ich programmiere gerne in Python Sitzung 5293.,German
Este es un día hermoso número 5294.,Spanish
J'aime programmer en Python session 5295.,French
I love learning machine learning number 5296.,English
Artificial intelligence bhavishya hai 5297.,Hindi
Datenwissenschaft ist interessant Nummer 5298.,German
La ciencia de datos es interesante número 5299.,Spanish
C'est une belle journée numéro 5300.,French
Artificial intelligence is the future version 5301.,English
Mujhe coding pasand hai number 5302.,Hindi
Künstliche Intelligenz ist die Zukunft Version 5303.,German
Me encanta aprender aprendizaje automático número 5304.,Spanish
J'aime apprendre l'apprentissage automatique numéro 5305.,French
I love learning machine learning number 5306.,English
Artificial intelligence bhavishya hai 5307.,Hindi
Ich programmiere gerne in Python Sitzung 5308.,German
La ciencia de datos es interesante número 5309.,Spanish
J'aime apprendre l'apprentissage automatique numéro 5310.,French
I love learning machine learning number 5311.,English
Mujhe coding pasand hai number 5312.,Hindi
Künstliche Intelligenz ist die Zukunft Version 5313.,German
La ciencia de datos es interesante número 5314.,Spanish
J'aime apprendre l'apprentissage automatique numéro 5315.,French
I enjoy coding in Python session 5316.,English
Data science bahut interesting hai 5317.,Hindi
Datenwissenschaft ist interessant Nummer 5318.,German
Me encanta aprender aprendizaje automático número 5319.,Spanish
J'aime programmer en Python session 5320.,French
I enjoy coding in Python session 5321.,English
Mujhe coding pasand hai number 5322.,Hindi
Datenwissenschaft ist interessant Nummer 5323.,German
Disfruto programar en Python sesión 5324.,Spanish
C'est une belle journée numéro 5325.,French
Artificial intelligence is the future version 5326.,English
Mujhe coding pasand hai number 5327.,Hindi
Ich liebe maschinelles Lernen Nummer 5328.,German
Disfruto programar en Python sesión 5329.,Spanish
L'intelligence artificielle est l'avenir version 5330.,French
Artificial intelligence is the future version 5331.,English
Data science bahut interesting hai 5332.,Hindi
Das ist ein schöner Tag Nummer 5333.,German
La ciencia de datos es interesante número 5334.,Spanish
L'intelligence artificielle est l'avenir version 5335.,French
I love learning machine learning number 5336.,English
Mujhe coding pasand hai number 5337.,Hindi
Ich liebe maschinelles Lernen Nummer 5338.,German
Este es un día hermoso número 5339.,Spanish
J'aime programmer en Python session 5340.,French
I enjoy coding in Python session 5341.,English
Mujhe coding pasand hai number 5342.,Hindi
Das ist ein schöner Tag Nummer 5343.,German
Me encanta aprender aprendizaje automático número 5344.,Spanish
La science des données est intéressante numéro 5345.,French
I enjoy coding in Python session 5346.,English
Artificial intelligence bhavishya hai 5347.,Hindi
Datenwissenschaft ist interessant Nummer 5348.,German
La inteligencia artificial es el futuro versión 5349.,Spanish
La science des données est intéressante numéro 5350.,French
I love learning machine learning number 5351.,English
Main machine learning seekh raha hoon 5352.,Hindi
Datenwissenschaft ist interessant Nummer 5353.,German
La inteligencia artificial es el futuro versión 5354.,Spanish
C'est une belle journée numéro 5355.,French
This is a beautiful day number 5356.,English
Data science bahut interesting hai 5357.,Hindi
Datenwissenschaft ist interessant Nummer 5358.,German
Me encanta aprender aprendizaje automático número 5359.,Spanish
J'aime apprendre l'apprentissage automatique numéro 5360.,French
This is a beautiful day number 5361.,English
Artificial intelligence bhavishya hai 5362.,Hindi
Ich programmiere gerne in Python Sitzung 5363.,German
Me encanta aprender aprendizaje automático número 5364.,Spanish
J'aime apprendre l'apprentissage automatique numéro 5365.,French
I enjoy coding in Python session 5366.,English
Main machine learning seekh raha hoon 5367.,Hindi
Ich programmiere gerne in Python Sitzung 5368.,German
La inteligencia artificial es el futuro versión 5369.,Spanish
C'est une belle journée numéro 5370.,French
I enjoy coding in Python session 5371.,English
Main machine learning seekh raha hoon 5372.,Hindi
Datenwissenschaft ist interessant Nummer 5373.,German
Disfruto programar en Python sesión 5374.,Spanish
J'aime apprendre l'apprentissage automatique numéro 5375.,French
Artificial intelligence is the future version 5376.,English
Data science bahut interesting hai 5377.,Hindi
Datenwissenschaft ist interessant Nummer 5378.,German
Disfruto programar en Python sesión 5379.,Spanish
La science des données est intéressante numéro 5380.,French
Data science is interesting topic number 5381.,English
Data science bahut interesting hai 5382.,Hindi
Ich liebe maschinelles Lernen Nummer 5383.,German
Disfruto programar en Python sesión 5384.,Spanish
J'aime programmer en Python session 5385.,French
I enjoy coding in Python session 5386.,English
Data science bahut interesting hai 5387.,Hindi
Ich liebe maschinelles Lernen Nummer 5388.,German
La inteligencia artificial es el futuro versión 5389.,Spanish
C'est une belle journée numéro 5390.,French
Data science is interesting topic number 5391.,English
Main machine learning seekh raha hoon 5392.,Hindi
Ich liebe maschinelles Lernen Nummer 5393.,German
Este es un día hermoso número 5394.,Spanish
C'est une belle journée numéro 5395.,French
Data science is interesting topic number 5396.,English
Data science bahut interesting hai 5397.,Hindi
Das ist ein schöner Tag Nummer 5398.,German
La inteligencia artificial es el futuro versión 5399.,Spanish
L'intelligence artificielle est l'avenir version 5400.,French
I enjoy coding in Python session 5401.,English
Artificial intelligence bhavishya hai 5402.,Hindi
Ich programmiere gerne in Python Sitzung 5403.,German
Me encanta aprender aprendizaje automático número 5404.,Spanish
L'intelligence artificielle est l'avenir version 5405.,French
Artificial intelligence is the future version 5406.,English
Main machine learning seekh raha hoon 5407.,Hindi
Datenwissenschaft ist interessant Nummer 5408.,German
La ciencia de datos es interesante número 5409.,Spanish
L'intelligence artificielle est l'avenir version 5410.,French
I love learning machine learning number 5411.,English
Artificial intelligence bhavishya hai 5412.,Hindi
Künstliche Intelligenz ist die Zukunft Version 5413.,German
La ciencia de datos es interesante número 5414.,Spanish
L'intelligence artificielle est l'avenir version 5415.,French
I enjoy coding in Python session 5416.,English
Artificial intelligence bhavishya hai 5417.,Hindi
Ich programmiere gerne in Python Sitzung 5418.,German
La ciencia de datos es interesante número 5419.,Spanish
J'aime apprendre l'apprentissage automatique numéro 5420.,French
Artificial intelligence is the future version 5421.,English
Artificial intelligence bhavishya hai 5422.,Hindi
Das ist ein schöner Tag Nummer 5423.,German
La inteligencia artificial es el futuro versión 5424.,Spanish
La science des données est intéressante numéro 5425.,French
This is a beautiful day number 5426.,English
Yeh ek sundar din hai number 5427.,Hindi
Das ist ein schöner Tag Nummer 5428.,German
Disfruto programar en Python sesión 5429.,Spanish
J'aime programmer en Python session 5430.,French
I love learning machine learning number 5431.,English
Data science bahut interesting hai 5432.,Hindi
Das ist ein schöner Tag Nummer 5433.,German
La inteligencia artificial es el futuro versión 5434.,Spanish
J'aime programmer en Python session 5435.,French
Artificial intelligence is the future version 5436.,English
Yeh ek sundar din hai number 5437.,Hindi
Das ist ein schöner Tag Nummer 5438.,German
Me encanta aprender aprendizaje automático número 5439.,Spanish
J'aime apprendre l'apprentissage automatique numéro 5440.,French
I enjoy coding in Python session 5441.,English
Mujhe coding pasand hai number 5442.,Hindi
Datenwissenschaft ist interessant Nummer 5443.,German
Este es un día hermoso número 5444.,Spanish
J'aime programmer en Python session 5445.,French
Artificial intelligence is the future version 5446.,English
Main machine learning seekh raha hoon 5447.,Hindi
Ich programmiere gerne in Python Sitzung 5448.,German
Me encanta aprender aprendizaje automático número 5449.,Spanish
C'est une belle journée numéro 5450.,French
Artificial intelligence is the future version 5451.,English
Main machine learning seekh raha hoon 5452.,Hindi
Das ist ein schöner Tag Nummer 5453.,German
Disfruto programar en Python sesión 5454.,Spanish
J'aime apprendre l'apprentissage automatique numéro 5455.,French
Data science is interesting topic number 5456.,English
Yeh ek sundar din hai number 5457.,Hindi
Das ist ein schöner Tag Nummer 5458.,German
Este es un día hermoso número 5459.,Spanish
L'intelligence artificielle est l'avenir version 5460.,French
This is a beautiful day number 5461.,English
Data science bahut interesting hai 5462.,Hindi
Datenwissenschaft ist interessant Nummer 5463.,German
Me encanta aprender aprendizaje automático número 5464.,Spanish
L'intelligence artificielle est l'avenir version 5465.,French
Artificial intelligence is the future version 5466.,English
Data science bahut interesting hai 5467.,Hindi
Das ist ein schöner Tag Nummer 5468.,German
La ciencia de datos es interesante número 5469.,Spanish
J'aime apprendre l'apprentissage automatique numéro 5470.,French
I enjoy coding in Python session 5471.,English
Yeh ek sundar din hai number 5472.,Hindi
Ich liebe maschinelles Lernen Nummer 5473.,German
Este es un día hermoso número 5474.,Spanish
La science des données est intéressante numéro 5475.,French
This is a beautiful day number 5476.,English
Mujhe coding pasand hai number 5477.,Hindi
Ich liebe maschinelles Lernen Nummer 5478.,German
Me encanta aprender aprendizaje automático número 5479.,Spanish
J'aime programmer en Python session 5480.,French
I love learning machine learning number 5481.,English
Yeh ek sundar din hai number 5482.,Hindi
Künstliche Intelligenz ist die Zukunft Version 5483.,German
Disfruto programar en Python sesión 5484.,Spanish
J'aime apprendre l'apprentissage automatique numéro 5485.,French
Artificial intelligence is the future version 5486.,English
Artificial intelligence bhavishya hai 5487.,Hindi
Künstliche Intelligenz ist die Zukunft Version 5488.,German
La inteligencia artificial es el futuro versión 5489.,Spanish
L'intelligence artificielle est l'avenir version 5490.,French
Data science is interesting topic number 5491.,English
Data science bahut interesting hai 5492.,Hindi
Datenwissenschaft ist interessant Nummer 5493.,German
La ciencia de datos es interesante número 5494.,Spanish
La science des données est intéressante numéro 5495.,French
Data science is interesting topic number 5496.,English
Yeh ek sundar din hai number 5497.,Hindi
Das ist ein schöner Tag Nummer 5498.,German
Me encanta aprender aprendizaje automático número 5499.,Spanish
La science des données est intéressante numéro 5500.,French
Artificial intelligence is the future version 5501.,English
Data science bahut interesting hai 5502.,Hindi
Das ist ein schöner Tag Nummer 5503.,German
Me encanta aprender aprendizaje automático número 5504.,Spanish
J'aime apprendre l'apprentissage automatique numéro 5505.,French
Artificial intelligence is the future version 5506.,English
Artificial intelligence bhavishya hai 5507.,Hindi
Ich liebe maschinelles Lernen Nummer 5508.,German
La inteligencia artificial es el futuro versión 5509.,Spanish
La science des données est intéressante numéro 5510.,French
I love learning machine learning number 5511.,English
Data science bahut interesting hai 5512.,Hindi
Das ist ein schöner Tag Nummer 5513.,German
Este es un día hermoso número 5514.,Spanish
C'est une belle journée numéro 5515.,French
Artificial intelligence is the future version 5516.,English
Artificial intelligence bhavishya hai 5517.,Hindi
Ich programmiere gerne in Python Sitzung 5518.,German
Me encanta aprender aprendizaje automático número 5519.,Spanish
L'intelligence artificielle est l'avenir version 5520.,French
Data science is interesting topic number 5521.,English
Data science bahut interesting hai 5522.,Hindi
Ich programmiere gerne in Python Sitzung 5523.,German
Me encanta aprender aprendizaje automático número 5524.,Spanish
La science des données est intéressante numéro 5525.,French
I love learning machine learning number 5526.,English
Mujhe coding pasand hai number 5527.,Hindi
Ich liebe maschinelles Lernen Nummer 5528.,German
Este es un día hermoso número 5529.,Spanish
J'aime programmer en Python session 5530.,French
I enjoy coding in Python session 5531.,English
Mujhe coding pasand hai number 5532.,Hindi
Ich liebe maschinelles Lernen Nummer 5533.,German
Me encanta aprender aprendizaje automático número 5534.,Spanish
J'aime apprendre l'apprentissage automatique numéro 5535.,French
Artificial intelligence is the future version 5536.,English
Mujhe coding pasand hai number 5537.,Hindi
Künstliche Intelligenz ist die Zukunft Version 5538.,German
Este es un día hermoso número 5539.,Spanish
J'aime apprendre l'apprentissage automatique numéro 5540.,French
Artificial intelligence is the future version 5541.,English
Yeh ek sundar din hai number 5542.,Hindi
Künstliche Intelligenz ist die Zukunft Version 5543.,German
La inteligencia artificial es el futuro versión 5544.,Spanish
J'aime apprendre l'apprentissage automatique numéro 5545.,French
Artificial intelligence is the future version 5546.,English
Main machine learning seekh raha hoon 5547.,Hindi
Datenwissenschaft ist interessant Nummer 5548.,German
Este es un día hermoso número 5549.,Spanish
L'intelligence artificielle est l'avenir version 5550.,French
I enjoy coding in Python session 5551.,English
Mujhe coding pasand hai number 5552.,Hindi
Datenwissenschaft ist interessant Nummer 5553.,German
La inteligencia artificial es el futuro versión 5554.,Spanish
C'est une belle journée numéro 5555.,French
I enjoy coding in Python session 5556.,English
Artificial intelligence bhavishya hai 5557.,Hindi
Ich programmiere gerne in Python Sitzung 5558.,German
La ciencia de datos es interesante número 5559.,Spanish
C'est une belle journée numéro 5560.,French
I love learning machine learning number 5561.,English
Data science bahut interesting hai 5562.,Hindi
Ich programmiere gerne in Python Sitzung 5563.,German
Disfruto programar en Python sesión 5564.,Spanish
C'est une belle journée numéro 5565.,French
Artificial intelligence is the future version 5566.,English
Yeh ek sundar din hai number 5567.,Hindi
Ich programmiere gerne in Python Sitzung 5568.,German
La inteligencia artificial es el futuro versión 5569.,Spanish
J'aime programmer en Python session 5570.,French
Data science is interesting topic number 5571.,English
Artificial intelligence bhavishya hai 5572.,Hindi
Ich liebe maschinelles Lernen Nummer 5573.,German
Me encanta aprender aprendizaje automático número 5574.,Spanish
La science des données est intéressante numéro 5575.,French
Data science is interesting topic number 5576.,English
Mujhe coding pasand hai number 5577.,Hindi
Künstliche Intelligenz ist die Zukunft Version 5578.,German
La ciencia de datos es interesante número 5579.,Spanish
J'aime apprendre l'apprentissage automatique numéro 5580.,French
Artificial intelligence is the future version 5581.,English
Mujhe coding pasand hai number 5582.,Hindi
Künstliche Intelligenz ist die Zukunft Version 5583.,German
Me encanta aprender aprendizaje automático número 5584.,Spanish
J'aime programmer en Python session 5585.,French
I love learning machine learning number 5586.,English
Artificial intelligence bhavishya hai 5587.,Hindi
Ich programmiere gerne in Python Sitzung 5588.,German
Me encanta aprender aprendizaje automático número 5589.,Spanish
J'aime programmer en Python session 5590.,French
This is a beautiful day number 5591.,English
Main machine learning seekh raha hoon 5592.,Hindi
Das ist ein schöner Tag Nummer 5593.,German
La ciencia de datos es interesante número 5594.,Spanish
La science des données est intéressante numéro 5595.,French
I enjoy coding in Python session 5596.,English
Artificial intelligence bhavishya hai 5597.,Hindi
Ich programmiere gerne in Python Sitzung 5598.,German
La ciencia de datos es interesante número 5599.,Spanish
L'intelligence artificielle est l'avenir version 5600.,French
I enjoy coding in Python session 5601.,English
Yeh ek sundar din hai number 5602.,Hindi
Datenwissenschaft ist interessant Nummer 5603.,German
Disfruto programar en Python sesión 5604.,Spanish
J'aime apprendre l'apprentissage automatique numéro 5605.,French
Data science is interesting topic number 5606.,English
Artificial intelligence bhavishya hai 5607.,Hindi
Ich programmiere gerne in Python Sitzung 5608.,German
Me encanta aprender aprendizaje automático número 5609.,Spanish
La science des données est intéressante numéro 5610.,French
Artificial intelligence is the future version 5611.,English
Mujhe coding pasand hai number 5612.,Hindi
Künstliche Intelligenz ist die Zukunft Version 5613.,German
Disfruto programar en Python sesión 5614.,Spanish
J'aime apprendre l'apprentissage automatique numéro 5615.,French
This is a beautiful day number 5616.,English
Yeh ek sundar din hai number 5617.,Hindi
Datenwissenschaft ist interessant Nummer 5618.,German
La ciencia de datos es interesante número 5619.,Spanish
C'est une belle journée numéro 5620.,French
Data science is interesting topic number 5621.,English
Mujhe coding pasand hai number 5622.,Hindi
Ich programmiere gerne in Python Sitzung 5623.,German
Este es un día hermoso número 5624.,Spanish
C'est une belle journée numéro 5625.,French
This is a beautiful day number 5626.,English
Yeh ek sundar din hai number 5627.,Hindi
Das ist ein schöner Tag Nummer 5628.,German
Este es un día hermoso número 5629.,Spanish
La science des données est intéressante numéro 5630.,French
Artificial intelligence is the future version 5631.,English
Yeh ek sundar din hai number 5632.,Hindi
Künstliche Intelligenz ist die Zukunft Version 5633.,German
Este es un día hermoso número 5634.,Spanish
C'est une belle journée numéro 5635.,French
Data science is interesting topic number 5636.,English
Mujhe coding pasand hai number 5637.,Hindi
Datenwissenschaft ist interessant Nummer 5638.,German
Disfruto programar en Python sesión 5639.,Spanish
J'aime apprendre l'apprentissage automatique numéro 5640.,French
Data science is interesting topic number 5641.,English
Yeh ek sundar din hai number 5642.,Hindi
Datenwissenschaft ist interessant Nummer 5643.,German
La inteligencia artificial es el futuro versión 5644.,Spanish
L'intelligence artificielle est l'avenir version 5645.,French
Artificial intelligence is the future version 5646.,English
Yeh ek sundar din hai number 5647.,Hindi
Das ist ein schöner Tag Nummer 5648.,German
Disfruto programar en Python sesión 5649.,Spanish
L'intelligence artificielle est l'avenir version 5650.,French
I love learning machine learning number 5651.,English
Mujhe coding pasand hai number 5652.,Hindi
Das ist ein schöner Tag Nummer 5653.,German
La inteligencia artificial es el futuro versión 5654.,Spanish
La science des données est intéressante numéro 5655.,French
I love learning machine learning number 5656.,English
Main machine learning seekh raha hoon 5657.,Hindi
Künstliche Intelligenz ist die Zukunft Version 5658.,German
Me encanta aprender aprendizaje automático número 5659.,Spanish
La science des données est intéressante numéro 5660.,French
I love learning machine learning number 5661.,English
Artificial intelligence bhavishya hai 5662.,Hindi
Das ist ein schöner Tag Nummer 5663.,German
La ciencia de datos es interesante número 5664.,Spanish
La science des données est intéressante numéro 5665.,French
Artificial intelligence is the future version 5666.,English
Mujhe coding pasand hai number 5667.,Hindi
Künstliche Intelligenz ist die Zukunft Version 5668.,German
Disfruto programar en Python sesión 5669.,Spanish
C'est une belle journée numéro 5670.,French
Data science is interesting topic number 5671.,English
Mujhe coding pasand hai number 5672.,Hindi
Das ist ein schöner Tag Nummer 5673.,German
La inteligencia artificial es el futuro versión 5674.,Spanish
J'aime apprendre l'apprentissage automatique numéro 5675.,French
This is a beautiful day number 5676.,English
Main machine learning seekh raha hoon 5677.,Hindi
Ich liebe maschinelles Lernen Nummer 5678.,German
La ciencia de datos es interesante número 5679.,Spanish
C'est une belle journée numéro 5680.,French
I enjoy coding in Python session 5681.,English
Yeh ek sundar din hai number 5682.,Hindi
Das ist ein schöner Tag Nummer 5683.,German
Me encanta aprender aprendizaje automático número 5684.,Spanish
C'est une belle journée numéro 5685.,French
I enjoy coding in Python session 5686.,English
Data science bahut interesting hai 5687.,Hindi
Künstliche Intelligenz ist die Zukunft Version 5688.,German
La ciencia de datos es interesante número 5689.,Spanish
J'aime programmer en Python session 5690.,French
This is a beautiful day number 5691.,English
Artificial intelligence bhavishya hai 5692.,Hindi
Das ist ein schöner Tag Nummer 5693.,German
La inteligencia artificial es el futuro versión 5694.,Spanish
C'est une belle journée numéro 5695.,French
This is a beautiful day number 5696.,English
Main machine learning seekh raha hoon 5697.,Hindi
Künstliche Intelligenz ist die Zukunft Version 5698.,German
Me encanta aprender aprendizaje automático número 5699.,Spanish
L'intelligence artificielle est l'avenir version 5700.,French
Data science is interesting topic number 5701.,English
Data science bahut interesting hai 5702.,Hindi
Das ist ein schöner Tag Nummer 5703.,German
Me encanta aprender aprendizaje automático número 5704.,Spanish
J'aime apprendre l'apprentissage automatique numéro 5705.,French
I enjoy coding in Python session 5706.,English
Mujhe coding pasand hai number 5707.,Hindi
Ich liebe maschinelles Lernen Nummer 5708.,German
La ciencia de datos es interesante número 5709.,Spanish
L'intelligence artificielle est l'avenir version 5710.,French
This is a beautiful day number 5711.,English
Main machine learning seekh raha hoon 5712.,Hindi
Ich programmiere gerne in Python Sitzung 5713.,German
La ciencia de datos es interesante número 5714.,Spanish
L'intelligence artificielle est l'avenir version 5715.,French
I love learning machine learning number 5716.,English
Yeh ek sundar din hai number 5717.,Hindi
Datenwissenschaft ist interessant Nummer 5718.,German
Disfruto programar en Python sesión 5719.,Spanish
C'est une belle journée numéro 5720.,French
I love learning machine learning number 5721.,English
Main machine learning seekh raha hoon 5722.,Hindi
Künstliche Intelligenz ist die Zukunft Version 5723.,German
La ciencia de datos es interesante número 5724.,Spanish
C'est une belle journée numéro 5725.,French
This is a beautiful day number 5726.,English
Artificial intelligence bhavishya hai 5727.,Hindi
Ich programmiere gerne in Python Sitzung 5728.,German
Este es un día hermoso número 5729.,Spanish
C'est une belle journée numéro 5730.,French
I love learning machine learning number 5731.,English
Main machine learning seekh raha hoon 5732.,Hindi
Datenwissenschaft ist interessant Nummer 5733.,German
La inteligencia artificial es el futuro versión 5734.,Spanish
La science des données est intéressante numéro 5735.,French
I love learning machine learning number 5736.,English
Data science bahut interesting hai 5737.,Hindi
Ich liebe maschinelles Lernen Nummer 5738.,German
La inteligencia artificial es el futuro versión 5739.,Spanish
J'aime programmer en Python session 5740.,French
I love learning machine learning number 5741.,English
Data science bahut interesting hai 5742.,Hindi
Ich liebe maschinelles Lernen Nummer 5743.,German
Me encanta aprender aprendizaje automático número 5744.,Spanish
J'aime programmer en Python session 5745.,French
Artificial intelligence is the future version 5746.,English
Main machine learning seekh raha hoon 5747.,Hindi
Das ist ein schöner Tag Nummer 5748.,German
Este es un día hermoso número 5749.,Spanish
C'est une belle journée numéro 5750.,French
Data science is interesting topic number 5751.,English
Yeh ek sundar din hai number 5752.,Hindi
Ich programmiere gerne in Python Sitzung 5753.,German
Este es un día hermoso número 5754.,Spanish
L'intelligence artificielle est l'avenir version 5755.,French
Artificial intelligence is the future version 5756.,English
Mujhe coding pasand hai number 5757.,Hindi
Ich liebe maschinelles Lernen Nummer 5758.,German
La ciencia de datos es interesante número 5759.,Spanish
La science des données est intéressante numéro 5760.,French
This is a beautiful day number 5761.,English
Artificial intelligence bhavishya hai 5762.,Hindi
Datenwissenschaft ist interessant Nummer 5763.,German
Me encanta aprender aprendizaje automático número 5764.,Spanish
La science des données est intéressante numéro 5765.,French
Data science is interesting topic number 5766.,English
Mujhe coding pasand hai number 5767.,Hindi
Künstliche Intelligenz ist die Zukunft Version 5768.,German
La inteligencia artificial es el futuro versión 5769.,Spanish
J'aime apprendre l'apprentissage automatique numéro 5770.,French
I enjoy coding in Python session 5771.,English
Data science bahut interesting hai 5772.,Hindi
Ich programmiere gerne in Python Sitzung 5773.,German
La inteligencia artificial es el futuro versión 5774.,Spanish
J'aime programmer en Python session 5775.,French
I enjoy coding in Python session 5776.,English
Main machine learning seekh raha hoon 5777.,Hindi
Das ist ein schöner Tag Nummer 5778.,German
Este es un día hermoso número 5779.,Spanish
C'est une belle journée numéro 5780.,French
Artificial intelligence is the future version 5781.,English
Main machine learning seekh raha hoon 5782.,Hindi
Datenwissenschaft ist interessant Nummer 5783.,German
La inteligencia artificial es el futuro versión 5784.,Spanish
J'aime apprendre l'apprentissage automatique numéro 5785.,French
I enjoy coding in Python session 5786.,English
Mujhe coding pasand hai number 5787.,Hindi
Ich programmiere gerne in Python Sitzung 5788.,German
Este es un día hermoso número 5789.,Spanish
C'est une belle journée numéro 5790.,French
Data science is interesting topic number 5791.,English
Artificial intelligence bhavishya hai 5792.,Hindi
Künstliche Intelligenz ist die Zukunft Version 5793.,German
Este es un día hermoso número 5794.,Spanish
C'est une belle journée numéro 5795.,French
I love learning machine learning number 5796.,English
Data science bahut interesting hai 5797.,Hindi
Das ist ein schöner Tag Nummer 5798.,German
Este es un día hermoso número 5799.,Spanish
L'intelligence artificielle est l'avenir version 5800.,French
This is a beautiful day number 5801.,English
Main machine learning seekh raha hoon 5802.,Hindi
Ich liebe maschinelles Lernen Nummer 5803.,German
Disfruto programar en Python sesión 5804.,Spanish
J'aime programmer en Python session 5805.,French
I love learning machine learning number 5806.,English
Mujhe coding pasand hai number 5807.,Hindi
Künstliche Intelligenz ist die Zukunft Version 5808.,German
Este es un día hermoso número 5809.,Spanish
L'intelligence artificielle est l'avenir version 5810.,French
I enjoy coding in Python session 5811.,English
Main machine learning seekh raha hoon 5812.,Hindi
Ich liebe maschinelles Lernen Nummer 5813.,German
Disfruto programar en Python sesión 5814.,Spanish
C'est une belle journée numéro 5815.,French
I enjoy coding in Python session 5816.,English
Data science bahut interesting hai 5817.,Hindi
Künstliche Intelligenz ist die Zukunft Version 5818.,German
Este es un día hermoso número 5819.,Spanish
C'est une belle journée numéro 5820.,French
I love learning machine learning number 5821.,English
Mujhe coding pasand hai number 5822.,Hindi
Das ist ein schöner Tag Nummer 5823.,German
Me encanta aprender aprendizaje automático número 5824.,Spanish
J'aime programmer en Python session 5825.,French
This is a beautiful day number 5826.,English
Main machine learning seekh raha hoon 5827.,Hindi
Künstliche Intelligenz ist die Zukunft Version 5828.,German
La ciencia de datos es interesante número 5829.,Spanish
C'est une belle journée numéro 5830.,French
I love learning machine learning number 5831.,English
Main machine learning seekh raha hoon 5832.,Hindi
Ich liebe maschinelles Lernen Nummer 5833.,German
Disfruto programar en Python sesión 5834.,Spanish
J'aime apprendre l'apprentissage automatique numéro 5835.,French
I love learning machine learning number 5836.,English
Mujhe coding pasand hai number 5837.,Hindi
Datenwissenschaft ist interessant Nummer 5838.,German
Disfruto programar en Python sesión 5839.,Spanish
J'aime programmer en Python session 5840.,French
This is a beautiful day number 5841.,English
Artificial intelligence bhavishya hai 5842.,Hindi
Ich liebe maschinelles Lernen Nummer 5843.,German
La ciencia de datos es interesante número 5844.,Spanish
J'aime programmer en Python session 5845.,French
I enjoy coding in Python session 5846.,English
Data science bahut interesting hai 5847.,Hindi
Datenwissenschaft ist interessant Nummer 5848.,German
La inteligencia artificial es el futuro versión 5849.,Spanish
J'aime apprendre l'apprentissage automatique numéro 5850.,French
This is a beautiful day number 5851.,English
Yeh ek sundar din hai number 5852.,Hindi
Künstliche Intelligenz ist die Zukunft Version 5853.,German
La ciencia de datos es interesante número 5854.,Spanish
La science des données est intéressante numéro 5855.,French
Artificial intelligence is the future version 5856.,English
Data science bahut interesting hai 5857.,Hindi
Künstliche Intelligenz ist die Zukunft Version 5858.,German
La ciencia de datos es interesante número 5859.,Spanish
L'intelligence artificielle est l'avenir version 5860.,French
I enjoy coding in Python session 5861.,English
Artificial intelligence bhavishya hai 5862.,Hindi
Das ist ein schöner Tag Nummer 5863.,German
La inteligencia artificial es el futuro versión 5864.,Spanish
J'aime apprendre l'apprentissage automatique numéro 5865.,French
This is a beautiful day number 5866.,English
Data science bahut interesting hai 5867.,Hindi
Künstliche Intelligenz ist die Zukunft Version 5868.,German
La inteligencia artificial es el futuro versión 5869.,Spanish
L'intelligence artificielle est l'avenir version 5870.,French
This is a beautiful day number 5871.,English
Artificial intelligence bhavishya hai 5872.,Hindi
Ich liebe maschinelles Lernen Nummer 5873.,German
Disfruto programar en Python sesión 5874.,Spanish
L'intelligence artificielle est l'avenir version 5875.,French
Data science is interesting topic number 5876.,English
Main machine learning seekh raha hoon 5877.,Hindi
Datenwissenschaft ist interessant Nummer 5878.,German
Este es un día hermoso número 5879.,Spanish
L'intelligence artificielle est l'avenir version 5880.,French
Data science is interesting topic number 5881.,English
Artificial intelligence bhavishya hai 5882.,Hindi
Künstliche Intelligenz ist die Zukunft Version 5883.,German
Disfruto programar en Python sesión 5884.,Spanish
J'aime programmer en Python session 5885.,French
Data science is interesting topic number 5886.,English
Main machine learning seekh raha hoon 5887.,Hindi
Künstliche Intelligenz ist die Zukunft Version 5888.,German
La ciencia de datos es interesante número 5889.,Spanish
J'aime apprendre l'apprentissage automatique numéro 5890.,French
Data science is interesting topic number 5891.,English
Artificial intelligence bhavishya hai 5892.,Hindi
Das ist ein schöner Tag Nummer 5893.,German
La inteligencia artificial es el futuro versión 5894.,Spanish
L'intelligence artificielle est l'avenir version 5895.,French
I love learning machine learning number 5896.,English
Data science bahut interesting hai 5897.,Hindi
Datenwissenschaft ist interessant Nummer 5898.,German
Disfruto programar en Python sesión 5899.,Spanish
La science des données est intéressante numéro 5900.,French
This is a beautiful day number 5901.,English
Yeh ek sundar din hai number 5902.,Hindi
Das ist ein schöner Tag Nummer 5903.,German
Disfruto programar en Python sesión 5904.,Spanish
J'aime programmer en Python session 5905.,French
Artificial intelligence is the future version 5906.,English
Data science bahut interesting hai 5907.,Hindi
Ich liebe maschinelles Lernen Nummer 5908.,German
Este es un día hermoso número 5909.,Spanish
L'intelligence artificielle est l'avenir version 5910.,French
I love learning machine learning number 5911.,English
Data science bahut interesting hai 5912.,Hindi
Das ist ein schöner Tag Nummer 5913.,German
La inteligencia artificial es el futuro versión 5914.,Spanish
J'aime apprendre l'apprentissage automatique numéro 5915.,French
This is a beautiful day number 5916.,English
Main machine learning seekh raha hoon 5917.,Hindi
Ich programmiere gerne in Python Sitzung 5918.,German
Este es un día hermoso número 5919.,Spanish
L'intelligence artificielle est l'avenir version 5920.,French
I enjoy coding in Python session 5921.,English
Mujhe coding pasand hai number 5922.,Hindi
Das ist ein schöner Tag Nummer 5923.,German
Me encanta aprender aprendizaje automático número 5924.,Spanish
J'aime apprendre l'apprentissage automatique numéro 5925.,French
This is a beautiful day number 5926.,English
Artificial intelligence bhavishya hai 5927.,Hindi
Das ist ein schöner Tag Nummer 5928.,German
Este es un día hermoso número 5929.,Spanish
L'intelligence artificielle est l'avenir version 5930.,French
Data science is interesting topic number 5931.,English
Yeh ek sundar din hai number 5932.,Hindi
Datenwissenschaft ist interessant Nummer 5933.,German
Me encanta aprender aprendizaje automático número 5934.,Spanish
J'aime apprendre l'apprentissage automatique numéro 5935.,French
This is a beautiful day number 5936.,English
Main machine learning seekh raha hoon 5937.,Hindi
Ich liebe maschinelles Lernen Nummer 5938.,German
Este es un día hermoso número 5939.,Spanish
L'intelligence artificielle est l'avenir version 5940.,French
Data science is interesting topic number 5941.,English
Artificial intelligence bhavishya hai 5942.,Hindi
Datenwissenschaft ist interessant Nummer 5943.,German
Me encanta aprender aprendizaje automático número 5944.,Spanish
C'est une belle journée numéro 5945.,French
Data science is interesting topic number 5946.,English
Main machine learning seekh raha hoon 5947.,Hindi
Ich liebe maschinelles Lernen Nummer 5948.,German
Me encanta aprender aprendizaje automático número 5949.,Spanish
La science des données est intéressante numéro 5950.,French
I enjoy coding in Python session 5951.,English
Data science bahut interesting hai 5952.,Hindi
Ich liebe maschinelles Lernen Nummer 5953.,German
Me encanta aprender aprendizaje automático número 5954.,Spanish
La science des données est intéressante numéro 5955.,French
I enjoy coding in Python session 5956.,English
Artificial intelligence bhavishya hai 5957.,Hindi
Künstliche Intelligenz ist die Zukunft Version 5958.,German
Este es un día hermoso número 5959.,Spanish
C'est une belle journée numéro 5960.,French
This is a beautiful day number 5961.,English
Artificial intelligence bhavishya hai 5962.,Hindi
Künstliche Intelligenz ist die Zukunft Version 5963.,German
Disfruto programar en Python sesión 5964.,Spanish
L'intelligence artificielle est l'avenir version 5965.,French
I love learning machine learning number 5966.,English
Artificial intelligence bhavishya hai 5967.,Hindi
Künstliche Intelligenz ist die Zukunft Version 5968.,German
La ciencia de datos es interesante número 5969.,Spanish
L'intelligence artificielle est l'avenir version 5970.,French
Artificial intelligence is the future version 5971.,English
Main machine learning seekh raha hoon 5972.,Hindi
Das ist ein schöner Tag Nummer 5973.,German
Me encanta aprender aprendizaje automático número 5974.,Spanish
J'aime programmer en Python session 5975.,French
I enjoy coding in Python session 5976.,English
Main machine learning seekh raha hoon 5977.,Hindi
Ich programmiere gerne in Python Sitzung 5978.,German
La inteligencia artificial es el futuro versión 5979.,Spanish
La science des données est intéressante numéro 5980.,French
Artificial intelligence is the future version 5981.,English
Main machine learning seekh raha hoon 5982.,Hindi
Künstliche Intelligenz ist die Zukunft Version 5983.,German
Este es un día hermoso número 5984.,Spanish
La science des données est intéressante numéro 5985.,French
This is a beautiful day number 5986.,English
Main machine learning seekh raha hoon 5987.,Hindi
Ich liebe maschinelles Lernen Nummer 5988.,German
Me encanta aprender aprendizaje automático número 5989.,Spanish
L'intelligence artificielle est l'avenir version 5990.,French
Artificial intelligence is the future version 5991.,English
Main machine learning seekh raha hoon 5992.,Hindi
Datenwissenschaft ist interessant Nummer 5993.,German
Disfruto programar en Python sesión 5994.,Spanish
C'est une belle journée numéro 5995.,French
Data science is interesting topic number 5996.,English
Mujhe coding pasand hai number 5997.,Hindi
Künstliche Intelligenz ist die Zukunft Version 5998.,German
La ciencia de datos es interesante número 5999.,Spanish
L'intelligence artificielle est l'avenir version 6000.,French
Data science is interesting topic number 6001.,English
Artificial intelligence bhavishya hai 6002.,Hindi
Ich liebe maschinelles Lernen Nummer 6003.,German
La ciencia de datos es interesante número 6004.,Spanish
C'est une belle journée numéro 6005.,French
I enjoy coding in Python session 6006.,English
Yeh ek sundar din hai number 6007.,Hindi
Das ist ein schöner Tag Nummer 6008.,German
La ciencia de datos es interesante número 6009.,Spanish
J'aime apprendre l'apprentissage automatique numéro 6010.,French
Data science is interesting topic number 6011.,English
Main machine learning seekh raha hoon 6012.,Hindi
Künstliche Intelligenz ist die Zukunft Version 6013.,German
Me encanta aprender aprendizaje automático número 6014.,Spanish
C'est une belle journée numéro 6015.,French
This is a beautiful day number 6016.,English
Artificial intelligence bhavishya hai 6017.,Hindi
Ich liebe maschinelles Lernen Nummer 6018.,German
La ciencia de datos es interesante número 6019.,Spanish
J'aime programmer en Python session 6020.,French
Data science is interesting topic number 6021.,English
Data science bahut interesting hai 6022.,Hindi
Datenwissenschaft ist interessant Nummer 6023.,German
Disfruto programar en Python sesión 6024.,Spanish
C'est une belle journée numéro 6025.,French
Artificial intelligence is the future version 6026.,English
Mujhe coding pasand hai number 6027.,Hindi
Künstliche Intelligenz ist die Zukunft Version 6028.,German
Disfruto programar en Python sesión 6029.,Spanish
La science des données est intéressante numéro 6030.,French
Data science is interesting topic number 6031.,English
Mujhe coding pasand hai number 6032.,Hindi
Datenwissenschaft ist interessant Nummer 6033.,German
La inteligencia artificial es el futuro versión 6034.,Spanish
L'intelligence artificielle est l'avenir version 6035.,French
I enjoy coding in Python session 6036.,English
Artificial intelligence bhavishya hai 6037.,Hindi
Künstliche Intelligenz ist die Zukunft Version 6038.,German
Disfruto programar en Python sesión 6039.,Spanish
La science des données est intéressante numéro 6040.,French
Artificial intelligence is the future version 6041.,English
Main machine learning seekh raha hoon 6042.,Hindi
Datenwissenschaft ist interessant Nummer 6043.,German
Me encanta aprender aprendizaje automático número 6044.,Spanish
C'est une belle journée numéro 6045.,French
I enjoy coding in Python session 6046.,English
Data science bahut interesting hai 6047.,Hindi
Datenwissenschaft ist interessant Nummer 6048.,German
Disfruto programar en Python sesión 6049.,Spanish
La science des données est intéressante numéro 6050.,French
This is a beautiful day number 6051.,English
Main machine learning seekh raha hoon 6052.,Hindi
Künstliche Intelligenz ist die Zukunft Version 6053.,German
Este es un día hermoso número 6054.,Spanish
J'aime programmer en Python session 6055.,French
I love learning machine learning number 6056.,English
Data science bahut interesting hai 6057.,Hindi
Datenwissenschaft ist interessant Nummer 6058.,German
La ciencia de datos es interesante número 6059.,Spanish
La science des données est intéressante numéro 6060.,French
Artificial intelligence is the future version 6061.,English
Yeh ek sundar din hai number 6062.,Hindi
Ich programmiere gerne in Python Sitzung 6063.,German
La ciencia de datos es interesante número 6064.,Spanish
La science des données est intéressante numéro 6065.,French
This is a beautiful day number 6066.,English
Yeh ek sundar din hai number 6067.,Hindi
Das ist ein schöner Tag Nummer 6068.,German
Me encanta aprender aprendizaje automático número 6069.,Spanish
J'aime apprendre l'apprentissage automatique numéro 6070.,French
This is a beautiful day number 6071.,English
Yeh ek sundar din hai number 6072.,Hindi
Künstliche Intelligenz ist die Zukunft Version 6073.,German
Me encanta aprender aprendizaje automático número 6074.,Spanish
J'aime programmer en Python session 6075.,French
Artificial intelligence is the future version 6076.,English
Mujhe coding pasand hai number 6077.,Hindi
Datenwissenschaft ist interessant Nummer 6078.,German
Disfruto programar en Python sesión 6079.,Spanish
La science des données est intéressante numéro 6080.,French
This is a beautiful day number 6081.,English
Main machine learning seekh raha hoon 6082.,Hindi
Künstliche Intelligenz ist die Zukunft Version 6083.,German
La ciencia de datos es interesante número 6084.,Spanish
La science des données est intéressante numéro 6085.,French
I love learning machine learning number 6086.,English
Data science bahut interesting hai 6087.,Hindi
Ich liebe maschinelles Lernen Nummer 6088.,German
Disfruto programar en Python sesión 6089.,Spanish
J'aime apprendre l'apprentissage automatique numéro 6090.,French
This is a beautiful day number 6091.,English
Yeh ek sundar din hai number 6092.,Hindi
Ich liebe maschinelles Lernen Nummer 6093.,German
Disfruto programar en Python sesión 6094.,Spanish
L'intelligence artificielle est l'avenir version 6095.,French
Artificial intelligence is the future version 6096.,English
Mujhe coding pasand hai number 6097.,Hindi
Ich programmiere gerne in Python Sitzung 6098.,German
La inteligencia artificial es el futuro versión 6099.,Spanish
C'est une belle journée numéro 6100.,French
I enjoy coding in Python session 6101.,English
Main machine learning seekh raha hoon 6102.,Hindi
Datenwissenschaft ist interessant Nummer 6103.,German
La inteligencia artificial es el futuro versión 6104.,Spanish
C'est une belle journée numéro 6105.,French
Data science is interesting topic number 6106.,English
Main machine learning seekh raha hoon 6107.,Hindi
Das ist ein schöner Tag Nummer 6108.,German
Disfruto programar en Python sesión 6109.,Spanish
J'aime programmer en Python session 6110.,French
Artificial intelligence is the future version 6111.,English
Artificial intelligence bhavishya hai 6112.,Hindi
Ich liebe maschinelles Lernen Nummer 6113.,German
Este es un día hermoso número 6114.,Spanish
L'intelligence artificielle est l'avenir version 6115.,French
Data science is interesting topic number 6116.,English
Data science bahut interesting hai 6117.,Hindi
Datenwissenschaft ist interessant Nummer 6118.,German
La ciencia de datos es interesante número 6119.,Spanish
J'aime programmer en Python session 6120.,French
Artificial intelligence is the future version 6121.,English
Main machine learning seekh raha hoon 6122.,Hindi
Das ist ein schöner Tag Nummer 6123.,German
Este es un día hermoso número 6124.,Spanish
J'aime apprendre l'apprentissage automatique numéro 6125.,French
Artificial intelligence is the future version 6126.,English
Main machine learning seekh raha hoon 6127.,Hindi
Datenwissenschaft ist interessant Nummer 6128.,German
La inteligencia artificial es el futuro versión 6129.,Spanish
L'intelligence artificielle est l'avenir version 6130.,French
This is a beautiful day number 6131.,English
Artificial intelligence bhavishya hai 6132.,Hindi
Ich programmiere gerne in Python Sitzung 6133.,German
Este es un día hermoso número 6134.,Spanish
La science des données est intéressante numéro 6135.,French
This is a beautiful day number 6136.,English
Yeh ek sundar din hai number 6137.,Hindi
Datenwissenschaft ist interessant Nummer 6138.,German
Me encanta aprender aprendizaje automático número 6139.,Spanish
C'est une belle journée numéro 6140.,French
This is a beautiful day number 6141.,English
Yeh ek sundar din hai number 6142.,Hindi
Ich liebe maschinelles Lernen Nummer 6143.,German
Disfruto programar en Python sesión 6144.,Spanish
J'aime programmer en Python session 6145.,French
This is a beautiful day number 6146.,English
Main machine learning seekh raha hoon 6147.,Hindi
Künstliche Intelligenz ist die Zukunft Version 6148.,German
Este es un día hermoso número 6149.,Spanish
La science des données est intéressante numéro 6150.,French
I enjoy coding in Python session 6151.,English
Data science bahut interesting hai 6152.,Hindi
Ich programmiere gerne in Python Sitzung 6153.,German
Disfruto programar en Python sesión 6154.,Spanish
L'intelligence artificielle est l'avenir version 6155.,French
Data science is interesting topic number 6156.,English
Yeh ek sundar din hai number 6157.,Hindi
Ich programmiere gerne in Python Sitzung 6158.,German
La inteligencia artificial es el futuro versión 6159.,Spanish
J'aime programmer en Python session 6160.,French
Data science is interesting topic number 6161.,English
Yeh ek sundar din hai number 6162.,Hindi
Das ist ein schöner Tag Nummer 6163.,German
Me encanta aprender aprendizaje automático número 6164.,Spanish
L'intelligence artificielle est l'avenir version 6165.,French
I love learning machine learning number 6166.,English
Data science bahut interesting hai 6167.,Hindi
Ich liebe maschinelles Lernen Nummer 6168.,German
La inteligencia artificial es el futuro versión 6169.,Spanish
J'aime programmer en Python session 6170.,French
This is a beautiful day number 6171.,English
Mujhe coding pasand hai number 6172.,Hindi
Künstliche Intelligenz ist die Zukunft Version 6173.,German
La ciencia de datos es interesante número 6174.,Spanish
L'intelligence artificielle est l'avenir version 6175.,French
Data science is interesting topic number 6176.,English
Main machine learning seekh raha hoon 6177.,Hindi
Datenwissenschaft ist interessant Nummer 6178.,German
La inteligencia artificial es el futuro versión 6179.,Spanish
L'intelligence artificielle est l'avenir version 6180.,French
Data science is interesting topic number 6181.,English
Artificial intelligence bhavishya hai 6182.,Hindi
Ich liebe maschinelles Lernen Nummer 6183.,German
Este es un día hermoso número 6184.,Spanish
L'intelligence artificielle est l'avenir version 6185.,French
I enjoy coding in Python session 6186.,English
Artificial intelligence bhavishya hai 6187.,Hindi
Künstliche Intelligenz ist die Zukunft Version 6188.,German
La inteligencia artificial es el futuro versión 6189.,Spanish
J'aime programmer en Python session 6190.,French
This is a beautiful day number 6191.,English
Data science bahut interesting hai 6192.,Hindi
Ich programmiere gerne in Python Sitzung 6193.,German
La inteligencia artificial es el futuro versión 6194.,Spanish
L'intelligence artificielle est l'avenir version 6195.,French
Data science is interesting topic number 6196.,English
Yeh ek sundar din hai number 6197.,Hindi
Ich liebe maschinelles Lernen Nummer 6198.,German
Disfruto programar en Python sesión 6199.,Spanish
La science des données est intéressante numéro 6200.,French
Artificial intelligence is the future version 6201.,English
Mujhe coding pasand hai number 6202.,Hindi
Ich programmiere gerne in Python Sitzung 6203.,German
Este es un día hermoso número 6204.,Spanish
J'aime programmer en Python session 6205.,French
I love learning machine learning number 6206.,English
Yeh ek sundar din hai number 6207.,Hindi
Ich programmiere gerne in Python Sitzung 6208.,German
Disfruto programar en Python sesión 6209.,Spanish
J'aime apprendre l'apprentissage automatique numéro 6210.,French
Artificial intelligence is the future version 6211.,English
Mujhe coding pasand hai number 6212.,Hindi
Ich liebe maschinelles Lernen Nummer 6213.,German
Disfruto programar en Python sesión 6214.,Spanish
L'intelligence artificielle est l'avenir version 6215.,French
This is a beautiful day number 6216.,English
Mujhe coding pasand hai number 6217.,Hindi
Ich liebe maschinelles Lernen Nummer 6218.,German
La inteligencia artificial es el futuro versión 6219.,Spanish
J'aime programmer en Python session 6220.,French
Artificial intelligence is the future version 6221.,English
Yeh ek sundar din hai number 6222.,Hindi
Das ist ein schöner Tag Nummer 6223.,German
La inteligencia artificial es el futuro versión 6224.,Spanish
J'aime programmer en Python session 6225.,French
Artificial intelligence is the future version 6226.,English
Yeh ek sundar din hai number 6227.,Hindi
Künstliche Intelligenz ist die Zukunft Version 6228.,German
La inteligencia artificial es el futuro versión 6229.,Spanish
C'est une belle journée numéro 6230.,French
I love learning machine learning number 6231.,English
Artificial intelligence bhavishya hai 6232.,Hindi
Datenwissenschaft ist interessant Nummer 6233.,German
Este es un día hermoso número 6234.,Spanish
La science des données est intéressante numéro 6235.,French
Data science is interesting topic number 6236.,English
Mujhe coding pasand hai number 6237.,Hindi
Ich liebe maschinelles Lernen Nummer 6238.,German
Este es un día hermoso número 6239.,Spanish
L'intelligence artificielle est l'avenir version 6240.,French
Data science is interesting topic number 6241.,English
Mujhe coding pasand hai number 6242.,Hindi
Das ist ein schöner Tag Nummer 6243.,German
La inteligencia artificial es el futuro versión 6244.,Spanish
J'aime programmer en Python session 6245.,French
Artificial intelligence is the future version 6246.,English
Main machine learning seekh raha hoon 6247.,Hindi
Das ist ein schöner Tag Nummer 6248.,German
Me encanta aprender aprendizaje automático número 6249.,Spanish
J'aime apprendre l'apprentissage automatique numéro 6250.,French
Artificial intelligence is the future version 6251.,English
Yeh ek sundar din hai number 6252.,Hindi
Ich liebe maschinelles Lernen Nummer 6253.,German
Este es un día hermoso número 6254.,Spanish
La science des données est intéressante numéro 6255.,French
I enjoy coding in Python session 6256.,English
Artificial intelligence bhavishya hai 6257.,Hindi
Das ist ein schöner Tag Nummer 6258.,German
Disfruto programar en Python sesión 6259.,Spanish
La science des données est intéressante numéro 6260.,French
Artificial intelligence is the future version 6261.,English
Artificial intelligence bhavishya hai 6262.,Hindi
Ich programmiere gerne in Python Sitzung 6263.,German
La inteligencia artificial es el futuro versión 6264.,Spanish
L'intelligence artificielle est l'avenir version 6265.,French
Data science is interesting topic number 6266.,English
Yeh ek sundar din hai number 6267.,Hindi
Datenwissenschaft ist interessant Nummer 6268.,German
Este es un día hermoso número 6269.,Spanish
La science des données est intéressante numéro 6270.,French
This is a beautiful day number 6271.,English
Data science bahut interesting hai 6272.,Hindi
Das ist ein schöner Tag Nummer 6273.,German
Disfruto programar en Python sesión 6274.,Spanish
C'est une belle journée numéro 6275.,French
I enjoy coding in Python session 6276.,English
Mujhe coding pasand hai number 6277.,Hindi
Datenwissenschaft ist interessant Nummer 6278.,German
La ciencia de datos es interesante número 6279.,Spanish
La science des données est intéressante numéro 6280.,French
I enjoy coding in Python session 6281.,English
Main machine learning seekh raha hoon 6282.,Hindi
Das ist ein schöner Tag Nummer 6283.,German
La inteligencia artificial es el futuro versión 6284.,Spanish
J'aime programmer en Python session 6285.,French
I love learning machine learning number 6286.,English
Main machine learning seekh raha hoon 6287.,Hindi
Das ist ein schöner Tag Nummer 6288.,German
La inteligencia artificial es el futuro versión 6289.,Spanish
C'est une belle journée numéro 6290.,French
Data science is interesting topic number 6291.,English
Mujhe coding pasand hai number 6292.,Hindi
Künstliche Intelligenz ist die Zukunft Version 6293.,German
Este es un día hermoso número 6294.,Spanish
J'aime apprendre l'apprentissage automatique numéro 6295.,French
I enjoy coding in Python session 6296.,English
Main machine learning seekh raha hoon 6297.,Hindi
Ich liebe maschinelles Lernen Nummer 6298.,German
Disfruto programar en Python sesión 6299.,Spanish
C'est une belle journée numéro 6300.,French
This is a beautiful day number 6301.,English
Yeh ek sundar din hai number 6302.,Hindi
Künstliche Intelligenz ist die Zukunft Version 6303.,German
Disfruto programar en Python sesión 6304.,Spanish
L'intelligence artificielle est l'avenir version 6305.,French
Artificial intelligence is the future version 6306.,English
Data science bahut interesting hai 6307.,Hindi
Ich programmiere gerne in Python Sitzung 6308.,German
La inteligencia artificial es el futuro versión 6309.,Spanish
J'aime programmer en Python session 6310.,French
Artificial intelligence is the future version 6311.,English
Main machine learning seekh raha hoon 6312.,Hindi
Ich programmiere gerne in Python Sitzung 6313.,German
La ciencia de datos es interesante número 6314.,Spanish
La science des données est intéressante numéro 6315.,French
I enjoy coding in Python session 6316.,English
Yeh ek sundar din hai number 6317.,Hindi
Ich liebe maschinelles Lernen Nummer 6318.,German
Disfruto programar en Python sesión 6319.,Spanish
J'aime apprendre l'apprentissage automatique numéro 6320.,French
I love learning machine learning number 6321.,English
Mujhe coding pasand hai number 6322.,Hindi
Datenwissenschaft ist interessant Nummer 6323.,German
Me encanta aprender aprendizaje automático número 6324.,Spanish
J'aime programmer en Python session 6325.,French
I enjoy coding in Python session 6326.,English
Mujhe coding pasand hai number 6327.,Hindi
Ich programmiere gerne in Python Sitzung 6328.,German
Disfruto programar en Python sesión 6329.,Spanish
La science des données est intéressante numéro 6330.,French
This is a beautiful day number 6331.,English
Artificial intelligence bhavishya hai 6332.,Hindi
Künstliche Intelligenz ist die Zukunft Version 6333.,German
Me encanta aprender aprendizaje automático número 6334.,Spanish
L'intelligence artificielle est l'avenir version 6335.,French
I enjoy coding in Python session 6336.,English
Main machine learning seekh raha hoon 6337.,Hindi
Das ist ein schöner Tag Nummer 6338.,German
La ciencia de datos es interesante número 6339.,Spanish
La science des données est intéressante numéro 6340.,French
Data science is interesting topic number 6341.,English
Main machine learning seekh raha hoon 6342.,Hindi
Künstliche Intelligenz ist die Zukunft Version 6343.,German
Disfruto programar en Python sesión 6344.,Spanish
L'intelligence artificielle est l'avenir version 6345.,French
I love learning machine learning number 6346.,English
Artificial intelligence bhavishya hai 6347.,Hindi
Ich liebe maschinelles Lernen Nummer 6348.,German
La inteligencia artificial es el futuro versión 6349.,Spanish
La science des données est intéressante numéro 6350.,French
Data science is interesting topic number 6351.,English
Data science bahut interesting hai 6352.,Hindi
Das ist ein schöner Tag Nummer 6353.,German
Me encanta aprender aprendizaje automático número 6354.,Spanish
La science des données est intéressante numéro 6355.,French
Data science is interesting topic number 6356.,English
Artificial intelligence bhavishya hai 6357.,Hindi
Datenwissenschaft ist interessant Nummer 6358.,German
Disfruto programar en Python sesión 6359.,Spanish
La science des données est intéressante numéro 6360.,French
Artificial intelligence is the future version 6361.,English
Mujhe coding pasand hai number 6362.,Hindi
Das ist ein schöner Tag Nummer 6363.,German
Disfruto programar en Python sesión 6364.,Spanish
J'aime programmer en Python session 6365.,French
I love learning machine learning number 6366.,English
Data science bahut interesting hai 6367.,Hindi
Ich liebe maschinelles Lernen Nummer 6368.,German
Disfruto programar en Python sesión 6369.,Spanish
La science des données est intéressante numéro 6370.,French
I love learning machine learning number 6371.,English
Main machine learning seekh raha hoon 6372.,Hindi
Datenwissenschaft ist interessant Nummer 6373.,German
La ciencia de datos es interesante número 6374.,Spanish
L'intelligence artificielle est l'avenir version 6375.,French
Data science is interesting topic number 6376.,English
Main machine learning seekh raha hoon 6377.,Hindi
Ich liebe maschinelles Lernen Nummer 6378.,German
Disfruto programar en Python sesión 6379.,Spanish
C'est une belle journée numéro 6380.,French
Data science is interesting topic number 6381.,English
Mujhe coding pasand hai number 6382.,Hindi
Das ist ein schöner Tag Nummer 6383.,German
La ciencia de datos es interesante número 6384.,Spanish
L'intelligence artificielle est l'avenir version 6385.,French
This is a beautiful day number 6386.,English
Main machine learning seekh raha hoon 6387.,Hindi
Ich liebe maschinelles Lernen Nummer 6388.,German
Este es un día hermoso número 6389.,Spanish
J'aime apprendre l'apprentissage automatique numéro 6390.,French
Data science is interesting topic number 6391.,English
Artificial intelligence bhavishya hai 6392.,Hindi
Datenwissenschaft ist interessant Nummer 6393.,German
Disfruto programar en Python sesión 6394.,Spanish
C'est une belle journée numéro 6395.,French
I enjoy coding in Python session 6396.,English
Artificial intelligence bhavishya hai 6397.,Hindi
Datenwissenschaft ist interessant Nummer 6398.,German
La ciencia de datos es interesante número 6399.,Spanish
J'aime apprendre l'apprentissage automatique numéro 6400.,French
Data science is interesting topic number 6401.,English
Artificial intelligence bhavishya hai 6402.,Hindi
Ich programmiere gerne in Python Sitzung 6403.,German
Este es un día hermoso número 6404.,Spanish
La science des données est intéressante numéro 6405.,French
I love learning machine learning number 6406.,English
Artificial intelligence bhavishya hai 6407.,Hindi
Datenwissenschaft ist interessant Nummer 6408.,German
Me encanta aprender aprendizaje automático número 6409.,Spanish
J'aime apprendre l'apprentissage automatique numéro 6410.,French
I enjoy coding in Python session 6411.,English
Data science bahut interesting hai 6412.,Hindi
Das ist ein schöner Tag Nummer 6413.,German
Disfruto programar en Python sesión 6414.,Spanish
J'aime apprendre l'apprentissage automatique numéro 6415.,French
Artificial intelligence is the future version 6416.,English
Yeh ek sundar din hai number 6417.,Hindi
Datenwissenschaft ist interessant Nummer 6418.,German
La inteligencia artificial es el futuro versión 6419.,Spanish
J'aime apprendre l'apprentissage automatique numéro 6420.,French
I love learning machine learning number 6421.,English
Main machine learning seekh raha hoon 6422.,Hindi
Ich liebe maschinelles Lernen Nummer 6423.,German
Disfruto programar en Python sesión 6424.,Spanish
L'intelligence artificielle est l'avenir version 6425.,French
Data science is interesting topic number 6426.,English
Mujhe coding pasand hai number 6427.,Hindi
Ich liebe maschinelles Lernen Nummer 6428.,German
Disfruto programar en Python sesión 6429.,Spanish
J'aime apprendre l'apprentissage automatique numéro 6430.,French
Artificial intelligence is the future version 6431.,English
Yeh ek sundar din hai number 6432.,Hindi
Ich liebe maschinelles Lernen Nummer 6433.,German
La inteligencia artificial es el futuro versión 6434.,Spanish
La science des données est intéressante numéro 6435.,French
Artificial intelligence is the future version 6436.,English
Mujhe coding pasand hai number 6437.,Hindi
Ich programmiere gerne in Python Sitzung 6438.,German
La inteligencia artificial es el futuro versión 6439.,Spanish
La science des données est intéressante numéro 6440.,French
Data science is interesting topic number 6441.,English
Data science bahut interesting hai 6442.,Hindi
Das ist ein schöner Tag Nummer 6443.,German
Me encanta aprender aprendizaje automático número 6444.,Spanish
La science des données est intéressante numéro 6445.,French
This is a beautiful day number 6446.,English
Mujhe coding pasand hai number 6447.,Hindi
Ich programmiere gerne in Python Sitzung 6448.,German
Disfruto programar en Python sesión 6449.,Spanish
J'aime programmer en Python session 6450.,French
I love learning machine learning number 6451.,English
Data science bahut interesting hai 6452.,Hindi
Das ist ein schöner Tag Nummer 6453.,German
La ciencia de datos es interesante número 6454.,Spanish
La science des données est intéressante numéro 6455.,French
I enjoy coding in Python session 6456.,English
Mujhe coding pasand hai number 6457.,Hindi
Datenwissenschaft ist interessant Nummer 6458.,German
Este es un día hermoso número 6459.,Spanish
La science des données est intéressante numéro 6460.,French
I love learning machine learning number 6461.,English
Mujhe coding pasand hai number 6462.,Hindi
Ich programmiere gerne in Python Sitzung 6463.,German
Este es un día hermoso número 6464.,Spanish
J'aime programmer en Python session 6465.,French
Data science is interesting topic number 6466.,English
Main machine learning seekh raha hoon 6467.,Hindi
Datenwissenschaft ist interessant Nummer 6468.,German
La inteligencia artificial es el futuro versión 6469.,Spanish
L'intelligence artificielle est l'avenir version 6470.,French
I love learning machine learning number 6471.,English
Data science bahut interesting hai 6472.,Hindi
Datenwissenschaft ist interessant Nummer 6473.,German
Este es un día hermoso número 6474.,Spanish
J'aime apprendre l'apprentissage automatique numéro 6475.,French
I enjoy coding in Python session 6476.,English
Data science bahut interesting hai 6477.,Hindi
Künstliche Intelligenz ist die Zukunft Version 6478.,German
Me encanta aprender aprendizaje automático número 6479.,Spanish
La science des données est intéressante numéro 6480.,French
Artificial intelligence is the future version 6481.,English
Yeh ek sundar din hai number 6482.,Hindi
Ich liebe maschinelles Lernen Nummer 6483.,German
Este es un día hermoso número 6484.,Spanish
J'aime programmer en Python session 6485.,French
Data science is interesting topic number 6486.,English
Mujhe coding pasand hai number 6487.,Hindi
Datenwissenschaft ist interessant Nummer 6488.,German
Este es un día hermoso número 6489.,Spanish
L'intelligence artificielle est l'avenir version 6490.,French
Artificial intelligence is the future version 6491.,English
Data science bahut interesting hai 6492.,Hindi
Künstliche Intelligenz ist die Zukunft Version 6493.,German
La inteligencia artificial es el futuro versión 6494.,Spanish
L'intelligence artificielle est l'avenir version 6495.,French
Data science is interesting topic number 6496.,English
Main machine learning seekh raha hoon 6497.,Hindi
Ich programmiere gerne in Python Sitzung 6498.,German
Este es un día hermoso número 6499.,Spanish
J'aime programmer en Python session 6500.,French
I enjoy coding in Python session 6501.,English
Artificial intelligence bhavishya hai 6502.,Hindi
Ich liebe maschinelles Lernen Nummer 6503.,German
La ciencia de datos es interesante número 6504.,Spanish
C'est une belle journée numéro 6505.,French
Artificial intelligence is the future version 6506.,English
Artificial intelligence bhavishya hai 6507.,Hindi
Das ist ein schöner Tag Nummer 6508.,German
La inteligencia artificial es el futuro versión 6509.,Spanish
J'aime programmer en Python session 6510.,French
I enjoy coding in Python session 6511.,English
Artificial intelligence bhavishya hai 6512.,Hindi
Künstliche Intelligenz ist die Zukunft Version 6513.,German
La inteligencia artificial es el futuro versión 6514.,Spanish
La science des données est intéressante numéro 6515.,French
Artificial intelligence is the future version 6516.,English
Artificial intelligence bhavishya hai 6517.,Hindi
Ich programmiere gerne in Python Sitzung 6518.,German
La ciencia de datos es interesante número 6519.,Spanish
J'aime programmer en Python session 6520.,French
Data science is interesting topic number 6521.,English
Data science bahut interesting hai 6522.,Hindi
Das ist ein schöner Tag Nummer 6523.,German
Disfruto programar en Python sesión 6524.,Spanish
J'aime apprendre l'apprentissage automatique numéro 6525.,French
I enjoy coding in Python session 6526.,English
Data science bahut interesting hai 6527.,Hindi
Ich liebe maschinelles Lernen Nummer 6528.,German
Este es un día hermoso número 6529.,Spanish
J'aime apprendre l'apprentissage automatique numéro 6530.,French
I enjoy coding in Python session 6531.,English
Yeh ek sundar din hai number 6532.,Hindi
Datenwissenschaft ist interessant Nummer 6533.,German
La inteligencia artificial es el futuro versión 6534.,Spanish
J'aime apprendre l'apprentissage automatique numéro 6535.,French
I love learning machine learning number 6536.,English
Artificial intelligence bhavishya hai 6537.,Hindi
Ich programmiere gerne in Python Sitzung 6538.,German
Me encanta aprender aprendizaje automático número 6539.,Spanish
La science des données est intéressante numéro 6540.,French
Data science is interesting topic number 6541.,English
Main machine learning seekh raha hoon 6542.,Hindi
Ich programmiere gerne in Python Sitzung 6543.,German
Este es un día hermoso número 6544.,Spanish
L'intelligence artificielle est l'avenir version 6545.,French
Artificial intelligence is the future version 6546.,English
Yeh ek sundar din hai number 6547.,Hindi
Künstliche Intelligenz ist die Zukunft Version 6548.,German
Me encanta aprender aprendizaje automático número 6549.,Spanish
C'est une belle journée numéro 6550.,French
This is a beautiful day number 6551.,English
Data science bahut interesting hai 6552.,Hindi
Ich liebe maschinelles Lernen Nummer 6553.,German
La inteligencia artificial es el futuro versión 6554.,Spanish
J'aime apprendre l'apprentissage automatique numéro 6555.,French
This is a beautiful day number 6556.,English
Artificial intelligence bhavishya hai 6557.,Hindi
Ich liebe maschinelles Lernen Nummer 6558.,German
Este es un día hermoso número 6559.,Spanish
La science des données est intéressante numéro 6560.,French
Artificial intelligence is the future version 6561.,English
Main machine learning seekh raha hoon 6562.,Hindi
Datenwissenschaft ist interessant Nummer 6563.,German
Disfruto programar en Python sesión 6564.,Spanish
J'aime programmer en Python session 6565.,French
I enjoy coding in Python session 6566.,English
Data science bahut interesting hai 6567.,Hindi
Datenwissenschaft ist interessant Nummer 6568.,German
Este es un día hermoso número 6569.,Spanish
C'est une belle journée numéro 6570.,French
Artificial intelligence is the future version 6571.,English
Main machine learning seekh raha hoon 6572.,Hindi
Ich liebe maschinelles Lernen Nummer 6573.,German
Este es un día hermoso número 6574.,Spanish
J'aime programmer en Python session 6575.,French
This is a beautiful day number 6576.,English
Main machine learning seekh raha hoon 6577.,Hindi
Ich liebe maschinelles Lernen Nummer 6578.,German
Este es un día hermoso número 6579.,Spanish
La science des données est intéressante numéro 6580.,French
This is a beautiful day number 6581.,English
Main machine learning seekh raha hoon 6582.,Hindi
Datenwissenschaft ist interessant Nummer 6583.,German
La inteligencia artificial es el futuro versión 6584.,Spanish
J'aime programmer en Python session 6585.,French
Artificial intelligence is the future version 6586.,English
Mujhe coding pasand hai number 6587.,Hindi
Datenwissenschaft ist interessant Nummer 6588.,German
Disfruto programar en Python sesión 6589.,Spanish
L'intelligence artificielle est l'avenir version 6590.,French
I enjoy coding in Python session 6591.,English
Artificial intelligence bhavishya hai 6592.,Hindi
Künstliche Intelligenz ist die Zukunft Version 6593.,German
Este es un día hermoso número 6594.,Spanish
La science des données est intéressante numéro 6595.,French
Data science is interesting topic number 6596.,English
Mujhe coding pasand hai number 6597.,Hindi
Künstliche Intelligenz ist die Zukunft Version 6598.,German
Disfruto programar en Python sesión 6599.,Spanish
La science des données est intéressante numéro 6600.,French
I love learning machine learning number 6601.,English
Main machine learning seekh raha hoon 6602.,Hindi
Das ist ein schöner Tag Nummer 6603.,German
Me encanta aprender aprendizaje automático número 6604.,Spanish
J'aime apprendre l'apprentissage automatique numéro 6605.,French
Data science is interesting topic number 6606.,English
Data science bahut interesting hai 6607.,Hindi
Das ist ein schöner Tag Nummer 6608.,German
Disfruto programar en Python sesión 6609.,Spanish
L'intelligence artificielle est l'avenir version 6610.,French
This is a beautiful day number 6611.,English
Mujhe coding pasand hai number 6612.,Hindi
Künstliche Intelligenz ist die Zukunft Version 6613.,German
Este es un día hermoso número 6614.,Spanish
C'est une belle journée numéro 6615.,French
I enjoy coding in Python session 6616.,English
Yeh ek sundar din hai number 6617.,Hindi
Datenwissenschaft ist interessant Nummer 6618.,German
Me encanta aprender aprendizaje automático número 6619.,Spanish
La science des données est intéressante numéro 6620.,French
Data science is interesting topic number 6621.,English
Data science bahut interesting hai 6622.,Hindi
Künstliche Intelligenz ist die Zukunft Version 6623.,German
La inteligencia artificial es el futuro versión 6624.,Spanish
La science des données est intéressante numéro 6625.,French
I enjoy coding in Python session 6626.,English
Main machine learning seekh raha hoon 6627.,Hindi
Ich liebe maschinelles Lernen Nummer 6628.,German
Me encanta aprender aprendizaje automático número 6629.,Spanish
C'est une belle journée numéro 6630.,French
Artificial intelligence is the future version 6631.,English
Mujhe coding pasand hai number 6632.,Hindi
Ich liebe maschinelles Lernen Nummer 6633.,German
Me encanta aprender aprendizaje automático número 6634.,Spanish
J'aime apprendre l'apprentissage automatique numéro 6635.,French
Artificial intelligence is the future version 6636.,English
Mujhe coding pasand hai number 6637.,Hindi
Das ist ein schöner Tag Nummer 6638.,German
La inteligencia artificial es el futuro versión 6639.,Spanish
J'aime programmer en Python session 6640.,French
Data science is interesting topic number 6641.,English
Data science bahut interesting hai 6642.,Hindi
Ich programmiere gerne in Python Sitzung 6643.,German
La ciencia de datos es interesante número 6644.,Spanish
C'est une belle journée numéro 6645.,French
Artificial intelligence is the future version 6646.,English
Artificial intelligence bhavishya hai 6647.,Hindi
Künstliche Intelligenz ist die Zukunft Version 6648.,German
Disfruto programar en Python sesión 6649.,Spanish
L'intelligence artificielle est l'avenir version 6650.,French
I love learning machine learning number 6651.,English
Main machine learning seekh raha hoon 6652.,Hindi
Das ist ein schöner Tag Nummer 6653.,German
La inteligencia artificial es el futuro versión 6654.,Spanish
J'aime apprendre l'apprentissage automatique numéro 6655.,French
This is a beautiful day number 6656.,English
Data science bahut interesting hai 6657.,Hindi
Künstliche Intelligenz ist die Zukunft Version 6658.,German
La inteligencia artificial es el futuro versión 6659.,Spanish
J'aime programmer en Python session 6660.,French
I love learning machine learning number 6661.,English
Data science bahut interesting hai 6662.,Hindi
Künstliche Intelligenz ist die Zukunft Version 6663.,German
Este es un día hermoso número 6664.,Spanish
C'est une belle journée numéro 6665.,French
This is a beautiful day number 6666.,English
Data science bahut interesting hai 6667.,Hindi
Ich programmiere gerne in Python Sitzung 6668.,German
Disfruto programar en Python sesión 6669.,Spanish
J'aime programmer en Python session 6670.,French
I enjoy coding in Python session 6671.,English
Artificial intelligence bhavishya hai 6672.,Hindi
Ich programmiere gerne in Python Sitzung 6673.,German
Disfruto programar en Python sesión 6674.,Spanish
J'aime apprendre l'apprentissage automatique numéro 6675.,French
I enjoy coding in Python session 6676.,English
Mujhe coding pasand hai number 6677.,Hindi
Ich programmiere gerne in Python Sitzung 6678.,German
Me encanta aprender aprendizaje automático número 6679.,Spanish
C'est une belle journée numéro 6680.,French
This is a beautiful day number 6681.,English
Mujhe coding pasand hai number 6682.,Hindi
Künstliche Intelligenz ist die Zukunft Version 6683.,German
Disfruto programar en Python sesión 6684.,Spanish
J'aime programmer en Python session 6685.,French
Artificial intelligence is the future version 6686.,English
Yeh ek sundar din hai number 6687.,Hindi
Künstliche Intelligenz ist die Zukunft Version 6688.,German
La ciencia de datos es interesante número 6689.,Spanish
La science des données est intéressante numéro 6690.,French
I love learning machine learning number 6691.,English
Main machine learning seekh raha hoon 6692.,Hindi
Künstliche Intelligenz ist die Zukunft Version 6693.,German
Este es un día hermoso número 6694.,Spanish
La science des données est intéressante numéro 6695.,French
Artificial intelligence is the future version 6696.,English
Artificial intelligence bhavishya hai 6697.,Hindi
Ich programmiere gerne in Python Sitzung 6698.,German
Este es un día hermoso número 6699.,Spanish
J'aime programmer en Python session 6700.,French
I love learning machine learning number 6701.,English
Data science bahut interesting hai 6702.,Hindi
Künstliche Intelligenz ist die Zukunft Version 6703.,German
Este es un día hermoso número 6704.,Spanish
J'aime programmer en Python session 6705.,French
I love learning machine learning number 6706.,English
Yeh ek sundar din hai number 6707.,Hindi
Datenwissenschaft ist interessant Nummer 6708.,German
La ciencia de datos es interesante número 6709.,Spanish
L'intelligence artificielle est l'avenir version 6710.,French
I love learning machine learning number 6711.,English
Yeh ek sundar din hai number 6712.,Hindi
Datenwissenschaft ist interessant Nummer 6713.,German
La inteligencia artificial es el futuro versión 6714.,Spanish
J'aime programmer en Python session 6715.,French
I love learning machine learning number 6716.,English
Artificial intelligence bhavishya hai 6717.,Hindi
Datenwissenschaft ist interessant Nummer 6718.,German
La ciencia de datos es interesante número 6719.,Spanish
J'aime apprendre l'apprentissage automatique numéro 6720.,French
I love learning machine learning number 6721.,English
Artificial intelligence bhavishya hai 6722.,Hindi
Ich programmiere gerne in Python Sitzung 6723.,German
La inteligencia artificial es el futuro versión 6724.,Spanish
L'intelligence artificielle est l'avenir version 6725.,French
Data science is interesting topic number 6726.,English
Mujhe coding pasand hai number 6727.,Hindi
Das ist ein schöner Tag Nummer 6728.,German
La inteligencia artificial es el futuro versión 6729.,Spanish
J'aime apprendre l'apprentissage automatique numéro 6730.,French
I love learning machine learning number 6731.,English
Main machine learning seekh raha hoon 6732.,Hindi
Ich liebe maschinelles Lernen Nummer 6733.,German
Este es un día hermoso número 6734.,Spanish
La science des données est intéressante numéro 6735.,French
I enjoy coding in Python session 6736.,English
Artificial intelligence bhavishya hai 6737.,Hindi
Datenwissenschaft ist interessant Nummer 6738.,German
Este es un día hermoso número 6739.,Spanish
La science des données est intéressante numéro 6740.,French
Data science is interesting topic number 6741.,English
Main machine learning seekh raha hoon 6742.,Hindi
Datenwissenschaft ist interessant Nummer 6743.,German
Este es un día hermoso número 6744.,Spanish
J'aime programmer en Python session 6745.,French
This is a beautiful day number 6746.,English
Data science bahut interesting hai 6747.,Hindi
Datenwissenschaft ist interessant Nummer 6748.,German
Me encanta aprender aprendizaje automático número 6749.,Spanish
J'aime programmer en Python session 6750.,French
Artificial intelligence is the future version 6751.,English
Artificial intelligence bhavishya hai 6752.,Hindi
Künstliche Intelligenz ist die Zukunft Version 6753.,German
La ciencia de datos es interesante número 6754.,Spanish
La science des données est intéressante numéro 6755.,French
This is a beautiful day number 6756.,English
Artificial intelligence bhavishya hai 6757.,Hindi
Ich programmiere gerne in Python Sitzung 6758.,German
La ciencia de datos es interesante número 6759.,Spanish
C'est une belle journée numéro 6760.,French
I enjoy coding in Python session 6761.,English
Data science bahut interesting hai 6762.,Hindi
Ich liebe maschinelles Lernen Nummer 6763.,German
Este es un día hermoso número 6764.,Spanish
J'aime apprendre l'apprentissage automatique numéro 6765.,French
I enjoy coding in Python session 6766.,English
Yeh ek sundar din hai number 6767.,Hindi
Datenwissenschaft ist interessant Nummer 6768.,German
La ciencia de datos es interesante número 6769.,Spanish
C'est une belle journée numéro 6770.,French
I love learning machine learning number 6771.,English
Main machine learning seekh raha hoon 6772.,Hindi
Ich programmiere gerne in Python Sitzung 6773.,German
Este es un día hermoso número 6774.,Spanish
J'aime programmer en Python session 6775.,French
Data science is interesting topic number 6776.,English
Mujhe coding pasand hai number 6777.,Hindi
Künstliche Intelligenz ist die Zukunft Version 6778.,German
Este es un día hermoso número 6779.,Spanish
J'aime apprendre l'apprentissage automatique numéro 6780.,French
Data science is interesting topic number 6781.,English
Main machine learning seekh raha hoon 6782.,Hindi
Ich programmiere gerne in Python Sitzung 6783.,German
La ciencia de datos es interesante número 6784.,Spanish
J'aime programmer en Python session 6785.,French
I love learning machine learning number 6786.,English
Data science bahut interesting hai 6787.,Hindi
Ich liebe maschinelles Lernen Nummer 6788.,German
Me encanta aprender aprendizaje automático número 6789.,Spanish
C'est une belle journée numéro 6790.,French
This is a beautiful day number 6791.,English
Data science bahut interesting hai 6792.,Hindi
Datenwissenschaft ist interessant Nummer 6793.,German
Me encanta aprender aprendizaje automático número 6794.,Spanish
L'intelligence artificielle est l'avenir version 6795.,French
Data science is interesting topic number 6796.,English
Data science bahut interesting hai 6797.,Hindi
Ich liebe maschinelles Lernen Nummer 6798.,German
Este es un día hermoso número 6799.,Spanish
J'aime programmer en Python session 6800.,French
I enjoy coding in Python session 6801.,English
Main machine learning seekh raha hoon 6802.,Hindi
Ich programmiere gerne in Python Sitzung 6803.,German
La inteligencia artificial es el futuro versión 6804.,Spanish
La science des données est intéressante numéro 6805.,French
I love learning machine learning number 6806.,English
Artificial intelligence bhavishya hai 6807.,Hindi
Das ist ein schöner Tag Nummer 6808.,German
La ciencia de datos es interesante número 6809.,Spanish
La science des données est intéressante numéro 6810.,French
I love learning machine learning number 6811.,English
Data science bahut interesting hai 6812.,Hindi
Ich programmiere gerne in Python Sitzung 6813.,German
Este es un día hermoso número 6814.,Spanish
L'intelligence artificielle est l'avenir version 6815.,French
Data science is interesting topic number 6816.,English
Artificial intelligence bhavishya hai 6817.,Hindi
Das ist ein schöner Tag Nummer 6818.,German
Disfruto programar en Python sesión 6819.,Spanish
La science des données est intéressante numéro 6820.,French
Data science is interesting topic number 6821.,English
Main machine learning seekh raha hoon 6822.,Hindi
Datenwissenschaft ist interessant Nummer 6823.,German
Este es un día hermoso número 6824.,Spanish
L'intelligence artificielle est l'avenir version 6825.,French
Data science is interesting topic number 6826.,English
Artificial intelligence bhavishya hai 6827.,Hindi
Künstliche Intelligenz ist die Zukunft Version 6828.,German
La inteligencia artificial es el futuro versión 6829.,Spanish
La science des données est intéressante numéro 6830.,French
I enjoy coding in Python session 6831.,English
Mujhe coding pasand hai number 6832.,Hindi
Ich liebe maschinelles Lernen Nummer 6833.,German
Este es un día hermoso número 6834.,Spanish
C'est une belle journée numéro 6835.,French
This is a beautiful day number 6836.,English
Mujhe coding pasand hai number 6837.,Hindi
Datenwissenschaft ist interessant Nummer 6838.,German
Este es un día hermoso número 6839.,Spanish
J'aime apprendre l'apprentissage automatique numéro 6840.,French
I love learning machine learning number 6841.,English
Data science bahut interesting hai 6842.,Hindi
Ich liebe maschinelles Lernen Nummer 6843.,German
La inteligencia artificial es el futuro versión 6844.,Spanish
C'est une belle journée numéro 6845.,French
I love learning machine learning number 6846.,English
Data science bahut interesting hai 6847.,Hindi
Ich liebe maschinelles Lernen Nummer 6848.,German
La inteligencia artificial es el futuro versión 6849.,Spanish
La science des données est intéressante numéro 6850.,French
Artificial intelligence is the future version 6851.,English
Mujhe coding pasand hai number 6852.,Hindi
Künstliche Intelligenz ist die Zukunft Version 6853.,German
Este es un día hermoso número 6854.,Spanish
La science des données est intéressante numéro 6855.,French
Data science is interesting topic number 6856.,English
Yeh ek sundar din hai number 6857.,Hindi
Künstliche Intelligenz ist die Zukunft Version 6858.,German
La inteligencia artificial es el futuro versión 6859.,Spanish
L'intelligence artificielle est l'avenir version 6860.,French
This is a beautiful day number 6861.,English
Data science bahut interesting hai 6862.,Hindi
Datenwissenschaft ist interessant Nummer 6863.,German
La ciencia de datos es interesante número 6864.,Spanish
La science des données est intéressante numéro 6865.,French
I love learning machine learning number 6866.,English
Mujhe coding pasand hai number 6867.,Hindi
Datenwissenschaft ist interessant Nummer 6868.,German
Me encanta aprender aprendizaje automático número 6869.,Spanish
La science des données est intéressante numéro 6870.,French
I love learning machine learning number 6871.,English
Main machine learning seekh raha hoon 6872.,Hindi
Ich programmiere gerne in Python Sitzung 6873.,German
Me encanta aprender aprendizaje automático número 6874.,Spanish
La science des données est intéressante numéro 6875.,French
Data science is interesting topic number 6876.,English
Yeh ek sundar din hai number 6877.,Hindi
Ich programmiere gerne in Python Sitzung 6878.,German
Este es un día hermoso número 6879.,Spanish
J'aime programmer en Python session 6880.,French
This is a beautiful day number 6881.,English
Artificial intelligence bhavishya hai 6882.,Hindi
Künstliche Intelligenz ist die Zukunft Version 6883.,German
La inteligencia artificial es el futuro versión 6884.,Spanish
L'intelligence artificielle est l'avenir version 6885.,French
I love learning machine learning number 6886.,English
Yeh ek sundar din hai number 6887.,Hindi
Das ist ein schöner Tag Nummer 6888.,German
Me encanta aprender aprendizaje automático número 6889.,Spanish
La science des données est intéressante numéro 6890.,French
I love learning machine learning number 6891.,English
Mujhe coding pasand hai number 6892.,Hindi
Datenwissenschaft ist interessant Nummer 6893.,German
La inteligencia artificial es el futuro versión 6894.,Spanish
J'aime apprendre l'apprentissage automatique numéro 6895.,French
Data science is interesting topic number 6896.,English
Main machine learning seekh raha hoon 6897.,Hindi
Künstliche Intelligenz ist die Zukunft Version 6898.,German
Disfruto programar en Python sesión 6899.,Spanish
J'aime programmer en Python session 6900.,French
Data science is interesting topic number 6901.,English
Yeh ek sundar din hai number 6902.,Hindi
Künstliche Intelligenz ist die Zukunft Version 6903.,German
Este es un día hermoso número 6904.,Spanish
J'aime programmer en Python session 6905.,French
I love learning machine learning number 6906.,English
Yeh ek sundar din hai number 6907.,Hindi
Ich liebe maschinelles Lernen Nummer 6908.,German
Disfruto programar en Python sesión 6909.,Spanish
L'intelligence artificielle est l'avenir version 6910.,French
This is a beautiful day number 6911.,English
Yeh ek sundar din hai number 6912.,Hindi
Das ist ein schöner Tag Nummer 6913.,German
Disfruto programar en Python sesión 6914.,Spanish
C'est une belle journée numéro 6915.,French
Artificial intelligence is the future version 6916.,English
Mujhe coding pasand hai number 6917.,Hindi
Das ist ein schöner Tag Nummer 6918.,German
Disfruto programar en Python sesión 6919.,Spanish
L'intelligence artificielle est l'avenir version 6920.,French
I love learning machine learning number 6921.,English
Mujhe coding pasand hai number 6922.,Hindi
Das ist ein schöner Tag Nummer 6923.,German
La ciencia de datos es interesante número 6924.,Spanish
J'aime programmer en Python session 6925.,French
I love learning machine learning number 6926.,English
Main machine learning seekh raha hoon 6927.,Hindi
Künstliche Intelligenz ist die Zukunft Version 6928.,German
La ciencia de datos es interesante número 6929.,Spanish
C'est une belle journée numéro 6930.,French
Data science is interesting topic number 6931.,English
Main machine learning seekh raha hoon 6932.,Hindi
Künstliche Intelligenz ist die Zukunft Version 6933.,German
Disfruto programar en Python sesión 6934.,Spanish
L'intelligence artificielle est l'avenir version 6935.,French
I enjoy coding in Python session 6936.,English
Yeh ek sundar din hai number 6937.,Hindi
Ich programmiere gerne in Python Sitzung 6938.,German
Disfruto programar en Python sesión 6939.,Spanish
J'aime apprendre l'apprentissage automatique numéro 6940.,French
Data science is interesting topic number 6941.,English
Yeh ek sundar din hai number 6942.,Hindi
Datenwissenschaft ist interessant Nummer 6943.,German
Disfruto programar en Python sesión 6944.,Spanish
L'intelligence artificielle est l'avenir version 6945.,French
I love learning machine learning number 6946.,English
Mujhe coding pasand hai number 6947.,Hindi
Ich liebe maschinelles Lernen Nummer 6948.,German
La inteligencia artificial es el futuro versión 6949.,Spanish
C'est une belle journée numéro 6950.,French
Artificial intelligence is the future version 6951.,English
Mujhe coding pasand hai number 6952.,Hindi
Ich liebe maschinelles Lernen Nummer 6953.,German
La inteligencia artificial es el futuro versión 6954.,Spanish
J'aime apprendre l'apprentissage automatique numéro 6955.,French
Artificial intelligence is the future version 6956.,English
Mujhe coding pasand hai number 6957.,Hindi
Künstliche Intelligenz ist die Zukunft Version 6958.,German
Me encanta aprender aprendizaje automático número 6959.,Spanish
C'est une belle journée numéro 6960.,French
I love learning machine learning number 6961.,English
Data science bahut interesting hai 6962.,Hindi
Künstliche Intelligenz ist die Zukunft Version 6963.,German
Me encanta aprender aprendizaje automático número 6964.,Spanish
J'aime apprendre l'apprentissage automatique numéro 6965.,French
Artificial intelligence is the future version 6966.,English
Main machine learning seekh raha hoon 6967.,Hindi
Künstliche Intelligenz ist die Zukunft Version 6968.,German
La inteligencia artificial es el futuro versión 6969.,Spanish
J'aime programmer en Python session 6970.,French
Data science is interesting topic number 6971.,English
Mujhe coding pasand hai number 6972.,Hindi
Das ist ein schöner Tag Nummer 6973.,German
Disfruto programar en Python sesión 6974.,Spanish
J'aime apprendre l'apprentissage automatique numéro 6975.,French
I enjoy coding in Python session 6976.,English
Artificial intelligence bhavishya hai 6977.,Hindi
Datenwissenschaft ist interessant Nummer 6978.,German
La ciencia de datos es interesante número 6979.,Spanish
La science des données est intéressante numéro 6980.,French
Artificial intelligence is the future version 6981.,English
Data science bahut interesting hai 6982.,Hindi
Ich programmiere gerne in Python Sitzung 6983.,German
Este es un día hermoso número 6984.,Spanish
La science des données est intéressante numéro 6985.,French
Data science is interesting topic number 6986.,English
Data science bahut interesting hai 6987.,Hindi
Ich programmiere gerne in Python Sitzung 6988.,German
La ciencia de datos es interesante número 6989.,Spanish
J'aime programmer en Python session 6990.,French
I love learning machine learning number 6991.,English
Mujhe coding pasand hai number 6992.,Hindi
Ich programmiere gerne in Python Sitzung 6993.,German
La inteligencia artificial es el futuro versión 6994.,Spanish
J'aime programmer en Python session 6995.,French
Artificial intelligence is the future version 6996.,English
Yeh ek sundar din hai number 6997.,Hindi
Ich liebe maschinelles Lernen Nummer 6998.,German
Disfruto programar en Python sesión 6999.,Spanish
C'est une belle journée numéro 7000.,French
This is a beautiful day number 7001.,English
Artificial intelligence bhavishya hai 7002.,Hindi
Das ist ein schöner Tag Nummer 7003.,German
La ciencia de datos es interesante número 7004.,Spanish
L'intelligence artificielle est l'avenir version 7005.,French
This is a beautiful day number 7006.,English
Main machine learning seekh raha hoon 7007.,Hindi
Datenwissenschaft ist interessant Nummer 7008.,German
La ciencia de datos es interesante número 7009.,Spanish
L'intelligence artificielle est l'avenir version 7010.,French
Data science is interesting topic number 7011.,English
Data science bahut interesting hai 7012.,Hindi
Datenwissenschaft ist interessant Nummer 7013.,German
La ciencia de datos es interesante número 7014.,Spanish
C'est une belle journée numéro 7015.,French
I enjoy coding in Python session 7016.,English
Mujhe coding pasand hai number 7017.,Hindi
Das ist ein schöner Tag Nummer 7018.,German
Este es un día hermoso número 7019.,Spanish
J'aime apprendre l'apprentissage automatique numéro 7020.,French
Data science is interesting topic number 7021.,English
Yeh ek sundar din hai number 7022.,Hindi
Ich programmiere gerne in Python Sitzung 7023.,German
Me encanta aprender aprendizaje automático número 7024.,Spanish
J'aime programmer en Python session 7025.,French
I enjoy coding in Python session 7026.,English
Artificial intelligence bhavishya hai 7027.,Hindi
Datenwissenschaft ist interessant Nummer 7028.,German
La ciencia de datos es interesante número 7029.,Spanish
C'est une belle journée numéro 7030.,French
I love learning machine learning number 7031.,English
Yeh ek sundar din hai number 7032.,Hindi
Künstliche Intelligenz ist die Zukunft Version 7033.,German
La ciencia de datos es interesante número 7034.,Spanish
J'aime apprendre l'apprentissage automatique numéro 7035.,French
This is a beautiful day number 7036.,English
Data science bahut interesting hai 7037.,Hindi
Künstliche Intelligenz ist die Zukunft Version 7038.,German
Este es un día hermoso número 7039.,Spanish
L'intelligence artificielle est l'avenir version 7040.,French
This is a beautiful day number 7041.,English
Artificial intelligence bhavishya hai 7042.,Hindi
Ich liebe maschinelles Lernen Nummer 7043.,German
Disfruto programar en Python sesión 7044.,Spanish
La science des données est intéressante numéro 7045.,French
Artificial intelligence is the future version 7046.,English
Yeh ek sundar din hai number 7047.,Hindi
Ich liebe maschinelles Lernen Nummer 7048.,German
La inteligencia artificial es el futuro versión 7049.,Spanish
C'est une belle journée numéro 7050.,French
Artificial intelligence is the future version 7051.,English
Mujhe coding pasand hai number 7052.,Hindi
Datenwissenschaft ist interessant Nummer 7053.,German
La ciencia de datos es interesante número 7054.,Spanish
La science des données est intéressante numéro 7055.,French
Data science is interesting topic number 7056.,English
Yeh ek sundar din hai number 7057.,Hindi
Ich programmiere gerne in Python Sitzung 7058.,German
Este es un día hermoso número 7059.,Spanish
L'intelligence artificielle est l'avenir version 7060.,French
Artificial intelligence is the future version 7061.,English
Yeh ek sundar din hai number 7062.,Hindi
Ich liebe maschinelles Lernen Nummer 7063.,German
La ciencia de datos es interesante número 7064.,Spanish
La science des données est intéressante numéro 7065.,French
This is a beautiful day number 7066.,English
Mujhe coding pasand hai number 7067.,Hindi
Künstliche Intelligenz ist die Zukunft Version 7068.,German
Disfruto programar en Python sesión 7069.,Spanish
C'est une belle journée numéro 7070.,French
Data science is interesting topic number 7071.,English
Main machine learning seekh raha hoon 7072.,Hindi
Das ist ein schöner Tag Nummer 7073.,German
La inteligencia artificial es el futuro versión 7074.,Spanish
L'intelligence artificielle est l'avenir version 7075.,French
Data science is interesting topic number 7076.,English
Mujhe coding pasand hai number 7077.,Hindi
Ich liebe maschinelles Lernen Nummer 7078.,German
La inteligencia artificial es el futuro versión 7079.,Spanish
J'aime apprendre l'apprentissage automatique numéro 7080.,French
I enjoy coding in Python session 7081.,English
Mujhe coding pasand hai number 7082.,Hindi
Künstliche Intelligenz ist die Zukunft Version 7083.,German
Disfruto programar en Python sesión 7084.,Spanish
J'aime apprendre l'apprentissage automatique numéro 7085.,French
This is a beautiful day number 7086.,English
Yeh ek sundar din hai number 7087.,Hindi
Das ist ein schöner Tag Nummer 7088.,German
Me encanta aprender aprendizaje automático número 7089.,Spanish
La science des données est intéressante numéro 7090.,French
This is a beautiful day number 7091.,English
Main machine learning seekh raha hoon 7092.,Hindi
Das ist ein schöner Tag Nummer 7093.,German
La ciencia de datos es interesante número 7094.,Spanish
L'intelligence artificielle est l'avenir version 7095.,French
This is a beautiful day number 7096.,English
Yeh ek sundar din hai number 7097.,Hindi
Ich liebe maschinelles Lernen Nummer 7098.,German
Este es un día hermoso número 7099.,Spanish
La science des données est intéressante numéro 7100.,French
Artificial intelligence is the future version 7101.,English
Data science bahut interesting hai 7102.,Hindi
Ich liebe maschinelles Lernen Nummer 7103.,German
Disfruto programar en Python sesión 7104.,Spanish
La science des données est intéressante numéro 7105.,French
Artificial intelligence is the future version 7106.,English
Data science bahut interesting hai 7107.,Hindi
Ich programmiere gerne in Python Sitzung 7108.,German
Este es un día hermoso número 7109.,Spanish
J'aime programmer en Python session 7110.,French
Artificial intelligence is the future version 7111.,English
Artificial intelligence bhavishya hai 7112.,Hindi
Künstliche Intelligenz ist die Zukunft Version 7113.,German
La ciencia de datos es interesante número 7114.,Spanish
C'est une belle journée numéro 7115.,French
This is a beautiful day number 7116.,English
Mujhe coding pasand hai number 7117.,Hindi
Ich programmiere gerne in Python Sitzung 7118.,German
Este es un día hermoso número 7119.,Spanish
L'intelligence artificielle est l'avenir version 7120.,French
Artificial intelligence is the future version 7121.,English
Main machine learning seekh raha hoon 7122.,Hindi
Ich programmiere gerne in Python Sitzung 7123.,German
Este es un día hermoso número 7124.,Spanish
J'aime apprendre l'apprentissage automatique numéro 7125.,French
Data science is interesting topic number 7126.,English
Yeh ek sundar din hai number 7127.,Hindi
Das ist ein schöner Tag Nummer 7128.,German
Me encanta aprender aprendizaje automático número 7129.,Spanish
J'aime apprendre l'apprentissage automatique numéro 7130.,French
Artificial intelligence is the future version 7131.,English
Data science bahut interesting hai 7132.,Hindi
Künstliche Intelligenz ist die Zukunft Version 7133.,German
La ciencia de datos es interesante número 7134.,Spanish
L'intelligence artificielle est l'avenir version 7135.,French
I enjoy coding in Python session 7136.,English
Yeh ek sundar din hai number 7137.,Hindi
Ich liebe maschinelles Lernen Nummer 7138.,German
Este es un día hermoso número 7139.,Spanish
La science des données est intéressante numéro 7140.,French
I love learning machine learning number 7141.,English
Main machine learning seekh raha hoon 7142.,Hindi
Ich liebe maschinelles Lernen Nummer 7143.,German
La inteligencia artificial es el futuro versión 7144.,Spanish
J'aime programmer en Python session 7145.,French
I love learning machine learning number 7146.,English
Artificial intelligence bhavishya hai 7147.,Hindi
Künstliche Intelligenz ist die Zukunft Version 7148.,German
La inteligencia artificial es el futuro versión 7149.,Spanish
C'est une belle journée numéro 7150.,French
Artificial intelligence is the future version 7151.,English
Main machine learning seekh raha hoon 7152.,Hindi
Ich programmiere gerne in Python Sitzung 7153.,German
La ciencia de datos es interesante número 7154.,Spanish
J'aime programmer en Python session 7155.,French
Data science is interesting topic number 7156.,English
Main machine learning seekh raha hoon 7157.,Hindi
Künstliche Intelligenz ist die Zukunft Version 7158.,German
La ciencia de datos es interesante número 7159.,Spanish
J'aime apprendre l'apprentissage automatique numéro 7160.,French
I enjoy coding in Python session 7161.,English
Yeh ek sundar din hai number 7162.,Hindi
Künstliche Intelligenz ist die Zukunft Version 7163.,German
La ciencia de datos es interesante número 7164.,Spanish
J'aime programmer en Python session 7165.,French
Artificial intelligence is the future version 7166.,English
Data science bahut interesting hai 7167.,Hindi
Künstliche Intelligenz ist die Zukunft Version 7168.,German
La inteligencia artificial es el futuro versión 7169.,Spanish
J'aime apprendre l'apprentissage automatique numéro 7170.,French
I love learning machine learning number 7171.,English
Mujhe coding pasand hai number 7172.,Hindi
Ich programmiere gerne in Python Sitzung 7173.,German
La inteligencia artificial es el futuro versión 7174.,Spanish
J'aime programmer en Python session 7175.,French
Data science is interesting topic number 7176.,English
Mujhe coding pasand hai number 7177.,Hindi
Ich programmiere gerne in Python Sitzung 7178.,German
Disfruto programar en Python sesión 7179.,Spanish
La science des données est intéressante numéro 7180.,French
Artificial intelligence is the future version 7181.,English
Mujhe coding pasand hai number 7182.,Hindi
Ich liebe maschinelles Lernen Nummer 7183.,German
La ciencia de datos es interesante número 7184.,Spanish
C'est une belle journée numéro 7185.,French
Data science is interesting topic number 7186.,English
Yeh ek sundar din hai number 7187.,Hindi
Ich liebe maschinelles Lernen Nummer 7188.,German
La inteligencia artificial es el futuro versión 7189.,Spanish
J'aime programmer en Python session 7190.,French
Artificial intelligence is the future version 7191.,English
Main machine learning seekh raha hoon 7192.,Hindi
Künstliche Intelligenz ist die Zukunft Version 7193.,German
La ciencia de datos es interesante número 7194.,Spanish
C'est une belle journée numéro 7195.,French
Artificial intelligence is the future version 7196.,English
Mujhe coding pasand hai number 7197.,Hindi
Ich programmiere gerne in Python Sitzung 7198.,German
Este es un día hermoso número 7199.,Spanish
L'intelligence artificielle est l'avenir version 7200.,French
I enjoy coding in Python session 7201.,English
Mujhe coding pasand hai number 7202.,Hindi
Datenwissenschaft ist interessant Nummer 7203.,German
Disfruto programar en Python sesión 7204.,Spanish
C'est une belle journée numéro 7205.,French
This is a beautiful day number 7206.,English
Yeh ek sundar din hai number 7207.,Hindi
Ich programmiere gerne in Python Sitzung 7208.,German
La ciencia de datos es interesante número 7209.,Spanish
L'intelligence artificielle est l'avenir version 7210.,French
Artificial intelligence is the future version 7211.,English
Data science bahut interesting hai 7212.,Hindi
Das ist ein schöner Tag Nummer 7213.,German
La inteligencia artificial es el futuro versión 7214.,Spanish
J'aime programmer en Python session 7215.,French
I enjoy coding in Python session 7216.,English
Main machine learning seekh raha hoon 7217.,Hindi
Das ist ein schöner Tag Nummer 7218.,German
La ciencia de datos es interesante número 7219.,Spanish
La science des données est intéressante numéro 7220.,French
Data science is interesting topic number 7221.,English
Mujhe coding pasand hai number 7222.,Hindi
Datenwissenschaft ist interessant Nummer 7223.,German
Este es un día hermoso número 7224.,Spanish
La science des données est intéressante numéro 7225.,French
I enjoy coding in Python session 7226.,English
Data science bahut interesting hai 7227.,Hindi
Das ist ein schöner Tag Nummer 7228.,German
La inteligencia artificial es el futuro versión 7229.,Spanish
La science des données est intéressante numéro 7230.,French
Data science is interesting topic number 7231.,English
Main machine learning seekh raha hoon 7232.,Hindi
Ich liebe maschinelles Lernen Nummer 7233.,German
Este es un día hermoso número 7234.,Spanish
J'aime programmer en Python session 7235.,French
I love learning machine learning number 7236.,English
Artificial intelligence bhavishya hai 7237.,Hindi
Künstliche Intelligenz ist die Zukunft Version 7238.,German
Me encanta aprender aprendizaje automático número 7239.,Spanish
C'est une belle journée numéro 7240.,French
I enjoy coding in Python session 7241.,English
Yeh ek sundar din hai number 7242.,Hindi
Datenwissenschaft ist interessant Nummer 7243.,German
Me encanta aprender aprendizaje automático número 7244.,Spanish
La science des données est intéressante numéro 7245.,French
Data science is interesting topic number 7246.,English
Artificial intelligence bhavishya hai 7247.,Hindi
Das ist ein schöner Tag Nummer 7248.,German
Este es un día hermoso número 7249.,Spanish
La science des données est intéressante numéro 7250.,French
Data science is interesting topic number 7251.,English
Yeh ek sundar din hai number 7252.,Hindi
Ich liebe maschinelles Lernen Nummer 7253.,German
Este es un día hermoso número 7254.,Spanish
J'aime programmer en Python session 7255.,French
Data science is interesting topic number 7256.,English
Artificial intelligence bhavishya hai 7257.,Hindi
Das ist ein schöner Tag Nummer 7258.,German
La ciencia de datos es interesante número 7259.,Spanish
La science des données est intéressante numéro 7260.,French
Data science is interesting topic number 7261.,English
Main machine learning seekh raha hoon 7262.,Hindi
Ich liebe maschinelles Lernen Nummer 7263.,German
La inteligencia artificial es el futuro versión 7264.,Spanish
J'aime apprendre l'apprentissage automatique numéro 7265.,French
Data science is interesting topic number 7266.,English
Yeh ek sundar din hai number 7267.,Hindi
Ich programmiere gerne in Python Sitzung 7268.,German
La ciencia de datos es interesante número 7269.,Spanish
J'aime programmer en Python session 7270.,French
Data science is interesting topic number 7271.,English
Yeh ek sundar din hai number 7272.,Hindi
Ich programmiere gerne in Python Sitzung 7273.,German
La ciencia de datos es interesante número 7274.,Spanish
J'aime programmer en Python session 7275.,French
I love learning machine learning number 7276.,English
Artificial intelligence bhavishya hai 7277.,Hindi
Das ist ein schöner Tag Nummer 7278.,German
Me encanta aprender aprendizaje automático número 7279.,Spanish
J'aime programmer en Python session 7280.,French
Data science is interesting topic number 7281.,English
Mujhe coding pasand hai number 7282.,Hindi
Künstliche Intelligenz ist die Zukunft Version 7283.,German
La ciencia de datos es interesante número 7284.,Spanish
J'aime apprendre l'apprentissage automatique numéro 7285.,French
I love learning machine learning number 7286.,English
Data science bahut interesting hai 7287.,Hindi
Datenwissenschaft ist interessant Nummer 7288.,German
La inteligencia artificial es el futuro versión 7289.,Spanish
J'aime programmer en Python session 7290.,French
This is a beautiful day number 7291.,English
Mujhe coding pasand hai number 7292.,Hindi
Künstliche Intelligenz ist die Zukunft Version 7293.,German
La inteligencia artificial es el futuro versión 7294.,Spanish
L'intelligence artificielle est l'avenir version 7295.,French
This is a beautiful day number 7296.,English
Yeh ek sundar din hai number 7297.,Hindi
Künstliche Intelligenz ist die Zukunft Version 7298.,German
La inteligencia artificial es el futuro versión 7299.,Spanish
J'aime apprendre l'apprentissage automatique numéro 7300.,French
Data science is interesting topic number 7301.,English
Mujhe coding pasand hai number 7302.,Hindi
Künstliche Intelligenz ist die Zukunft Version 7303.,German
La ciencia de datos es interesante número 7304.,Spanish
J'aime apprendre l'apprentissage automatique numéro 7305.,French
I enjoy coding in Python session 7306.,English
Yeh ek sundar din hai number 7307.,Hindi
Ich liebe maschinelles Lernen Nummer 7308.,German
La inteligencia artificial es el futuro versión 7309.,Spanish
L'intelligence artificielle est l'avenir version 7310.,French
I love learning machine learning number 7311.,English
Yeh ek sundar din hai number 7312.,Hindi
Ich liebe maschinelles Lernen Nummer 7313.,German
La ciencia de datos es interesante número 7314.,Spanish
L'intelligence artificielle est l'avenir version 7315.,French
Data science is interesting topic number 7316.,English
Data science bahut interesting hai 7317.,Hindi
Künstliche Intelligenz ist die Zukunft Version 7318.,German
Este es un día hermoso número 7319.,Spanish
L'intelligence artificielle est l'avenir version 7320.,French
I love learning machine learning number 7321.,English
Main machine learning seekh raha hoon 7322.,Hindi
Künstliche Intelligenz ist die Zukunft Version 7323.,German
Este es un día hermoso número 7324.,Spanish
C'est une belle journée numéro 7325.,French
I enjoy coding in Python session 7326.,English
Yeh ek sundar din hai number 7327.,Hindi
Ich programmiere gerne in Python Sitzung 7328.,German
La inteligencia artificial es el futuro versión 7329.,Spanish
La science des données est intéressante numéro 7330.,French
This is a beautiful day number 7331.,English
Main machine learning seekh raha hoon 7332.,Hindi
Datenwissenschaft ist interessant Nummer 7333.,German
Disfruto programar en Python sesión 7334.,Spanish
J'aime apprendre l'apprentissage automatique numéro 7335.,French
Data science is interesting topic number 7336.,English
Yeh ek sundar din hai number 7337.,Hindi
Künstliche Intelligenz ist die Zukunft Version 7338.,German
Me encanta aprender aprendizaje automático número 7339.,Spanish
C'est une belle journée numéro 7340.,French
I enjoy coding in Python session 7341.,English
Artificial intelligence bhavishya hai 7342.,Hindi
Ich liebe maschinelles Lernen Nummer 7343.,German
La ciencia de datos es interesante número 7344.,Spanish
L'intelligence artificielle est l'avenir version 7345.,French
This is a beautiful day number 7346.,English
Artificial intelligence bhavishya hai 7347.,Hindi
Ich programmiere gerne in Python Sitzung 7348.,German
La inteligencia artificial es el futuro versión 7349.,Spanish
C'est une belle journée numéro 7350.,French
Artificial intelligence is the future version 7351.,English
Artificial intelligence bhavishya hai 7352.,Hindi
Ich liebe maschinelles Lernen Nummer 7353.,German
Disfruto programar en Python sesión 7354.,Spanish
J'aime apprendre l'apprentissage automatique numéro 7355.,French
I enjoy coding in Python session 7356.,English
Artificial intelligence bhavishya hai 7357.,Hindi
Das ist ein schöner Tag Nummer 7358.,German
Este es un día hermoso número 7359.,Spanish
J'aime programmer en Python session 7360.,French
I love learning machine learning number 7361.,English
Artificial intelligence bhavishya hai 7362.,Hindi
Künstliche Intelligenz ist die Zukunft Version 7363.,German
Disfruto programar en Python sesión 7364.,Spanish
La science des données est intéressante numéro 7365.,French
I love learning machine learning number 7366.,English
Main machine learning seekh raha hoon 7367.,Hindi
Ich liebe maschinelles Lernen Nummer 7368.,German
La ciencia de datos es interesante número 7369.,Spanish
L'intelligence artificielle est l'avenir version 7370.,French
This is a beautiful day number 7371.,English
Data science bahut interesting hai 7372.,Hindi
Datenwissenschaft ist interessant Nummer 7373.,German
La inteligencia artificial es el futuro versión 7374.,Spanish
C'est une belle journée numéro 7375.,French
This is a beautiful day number 7376.,English
Yeh ek sundar din hai number 7377.,Hindi
Datenwissenschaft ist interessant Nummer 7378.,German
La ciencia de datos es interesante número 7379.,Spanish
J'aime programmer en Python session 7380.,French
This is a beautiful day number 7381.,English
Mujhe coding pasand hai number 7382.,Hindi
Ich programmiere gerne in Python Sitzung 7383.,German
La ciencia de datos es interesante número 7384.,Spanish
J'aime programmer en Python session 7385.,French
Artificial intelligence is the future version 7386.,English
Artificial intelligence bhavishya hai 7387.,Hindi
Künstliche Intelligenz ist die Zukunft Version 7388.,German
Este es un día hermoso número 7389.,Spanish
J'aime apprendre l'apprentissage automatique numéro 7390.,French
Data science is interesting topic number 7391.,English
Mujhe coding pasand hai number 7392.,Hindi
Das ist ein schöner Tag Nummer 7393.,German
La ciencia de datos es interesante número 7394.,Spanish
J'aime programmer en Python session 7395.,French
Artificial intelligence is the future version 7396.,English
Main machine learning seekh raha hoon 7397.,Hindi
Künstliche Intelligenz ist die Zukunft Version 7398.,German
Me encanta aprender aprendizaje automático número 7399.,Spanish
C'est une belle journée numéro 7400.,French
I love learning machine learning number 7401.,English
Data science bahut interesting hai 7402.,Hindi
Ich programmiere gerne in Python Sitzung 7403.,German
Este es un día hermoso número 7404.,Spanish
La science des données est intéressante numéro 7405.,French
I enjoy coding in Python session 7406.,English
Artificial intelligence bhavishya hai 7407.,Hindi
Ich programmiere gerne in Python Sitzung 7408.,German
Este es un día hermoso número 7409.,Spanish
J'aime apprendre l'apprentissage automatique numéro 7410.,French
I love learning machine learning number 7411.,English
Yeh ek sundar din hai number 7412.,Hindi
Datenwissenschaft ist interessant Nummer 7413.,German
Me encanta aprender aprendizaje automático número 7414.,Spanish
L'intelligence artificielle est l'avenir version 7415.,French
Artificial intelligence is the future version 7416.,English
Data science bahut interesting hai 7417.,Hindi
Ich liebe maschinelles Lernen Nummer 7418.,German
Me encanta aprender aprendizaje automático número 7419.,Spanish
J'aime apprendre l'apprentissage automatique numéro 7420.,French
I enjoy coding in Python session 7421.,English
Yeh ek sundar din hai number 7422.,Hindi
Das ist ein schöner Tag Nummer 7423.,German
La inteligencia artificial es el futuro versión 7424.,Spanish
L'intelligence artificielle est l'avenir version 7425.,French
I love learning machine learning number 7426.,English
Yeh ek sundar din hai number 7427.,Hindi
Künstliche Intelligenz ist die Zukunft Version 7428.,German
Me encanta aprender aprendizaje automático número 7429.,Spanish
C'est une belle journée numéro 7430.,French
This is a beautiful day number 7431.,English
Artificial intelligence bhavishya hai 7432.,Hindi
Datenwissenschaft ist interessant Nummer 7433.,German
La inteligencia artificial es el futuro versión 7434.,Spanish
C'est une belle journée numéro 7435.,French
I love learning machine learning number 7436.,English
Artificial intelligence bhavishya hai 7437.,Hindi
Datenwissenschaft ist interessant Nummer 7438.,German
La ciencia de datos es interesante número 7439.,Spanish
La science des données est intéressante numéro 7440.,French
This is a beautiful day number 7441.,English
Data science bahut interesting hai 7442.,Hindi
Ich programmiere gerne in Python Sitzung 7443.,German
La inteligencia artificial es el futuro versión 7444.,Spanish
La science des données est intéressante numéro 7445.,French
Artificial intelligence is the future version 7446.,English
Data science bahut interesting hai 7447.,Hindi
Ich programmiere gerne in Python Sitzung 7448.,German
Disfruto programar en Python sesión 7449.,Spanish
C'est une belle journée numéro 7450.,French
This is a beautiful day number 7451.,English
Mujhe coding pasand hai number 7452.,Hindi
Datenwissenschaft ist interessant Nummer 7453.,German
Disfruto programar en Python sesión 7454.,Spanish
L'intelligence artificielle est l'avenir version 7455.,French
Data science is interesting topic number 7456.,English
Artificial intelligence bhavishya hai 7457.,Hindi
Ich liebe maschinelles Lernen Nummer 7458.,German
Este es un día hermoso número 7459.,Spanish
J'aime programmer en Python session 7460.,French
I enjoy coding in Python session 7461.,English
Artificial intelligence bhavishya hai 7462.,Hindi
Datenwissenschaft ist interessant Nummer 7463.,German
Me encanta aprender aprendizaje automático número 7464.,Spanish
J'aime programmer en Python session 7465.,French
This is a beautiful day number 7466.,English
Mujhe coding pasand hai number 7467.,Hindi
Ich programmiere gerne in Python Sitzung 7468.,German
La inteligencia artificial es el futuro versión 7469.,Spanish
La science des données est intéressante numéro 7470.,French
This is a beautiful day number 7471.,English
Main machine learning seekh raha hoon 7472.,Hindi
Künstliche Intelligenz ist die Zukunft Version 7473.,German
La inteligencia artificial es el futuro versión 7474.,Spanish
J'aime programmer en Python session 7475.,French
This is a beautiful day number 7476.,English
Data science bahut interesting hai 7477.,Hindi
Das ist ein schöner Tag Nummer 7478.,German
Disfruto programar en Python sesión 7479.,Spanish
C'est une belle journée numéro 7480.,French
I love learning machine learning number 7481.,English
Data science bahut interesting hai 7482.,Hindi
Datenwissenschaft ist interessant Nummer 7483.,German
La inteligencia artificial es el futuro versión 7484.,Spanish
L'intelligence artificielle est l'avenir version 7485.,French
I enjoy coding in Python session 7486.,English
Yeh ek sundar din hai number 7487.,Hindi
Das ist ein schöner Tag Nummer 7488.,German
La ciencia de datos es interesante número 7489.,Spanish
La science des données est intéressante numéro 7490.,French
I enjoy coding in Python session 7491.,English
Yeh ek sundar din hai number 7492.,Hindi
Das ist ein schöner Tag Nummer 7493.,German
Disfruto programar en Python sesión 7494.,Spanish
La science des données est intéressante numéro 7495.,French
Data science is interesting topic number 7496.,English
Data science bahut interesting hai 7497.,Hindi
Das ist ein schöner Tag Nummer 7498.,German
Disfruto programar en Python sesión 7499.,Spanish
L'intelligence artificielle est l'avenir version 7500.,French
I enjoy coding in Python session 7501.,English
Main machine learning seekh raha hoon 7502.,Hindi
Künstliche Intelligenz ist die Zukunft Version 7503.,German
Me encanta aprender aprendizaje automático número 7504.,Spanish
La science des données est intéressante numéro 7505.,French
Data science is interesting topic number 7506.,English
Mujhe coding pasand hai number 7507.,Hindi
Ich liebe maschinelles Lernen Nummer 7508.,German
Disfruto programar en Python sesión 7509.,Spanish
J'aime programmer en Python session 7510.,French
This is a beautiful day number 7511.,English
Data science bahut interesting hai 7512.,Hindi
Ich programmiere gerne in Python Sitzung 7513.,German
Este es un día hermoso número 7514.,Spanish
C'est une belle journée numéro 7515.,French
I enjoy coding in Python session 7516.,English
Mujhe coding pasand hai number 7517.,Hindi
Ich programmiere gerne in Python Sitzung 7518.,German
Disfruto programar en Python sesión 7519.,Spanish
J'aime programmer en Python session 7520.,French
I love learning machine learning number 7521.,English
Yeh ek sundar din hai number 7522.,Hindi
Ich programmiere gerne in Python Sitzung 7523.,German
Me encanta aprender aprendizaje automático número 7524.,Spanish
La science des données est intéressante numéro 7525.,French
I enjoy coding in Python session 7526.,English
Artificial intelligence bhavishya hai 7527.,Hindi
Ich programmiere gerne in Python Sitzung 7528.,German
Disfruto programar en Python sesión 7529.,Spanish
J'aime programmer en Python session 7530.,French
This is a beautiful day number 7531.,English
Yeh ek sundar din hai number 7532.,Hindi
Das ist ein schöner Tag Nummer 7533.,German
La inteligencia artificial es el futuro versión 7534.,Spanish
J'aime programmer en Python session 7535.,French
I love learning machine learning number 7536.,English
Data science bahut interesting hai 7537.,Hindi
Ich programmiere gerne in Python Sitzung 7538.,German
Disfruto programar en Python sesión 7539.,Spanish
J'aime programmer en Python session 7540.,French
Data science is interesting topic number 7541.,English
Artificial intelligence bhavishya hai 7542.,Hindi
Datenwissenschaft ist interessant Nummer 7543.,German
La ciencia de datos es interesante número 7544.,Spanish
L'intelligence artificielle est l'avenir version 7545.,French
This is a beautiful day number 7546.,English
Artificial intelligence bhavishya hai 7547.,Hindi
Datenwissenschaft ist interessant Nummer 7548.,German
La ciencia de datos es interesante número 7549.,Spanish
C'est une belle journée numéro 7550.,French
Data science is interesting topic number 7551.,English
Main machine learning seekh raha hoon 7552.,Hindi
Das ist ein schöner Tag Nummer 7553.,German
Disfruto programar en Python sesión 7554.,Spanish
J'aime programmer en Python session 7555.,French
I enjoy coding in Python session 7556.,English
Yeh ek sundar din hai number 7557.,Hindi
Das ist ein schöner Tag Nummer 7558.,German
La ciencia de datos es interesante número 7559.,Spanish
La science des données est intéressante numéro 7560.,French
Artificial intelligence is the future version 7561.,English
Data science bahut interesting hai 7562.,Hindi
Ich liebe maschinelles Lernen Nummer 7563.,German
Disfruto programar en Python sesión 7564.,Spanish
J'aime programmer en Python session 7565.,French
Data science is interesting topic number 7566.,English
Main machine learning seekh raha hoon 7567.,Hindi
Künstliche Intelligenz ist die Zukunft Version 7568.,German
Disfruto programar en Python sesión 7569.,Spanish
J'aime programmer en Python session 7570.,French
I love learning machine learning number 7571.,English
Yeh ek sundar din hai number 7572.,Hindi
Datenwissenschaft ist interessant Nummer 7573.,German
Me encanta aprender aprendizaje automático número 7574.,Spanish
L'intelligence artificielle est l'avenir version 7575.,French
I enjoy coding in Python session 7576.,English
Yeh ek sundar din hai number 7577.,Hindi
Das ist ein schöner Tag Nummer 7578.,German
La ciencia de datos es interesante número 7579.,Spanish
L'intelligence artificielle est l'avenir version 7580.,French
I love learning machine learning number 7581.,English
Main machine learning seekh raha hoon 7582.,Hindi
Das ist ein schöner Tag Nummer 7583.,German
La inteligencia artificial es el futuro versión 7584.,Spanish
L'intelligence artificielle est l'avenir version 7585.,French
Artificial intelligence is the future version 7586.,English
Main machine learning seekh raha hoon 7587.,Hindi
Datenwissenschaft ist interessant Nummer 7588.,German
Me encanta aprender aprendizaje automático número 7589.,Spanish
La science des données est intéressante numéro 7590.,French
Data science is interesting topic number 7591.,English
Artificial intelligence bhavishya hai 7592.,Hindi
Datenwissenschaft ist interessant Nummer 7593.,German
La inteligencia artificial es el futuro versión 7594.,Spanish
La science des données est intéressante numéro 7595.,French
Data science is interesting topic number 7596.,English
Yeh ek sundar din hai number 7597.,Hindi
Datenwissenschaft ist interessant Nummer 7598.,German
Me encanta aprender aprendizaje automático número 7599.,Spanish
La science des données est intéressante numéro 7600.,French
Artificial intelligence is the future version 7601.,English
Artificial intelligence bhavishya hai 7602.,Hindi
Ich liebe maschinelles Lernen Nummer 7603.,German
Me encanta aprender aprendizaje automático número 7604.,Spanish
La science des données est intéressante numéro 7605.,French
I love learning machine learning number 7606.,English
Mujhe coding pasand hai number 7607.,Hindi
Ich programmiere gerne in Python Sitzung 7608.,German
Disfruto programar en Python sesión 7609.,Spanish
J'aime programmer en Python session 7610.,French
Data science is interesting topic number 7611.,English
Mujhe coding pasand hai number 7612.,Hindi
Das ist ein schöner Tag Nummer 7613.,German
La ciencia de datos es interesante número 7614.,Spanish
La science des données est intéressante numéro 7615.,French
Artificial intelligence is the future version 7616.,English
Artificial intelligence bhavishya hai 7617.,Hindi
Ich programmiere gerne in Python Sitzung 7618.,German
La inteligencia artificial es el futuro versión 7619.,Spanish
C'est une belle journée numéro 7620.,French
Artificial intelligence is the future version 7621.,English
Mujhe coding pasand hai number 7622.,Hindi
Künstliche Intelligenz ist die Zukunft Version 7623.,German
Me encanta aprender aprendizaje automático número 7624.,Spanish
C'est une belle journée numéro 7625.,French
I love learning machine learning number 7626.,English
Yeh ek sundar din hai number 7627.,Hindi
Ich liebe maschinelles Lernen Nummer 7628.,German
Me encanta aprender aprendizaje automático número 7629.,Spanish
J'aime programmer en Python session 7630.,French
I love learning machine learning number 7631.,English
Mujhe coding pasand hai number 7632.,Hindi
Datenwissenschaft ist interessant Nummer 7633.,German
Este es un día hermoso número 7634.,Spanish
J'aime apprendre l'apprentissage automatique numéro 7635.,French
This is a beautiful day number 7636.,English
Mujhe coding pasand hai number 7637.,Hindi
Das ist ein schöner Tag Nummer 7638.,German
Me encanta aprender aprendizaje automático número 7639.,Spanish
J'aime programmer en Python session 7640.,French
I love learning machine learning number 7641.,English
Data science bahut interesting hai 7642.,Hindi
Künstliche Intelligenz ist die Zukunft Version 7643.,German
La inteligencia artificial es el futuro versión 7644.,Spanish
C'est une belle journée numéro 7645.,French
Artificial intelligence is the future version 7646.,English
Mujhe coding pasand hai number 7647.,Hindi
Das ist ein schöner Tag Nummer 7648.,German
La ciencia de datos es interesante número 7649.,Spanish
J'aime programmer en Python session 7650.,French
I love learning machine learning number 7651.,English
Data science bahut interesting hai 7652.,Hindi
Datenwissenschaft ist interessant Nummer 7653.,German
Me encanta aprender aprendizaje automático número 7654.,Spanish
C'est une belle journée numéro 7655.,French
I love learning machine learning number 7656.,English
Yeh ek sundar din hai number 7657.,Hindi
Datenwissenschaft ist interessant Nummer 7658.,German
Este es un día hermoso número 7659.,Spanish
J'aime programmer en Python session 7660.,French
I love learning machine learning number 7661.,English
Mujhe coding pasand hai number 7662.,Hindi
Ich programmiere gerne in Python Sitzung 7663.,German
Me encanta aprender aprendizaje automático número 7664.,Spanish
C'est une belle journée numéro 7665.,French
Data science is interesting topic number 7666.,English
Data science bahut interesting hai 7667.,Hindi
Ich programmiere gerne in Python Sitzung 7668.,German
Este es un día hermoso número 7669.,Spanish
J'aime apprendre l'apprentissage automatique numéro 7670.,French
This is a beautiful day number 7671.,English
Data science bahut interesting hai 7672.,Hindi
Ich liebe maschinelles Lernen Nummer 7673.,German
Disfruto programar en Python sesión 7674.,Spanish
La science des données est intéressante numéro 7675.,French
I enjoy coding in Python session 7676.,English
Data science bahut interesting hai 7677.,Hindi
Ich liebe maschinelles Lernen Nummer 7678.,German
La inteligencia artificial es el futuro versión 7679.,Spanish
J'aime apprendre l'apprentissage automatique numéro 7680.,French
I enjoy coding in Python session 7681.,English
Mujhe coding pasand hai number 7682.,Hindi
Das ist ein schöner Tag Nummer 7683.,German
Disfruto programar en Python sesión 7684.,Spanish
J'aime programmer en Python session 7685.,French
Artificial intelligence is the future version 7686.,English
Artificial intelligence bhavishya hai 7687.,Hindi
Das ist ein schöner Tag Nummer 7688.,German
Me encanta aprender aprendizaje automático número 7689.,Spanish
J'aime apprendre l'apprentissage automatique numéro 7690.,French
This is a beautiful day number 7691.,English
Mujhe coding pasand hai number 7692.,Hindi
Das ist ein schöner Tag Nummer 7693.,German
La ciencia de datos es interesante número 7694.,Spanish
J'aime apprendre l'apprentissage automatique numéro 7695.,French
This is a beautiful day number 7696.,English
Main machine learning seekh raha hoon 7697.,Hindi
Künstliche Intelligenz ist die Zukunft Version 7698.,German
Me encanta aprender aprendizaje automático número 7699.,Spanish
C'est une belle journée numéro 7700.,French
I love learning machine learning number 7701.,English
Main machine learning seekh raha hoon 7702.,Hindi
Datenwissenschaft ist interessant Nummer 7703.,German
La inteligencia artificial es el futuro versión 7704.,Spanish
C'est une belle journée numéro 7705.,French
This is a beautiful day number 7706.,English
Main machine learning seekh raha hoon 7707.,Hindi
Ich programmiere gerne in Python Sitzung 7708.,German
Disfruto programar en Python sesión 7709.,Spanish
La science des données est intéressante numéro 7710.,French
I enjoy coding in Python session 7711.,English
Mujhe coding pasand hai number 7712.,Hindi
Das ist ein schöner Tag Nummer 7713.,German
Este es un día hermoso número 7714.,Spanish
J'aime programmer en Python session 7715.,French
This is a beautiful day number 7716.,English
Data science bahut interesting hai 7717.,Hindi
Ich programmiere gerne in Python Sitzung 7718.,German
La inteligencia artificial es el futuro versión 7719.,Spanish
La science des données est intéressante numéro 7720.,French
I love learning machine learning number 7721.,English
Yeh ek sundar din hai number 7722.,Hindi
Das ist ein schöner Tag Nummer 7723.,German
La ciencia de datos es interesante número 7724.,Spanish
L'intelligence artificielle est l'avenir version 7725.,French
Data science is interesting topic number 7726.,English
Data science bahut interesting hai 7727.,Hindi
Datenwissenschaft ist interessant Nummer 7728.,German
La inteligencia artificial es el futuro versión 7729.,Spanish
L'intelligence artificielle est l'avenir version 7730.,French
Data science is interesting topic number 7731.,English
Artificial intelligence bhavishya hai 7732.,Hindi
Das ist ein schöner Tag Nummer 7733.,German
Disfruto programar en Python sesión 7734.,Spanish
L'intelligence artificielle est l'avenir version 7735.,French
Data science is interesting topic number 7736.,English
Main machine learning seekh raha hoon 7737.,Hindi
Datenwissenschaft ist interessant Nummer 7738.,German
Este es un día hermoso número 7739.,Spanish
J'aime apprendre l'apprentissage automatique numéro 7740.,French
I love learning machine learning number 7741.,English
Main machine learning seekh raha hoon 7742.,Hindi
Ich liebe maschinelles Lernen Nummer 7743.,German
La ciencia de datos es interesante número 7744.,Spanish
La science des données est intéressante numéro 7745.,French
Data science is interesting topic number 7746.,English
Main machine learning seekh raha hoon 7747.,Hindi
Das ist ein schöner Tag Nummer 7748.,German
Me encanta aprender aprendizaje automático número 7749.,Spanish
J'aime programmer en Python session 7750.,French
I enjoy coding in Python session 7751.,English
Data science bahut interesting hai 7752.,Hindi
Ich programmiere gerne in Python Sitzung 7753.,German
Este es un día hermoso número 7754.,Spanish
C'est une belle journée numéro 7755.,French
I enjoy coding in Python session 7756.,English
Mujhe coding pasand hai number 7757.,Hindi
Datenwissenschaft ist interessant Nummer 7758.,German
Disfruto programar en Python sesión 7759.,Spanish
La science des données est intéressante numéro 7760.,French
This is a beautiful day number 7761.,English
Mujhe coding pasand hai number 7762.,Hindi
Datenwissenschaft ist interessant Nummer 7763.,German
La ciencia de datos es interesante número 7764.,Spanish
L'intelligence artificielle est l'avenir version 7765.,French
I enjoy coding in Python session 7766.,English
Artificial intelligence bhavishya hai 7767.,Hindi
Datenwissenschaft ist interessant Nummer 7768.,German
La inteligencia artificial es el futuro versión 7769.,Spanish
C'est une belle journée numéro 7770.,French
Artificial intelligence is the future version 7771.,English
Yeh ek sundar din hai number 7772.,Hindi
Das ist ein schöner Tag Nummer 7773.,German
Me encanta aprender aprendizaje automático número 7774.,Spanish
J'aime apprendre l'apprentissage automatique numéro 7775.,French
I love learning machine learning number 7776.,English
Mujhe coding pasand hai number 7777.,Hindi
Ich liebe maschinelles Lernen Nummer 7778.,German
Me encanta aprender aprendizaje automático número 7779.,Spanish
La science des données est intéressante numéro 7780.,French
Artificial intelligence is the future version 7781.,English
Yeh ek sundar din hai number 7782.,Hindi
Datenwissenschaft ist interessant Nummer 7783.,German
Me encanta aprender aprendizaje automático número 7784.,Spanish
L'intelligence artificielle est l'avenir version 7785.,French
This is a beautiful day number 7786.,English
Main machine learning seekh raha hoon 7787.,Hindi
Ich liebe maschinelles Lernen Nummer 7788.,German
Este es un día hermoso número 7789.,Spanish
C'est une belle journée numéro 7790.,French
Artificial intelligence is the future version 7791.,English
Mujhe coding pasand hai number 7792.,Hindi
Ich liebe maschinelles Lernen Nummer 7793.,German
Este es un día hermoso número 7794.,Spanish
J'aime apprendre l'apprentissage automatique numéro 7795.,French
Artificial intelligence is the future version 7796.,English
Mujhe coding pasand hai number 7797.,Hindi
Datenwissenschaft ist interessant Nummer 7798.,German
Me encanta aprender aprendizaje automático número 7799.,Spanish
J'aime programmer en Python session 7800.,French
Data science is interesting topic number 7801.,English
Main machine learning seekh raha hoon 7802.,Hindi
Künstliche Intelligenz ist die Zukunft Version 7803.,German
La inteligencia artificial es el futuro versión 7804.,Spanish
J'aime programmer en Python session 7805.,French
I enjoy coding in Python session 7806.,English
Mujhe coding pasand hai number 7807.,Hindi
Ich programmiere gerne in Python Sitzung 7808.,German
La ciencia de datos es interesante número 7809.,Spanish
L'intelligence artificielle est l'avenir version 7810.,French
Artificial intelligence is the future version 7811.,English
Mujhe coding pasand hai number 7812.,Hindi
Ich programmiere gerne in Python Sitzung 7813.,German
Disfruto programar en Python sesión 7814.,Spanish
J'aime apprendre l'apprentissage automatique numéro 7815.,French
I love learning machine learning number 7816.,English
Yeh ek sundar din hai number 7817.,Hindi
Datenwissenschaft ist interessant Nummer 7818.,German
Este es un día hermoso número 7819.,Spanish
C'est une belle journée numéro 7820.,French
I enjoy coding in Python session 7821.,English
Artificial intelligence bhavishya hai 7822.,Hindi
Ich liebe maschinelles Lernen Nummer 7823.,German
Me encanta aprender aprendizaje automático número 7824.,Spanish
J'aime programmer en Python session 7825.,French
I enjoy coding in Python session 7826.,English
Artificial intelligence bhavishya hai 7827.,Hindi
Künstliche Intelligenz ist die Zukunft Version 7828.,German
Este es un día hermoso número 7829.,Spanish
J'aime apprendre l'apprentissage automatique numéro 7830.,French
I love learning machine learning number 7831.,English
Yeh ek sundar din hai number 7832.,Hindi
Das ist ein schöner Tag Nummer 7833.,German
Este es un día hermoso número 7834.,Spanish
J'aime programmer en Python session 7835.,French
This is a beautiful day number 7836.,English
Artificial intelligence bhavishya hai 7837.,Hindi
Ich liebe maschinelles Lernen Nummer 7838.,German
La inteligencia artificial es el futuro versión 7839.,Spanish
J'aime programmer en Python session 7840.,French
I love learning machine learning number 7841.,English
Artificial intelligence bhavishya hai 7842.,Hindi
Ich liebe maschinelles Lernen Nummer 7843.,German
La ciencia de datos es interesante número 7844.,Spanish
La science des données est intéressante numéro 7845.,French
I love learning machine learning number 7846.,English
Yeh ek sundar din hai number 7847.,Hindi
Ich programmiere gerne in Python Sitzung 7848.,German
La ciencia de datos es interesante número 7849.,Spanish
C'est une belle journée numéro 7850.,French
I enjoy coding in Python session 7851.,English
Main machine learning seekh raha hoon 7852.,Hindi
Ich programmiere gerne in Python Sitzung 7853.,German
Este es un día hermoso número 7854.,Spanish
La science des données est intéressante numéro 7855.,French
Data science is interesting topic number 7856.,English
Data science bahut interesting hai 7857.,Hindi
Künstliche Intelligenz ist die Zukunft Version 7858.,German
Me encanta aprender aprendizaje automático número 7859.,Spanish
J'aime programmer en Python session 7860.,French
This is a beautiful day number 7861.,English
Mujhe coding pasand hai number 7862.,Hindi
Das ist ein schöner Tag Nummer 7863.,German
Este es un día hermoso número 7864.,Spanish
J'aime programmer en Python session 7865.,French
Artificial intelligence is the future version 7866.,English
Artificial intelligence bhavishya hai 7867.,Hindi
Datenwissenschaft ist interessant Nummer 7868.,German
Este es un día hermoso número 7869.,Spanish
C'est une belle journée numéro 7870.,French
This is a beautiful day number 7871.,English
Main machine learning seekh raha hoon 7872.,Hindi
Datenwissenschaft ist interessant Nummer 7873.,German
Este es un día hermoso número 7874.,Spanish
J'aime programmer en Python session 7875.,French
This is a beautiful day number 7876.,English
Main machine learning seekh raha hoon 7877.,Hindi
Ich liebe maschinelles Lernen Nummer 7878.,German
La ciencia de datos es interesante número 7879.,Spanish
J'aime programmer en Python session 7880.,French
Artificial intelligence is the future version 7881.,English
Mujhe coding pasand hai number 7882.,Hindi
Datenwissenschaft ist interessant Nummer 7883.,German
Me encanta aprender aprendizaje automático número 7884.,Spanish
L'intelligence artificielle est l'avenir version 7885.,French
This is a beautiful day number 7886.,English
Yeh ek sundar din hai number 7887.,Hindi
Ich liebe maschinelles Lernen Nummer 7888.,German
La inteligencia artificial es el futuro versión 7889.,Spanish
La science des données est intéressante numéro 7890.,French
Artificial intelligence is the future version 7891.,English
Main machine learning seekh raha hoon 7892.,Hindi
Ich programmiere gerne in Python Sitzung 7893.,German
Me encanta aprender aprendizaje automático número 7894.,Spanish
J'aime apprendre l'apprentissage automatique numéro 7895.,French
I enjoy coding in Python session 7896.,English
Main machine learning seekh raha hoon 7897.,Hindi
Das ist ein schöner Tag Nummer 7898.,German
Me encanta aprender aprendizaje automático número 7899.,Spanish
La science des données est intéressante numéro 7900.,French
Artificial intelligence is the future version 7901.,English
Mujhe coding pasand hai number 7902.,Hindi
Künstliche Intelligenz ist die Zukunft Version 7903.,German
Me encanta aprender aprendizaje automático número 7904.,Spanish
L'intelligence artificielle est l'avenir version 7905.,French
Artificial intelligence is the future version 7906.,English
Artificial intelligence bhavishya hai 7907.,Hindi
Ich liebe maschinelles Lernen Nummer 7908.,German
Me encanta aprender aprendizaje automático número 7909.,Spanish
J'aime programmer en Python session 7910.,French
I enjoy coding in Python session 7911.,English
Artificial intelligence bhavishya hai 7912.,Hindi
Datenwissenschaft ist interessant Nummer 7913.,German
La ciencia de datos es interesante número 7914.,Spanish
La science des données est intéressante numéro 7915.,French
I love learning machine learning number 7916.,English
Data science bahut interesting hai 7917.,Hindi
Ich programmiere gerne in Python Sitzung 7918.,German
Este es un día hermoso número 7919.,Spanish
L'intelligence artificielle est l'avenir version 7920.,French
I enjoy coding in Python session 7921.,English
Main machine learning seekh raha hoon 7922.,Hindi
Ich programmiere gerne in Python Sitzung 7923.,German
Disfruto programar en Python sesión 7924.,Spanish
C'est une belle journée numéro 7925.,French
This is a beautiful day number 7926.,English
Mujhe coding pasand hai number 7927.,Hindi
Das ist ein schöner Tag Nummer 7928.,German
Este es un día hermoso número 7929.,Spanish
J'aime programmer en Python session 7930.,French
I love learning machine learning number 7931.,English
Main machine learning seekh raha hoon 7932.,Hindi
Datenwissenschaft ist interessant Nummer 7933.,German
La ciencia de datos es interesante número 7934.,Spanish
C'est une belle journée numéro 7935.,French
This is a beautiful day number 7936.,English
Data science bahut interesting hai 7937.,Hindi
Ich programmiere gerne in Python Sitzung 7938.,German
Este es un día hermoso número 7939.,Spanish
La science des données est intéressante numéro 7940.,French
I enjoy coding in Python session 7941.,English
Mujhe coding pasand hai number 7942.,Hindi
Ich liebe maschinelles Lernen Nummer 7943.,German
La ciencia de datos es interesante número 7944.,Spanish
C'est une belle journée numéro 7945.,French
Artificial intelligence is the future version 7946.,English
Artificial intelligence bhavishya hai 7947.,Hindi
Datenwissenschaft ist interessant Nummer 7948.,German
La inteligencia artificial es el futuro versión 7949.,Spanish
C'est une belle journée numéro 7950.,French
I love learning machine learning number 7951.,English
Data science bahut interesting hai 7952.,Hindi
Datenwissenschaft ist interessant Nummer 7953.,German
Disfruto programar en Python sesión 7954.,Spanish
C'est une belle journée numéro 7955.,French
Data science is interesting topic number 7956.,English
Data science bahut interesting hai 7957.,Hindi
Ich programmiere gerne in Python Sitzung 7958.,German
Este es un día hermoso número 7959.,Spanish
J'aime programmer en Python session 7960.,French
Data science is interesting topic number 7961.,English
Main machine learning seekh raha hoon 7962.,Hindi
Das ist ein schöner Tag Nummer 7963.,German
La inteligencia artificial es el futuro versión 7964.,Spanish
J'aime apprendre l'apprentissage automatique numéro 7965.,French
Artificial intelligence is the future version 7966.,English
Artificial intelligence bhavishya hai 7967.,Hindi
Datenwissenschaft ist interessant Nummer 7968.,German
Disfruto programar en Python sesión 7969.,Spanish
La science des données est intéressante numéro 7970.,French
I enjoy coding in Python session 7971.,English
Artificial intelligence bhavishya hai 7972.,Hindi
Datenwissenschaft ist interessant Nummer 7973.,German
La inteligencia artificial es el futuro versión 7974.,Spanish
J'aime apprendre l'apprentissage automatique numéro 7975.,French
Artificial intelligence is the future version 7976.,English
Artificial intelligence bhavishya hai 7977.,Hindi
Das ist ein schöner Tag Nummer 7978.,German
La inteligencia artificial es el futuro versión 7979.,Spanish
La science des données est intéressante numéro 7980.,French
I love learning machine learning number 7981.,English
Main machine learning seekh raha hoon 7982.,Hindi
Das ist ein schöner Tag Nummer 7983.,German
La inteligencia artificial es el futuro versión 7984.,Spanish
J'aime apprendre l'apprentissage automatique numéro 7985.,French
This is a beautiful day number 7986.,English
Main machine learning seekh raha hoon 7987.,Hindi
Künstliche Intelligenz ist die Zukunft Version 7988.,German
Este es un día hermoso número 7989.,Spanish
J'aime apprendre l'apprentissage automatique numéro 7990.,French
This is a beautiful day number 7991.,English
Main machine learning seekh raha hoon 7992.,Hindi
Ich liebe maschinelles Lernen Nummer 7993.,German
Me encanta aprender aprendizaje automático número 7994.,Spanish
La science des données est intéressante numéro 7995.,French
Artificial intelligence is the future version 7996.,English
Mujhe coding pasand hai number 7997.,Hindi
Ich programmiere gerne in Python Sitzung 7998.,German
La inteligencia artificial es el futuro versión 7999.,Spanish
L'intelligence artificielle est l'avenir version 8000.,French
Artificial intelligence is the future version 8001.,English
Artificial intelligence bhavishya hai 8002.,Hindi
Das ist ein schöner Tag Nummer 8003.,German
Este es un día hermoso número 8004.,Spanish
J'aime programmer en Python session 8005.,French
I love learning machine learning number 8006.,English
Yeh ek sundar din hai number 8007.,Hindi
Datenwissenschaft ist interessant Nummer 8008.,German
La inteligencia artificial es el futuro versión 8009.,Spanish
J'aime programmer en Python session 8010.,French
Data science is interesting topic number 8011.,English
Data science bahut interesting hai 8012.,Hindi
Künstliche Intelligenz ist die Zukunft Version 8013.,German
La ciencia de datos es interesante número 8014.,Spanish
J'aime programmer en Python session 8015.,French
This is a beautiful day number 8016.,English
Data science bahut interesting hai 8017.,Hindi
Künstliche Intelligenz ist die Zukunft Version 8018.,German
Este es un día hermoso número 8019.,Spanish
J'aime programmer en Python session 8020.,French
Artificial intelligence is the future version 8021.,English
Artificial intelligence bhavishya hai 8022.,Hindi
Das ist ein schöner Tag Nummer 8023.,German
La ciencia de datos es interesante número 8024.,Spanish
La science des données est intéressante numéro 8025.,French
This is a beautiful day number 8026.,English
Artificial intelligence bhavishya hai 8027.,Hindi
Datenwissenschaft ist interessant Nummer 8028.,German
La ciencia de datos es interesante número 8029.,Spanish
La science des données est intéressante numéro 8030.,French
I enjoy coding in Python session 8031.,English
Data science bahut interesting hai 8032.,Hindi
Das ist ein schöner Tag Nummer 8033.,German
Este es un día hermoso número 8034.,Spanish
J'aime programmer en Python session 8035.,French
I love learning machine learning number 8036.,English
Main machine learning seekh raha hoon 8037.,Hindi
Künstliche Intelligenz ist die Zukunft Version 8038.,German
Disfruto programar en Python sesión 8039.,Spanish
C'est une belle journée numéro 8040.,French
This is a beautiful day number 8041.,English
Mujhe coding pasand hai number 8042.,Hindi
Ich liebe maschinelles Lernen Nummer 8043.,German
Este es un día hermoso número 8044.,Spanish
J'aime programmer en Python session 8045.,French
Artificial intelligence is the future version 8046.,English
Data science bahut interesting hai 8047.,Hindi
Künstliche Intelligenz ist die Zukunft Version 8048.,German
La ciencia de datos es interesante número 8049.,Spanish
La science des données est intéressante numéro 8050.,French
This is a beautiful day number 8051.,English
Main machine learning seekh raha hoon 8052.,Hindi
Datenwissenschaft ist interessant Nummer 8053.,German
Este es un día hermoso número 8054.,Spanish
L'intelligence artificielle est l'avenir version 8055.,French
I enjoy coding in Python session 8056.,English
Artificial intelligence bhavishya hai 8057.,Hindi
Ich programmiere gerne in Python Sitzung 8058.,German
Disfruto programar en Python sesión 8059.,Spanish
L'intelligence artificielle est l'avenir version 8060.,French
Artificial intelligence is the future version 8061.,English
Data science bahut interesting hai 8062.,Hindi
Ich liebe maschinelles Lernen Nummer 8063.,German
La inteligencia artificial es el futuro versión 8064.,Spanish
J'aime apprendre l'apprentissage automatique numéro 8065.,French
Artificial intelligence is the future version 8066.,English
Main machine learning seekh raha hoon 8067.,Hindi
Ich liebe maschinelles Lernen Nummer 8068.,German
La ciencia de datos es interesante número 8069.,Spanish
C'est une belle journée numéro 8070.,French
Artificial intelligence is the future version 8071.,English
Yeh ek sundar din hai number 8072.,Hindi
Künstliche Intelligenz ist die Zukunft Version 8073.,German
Este es un día hermoso número 8074.,Spanish
J'aime apprendre l'apprentissage automatique numéro 8075.,French
I love learning machine learning number 8076.,English
Artificial intelligence bhavishya hai 8077.,Hindi
Das ist ein schöner Tag Nummer 8078.,German
La ciencia de datos es interesante número 8079.,Spanish
La science des données est intéressante numéro 8080.,French
I enjoy coding in Python session 8081.,English
Data science bahut interesting hai 8082.,Hindi
Datenwissenschaft ist interessant Nummer 8083.,German
Este es un día hermoso número 8084.,Spanish
La science des données est intéressante numéro 8085.,French
Data science is interesting topic number 8086.,English
Yeh ek sundar din hai number 8087.,Hindi
Datenwissenschaft ist interessant Nummer 8088.,German
Disfruto programar en Python sesión 8089.,Spanish
J'aime programmer en Python session 8090.,French
Data science is interesting topic number 8091.,English
Mujhe coding pasand hai number 8092.,Hindi
Das ist ein schöner Tag Nummer 8093.,German
Me encanta aprender aprendizaje automático número 8094.,Spanish
La science des données est intéressante numéro 8095.,French
This is a beautiful day number 8096.,English
Data science bahut interesting hai 8097.,Hindi
Künstliche Intelligenz ist die Zukunft Version 8098.,German
La inteligencia artificial es el futuro versión 8099.,Spanish
L'intelligence artificielle est l'avenir version 8100.,French
I enjoy coding in Python session 8101.,English
Artificial intelligence bhavishya hai 8102.,Hindi
Das ist ein schöner Tag Nummer 8103.,German
Este es un día hermoso número 8104.,Spanish
L'intelligence artificielle est l'avenir version 8105.,French
Data science is interesting topic number 8106.,English
Yeh ek sundar din hai number 8107.,Hindi
Das ist ein schöner Tag Nummer 8108.,German
Me encanta aprender aprendizaje automático número 8109.,Spanish
J'aime apprendre l'apprentissage automatique numéro 8110.,French
Artificial intelligence is the future version 8111.,English
Yeh ek sundar din hai number 8112.,Hindi
Datenwissenschaft ist interessant Nummer 8113.,German
Me encanta aprender aprendizaje automático número 8114.,Spanish
C'est une belle journée numéro 8115.,French
Artificial intelligence is the future version 8116.,English
Main machine learning seekh raha hoon 8117.,Hindi
Künstliche Intelligenz ist die Zukunft Version 8118.,German
Me encanta aprender aprendizaje automático número 8119.,Spanish
C'est une belle journée numéro 8120.,French
Artificial intelligence is the future version 8121.,English
Mujhe coding pasand hai number 8122.,Hindi
Künstliche Intelligenz ist die Zukunft Version 8123.,German
La inteligencia artificial es el futuro versión 8124.,Spanish
L'intelligence artificielle est l'avenir version 8125.,French
This is a beautiful day number 8126.,English
Main machine learning seekh raha hoon 8127.,Hindi
Künstliche Intelligenz ist die Zukunft Version 8128.,German
Este es un día hermoso número 8129.,Spanish
J'aime apprendre l'apprentissage automatique numéro 8130.,French
I love learning machine learning number 8131.,English
Mujhe coding pasand hai number 8132.,Hindi
Ich programmiere gerne in Python Sitzung 8133.,German
Disfruto programar en Python sesión 8134.,Spanish
J'aime apprendre l'apprentissage automatique numéro 8135.,French
I love learning machine learning number 8136.,English
Artificial intelligence bhavishya hai 8137.,Hindi
Ich liebe maschinelles Lernen Nummer 8138.,German
Me encanta aprender aprendizaje automático número 8139.,Spanish
L'intelligence artificielle est l'avenir version 8140.,French
Data science is interesting topic number 8141.,English
Main machine learning seekh raha hoon 8142.,Hindi
Ich programmiere gerne in Python Sitzung 8143.,German
La inteligencia artificial es el futuro versión 8144.,Spanish
L'intelligence artificielle est l'avenir version 8145.,French
I love learning machine learning number 8146.,English
Artificial intelligence bhavishya hai 8147.,Hindi
Datenwissenschaft ist interessant Nummer 8148.,German
La ciencia de datos es interesante número 8149.,Spanish
C'est une belle journée numéro 8150.,French
Artificial intelligence is the future version 8151.,English
Mujhe coding pasand hai number 8152.,Hindi
Ich liebe maschinelles Lernen Nummer 8153.,German
Disfruto programar en Python sesión 8154.,Spanish
L'intelligence artificielle est l'avenir version 8155.,French
I love learning machine learning number 8156.,English
Artificial intelligence bhavishya hai 8157.,Hindi
Ich liebe maschinelles Lernen Nummer 8158.,German
Disfruto programar en Python sesión 8159.,Spanish
C'est une belle journée numéro 8160.,French
I love learning machine learning number 8161.,English
Artificial intelligence bhavishya hai 8162.,Hindi
Ich liebe maschinelles Lernen Nummer 8163.,German
Este es un día hermoso número 8164.,Spanish
La science des données est intéressante numéro 8165.,French
Data science is interesting topic number 8166.,English
Data science bahut interesting hai 8167.,Hindi
Ich programmiere gerne in Python Sitzung 8168.,German
Este es un día hermoso número 8169.,Spanish
C'est une belle journée numéro 8170.,French
This is a beautiful day number 8171.,English
Yeh ek sundar din hai number 8172.,Hindi
Datenwissenschaft ist interessant Nummer 8173.,German
Disfruto programar en Python sesión 8174.,Spanish
L'intelligence artificielle est l'avenir version 8175.,French
This is a beautiful day number 8176.,English
Artificial intelligence bhavishya hai 8177.,Hindi
Ich liebe maschinelles Lernen Nummer 8178.,German
La inteligencia artificial es el futuro versión 8179.,Spanish
C'est une belle journée numéro 8180.,French
This is a beautiful day number 8181.,English
Mujhe coding pasand hai number 8182.,Hindi
Ich liebe maschinelles Lernen Nummer 8183.,German
Disfruto programar en Python sesión 8184.,Spanish
J'aime programmer en Python session 8185.,French
This is a beautiful day number 8186.,English
Main machine learning seekh raha hoon 8187.,Hindi
Datenwissenschaft ist interessant Nummer 8188.,German
Disfruto programar en Python sesión 8189.,Spanish
C'est une belle journée numéro 8190.,French
This is a beautiful day number 8191.,English
Mujhe coding pasand hai number 8192.,Hindi
Datenwissenschaft ist interessant Nummer 8193.,German
Disfruto programar en Python sesión 8194.,Spanish
La science des données est intéressante numéro 8195.,French
I enjoy coding in Python session 8196.,English
Main machine learning seekh raha hoon 8197.,Hindi
Künstliche Intelligenz ist die Zukunft Version 8198.,German
Me encanta aprender aprendizaje automático número 8199.,Spanish
La science des données est intéressante numéro 8200.,French
I love learning machine learning number 8201.,English
Yeh ek sundar din hai number 8202.,Hindi
Das ist ein schöner Tag Nummer 8203.,German
Me encanta aprender aprendizaje automático número 8204.,Spanish
J'aime programmer en Python session 8205.,French
Artificial intelligence is the future version 8206.,English
Data science bahut interesting hai 8207.,Hindi
Ich liebe maschinelles Lernen Nummer 8208.,German
Disfruto programar en Python sesión 8209.,Spanish
J'aime programmer en Python session 8210.,French
I love learning machine learning number 8211.,English
Artificial intelligence bhavishya hai 8212.,Hindi
Datenwissenschaft ist interessant Nummer 8213.,German
Este es un día hermoso número 8214.,Spanish
La science des données est intéressante numéro 8215.,French
I love learning machine learning number 8216.,English
Data science bahut interesting hai 8217.,Hindi
Das ist ein schöner Tag Nummer 8218.,German
Disfruto programar en Python sesión 8219.,Spanish
J'aime apprendre l'apprentissage automatique numéro 8220.,French
This is a beautiful day number 8221.,English
Artificial intelligence bhavishya hai 8222.,Hindi
Ich programmiere gerne in Python Sitzung 8223.,German
La inteligencia artificial es el futuro versión 8224.,Spanish
J'aime programmer en Python session 8225.,French
I enjoy coding in Python session 8226.,English
Yeh ek sundar din hai number 8227.,Hindi
Künstliche Intelligenz ist die Zukunft Version 8228.,German
Disfruto programar en Python sesión 8229.,Spanish
J'aime apprendre l'apprentissage automatique numéro 8230.,French
Data science is interesting topic number 8231.,English
Yeh ek sundar din hai number 8232.,Hindi
Ich liebe maschinelles Lernen Nummer 8233.,German
Me encanta aprender aprendizaje automático número 8234.,Spanish
C'est une belle journée numéro 8235.,French
Data science is interesting topic number 8236.,English
Yeh ek sundar din hai number 8237.,Hindi
Ich programmiere gerne in Python Sitzung 8238.,German
Este es un día hermoso número 8239.,Spanish
L'intelligence artificielle est l'avenir version 8240.,French
Artificial intelligence is the future version 8241.,English
Main machine learning seekh raha hoon 8242.,Hindi
Das ist ein schöner Tag Nummer 8243.,German
La inteligencia artificial es el futuro versión 8244.,Spanish
C'est une belle journée numéro 8245.,French
I enjoy coding in Python session 8246.,English
Artificial intelligence bhavishya hai 8247.,Hindi
Ich liebe maschinelles Lernen Nummer 8248.,German
Me encanta aprender aprendizaje automático número 8249.,Spanish
La science des données est intéressante numéro 8250.,French
I enjoy coding in Python session 8251.,English
Artificial intelligence bhavishya hai 8252.,Hindi
Künstliche Intelligenz ist die Zukunft Version 8253.,German
Me encanta aprender aprendizaje automático número 8254.,Spanish
L'intelligence artificielle est l'avenir version 8255.,French
I enjoy coding in Python session 8256.,English
Main machine learning seekh raha hoon 8257.,Hindi
Ich liebe maschinelles Lernen Nummer 8258.,German
Me encanta aprender aprendizaje automático número 8259.,Spanish
La science des données est intéressante numéro 8260.,French
This is a beautiful day number 8261.,English
Data science bahut interesting hai 8262.,Hindi
Ich liebe maschinelles Lernen Nummer 8263.,German
Este es un día hermoso número 8264.,Spanish
J'aime apprendre l'apprentissage automatique numéro 8265.,French
I love learning machine learning number 8266.,English
Artificial intelligence bhavishya hai 8267.,Hindi
Künstliche Intelligenz ist die Zukunft Version 8268.,German
La ciencia de datos es interesante número 8269.,Spanish
C'est une belle journée numéro 8270.,French
I enjoy coding in Python session 8271.,English
Yeh ek sundar din hai number 8272.,Hindi
Das ist ein schöner Tag Nummer 8273.,German
La inteligencia artificial es el futuro versión 8274.,Spanish
J'aime apprendre l'apprentissage automatique numéro 8275.,French
I enjoy coding in Python session 8276.,English
Yeh ek sundar din hai number 8277.,Hindi
Ich programmiere gerne in Python Sitzung 8278.,German
Me encanta aprender aprendizaje automático número 8279.,Spanish
La science des données est intéressante numéro 8280.,French
Data science is interesting topic number 8281.,English
Artificial intelligence bhavishya hai 8282.,Hindi
Ich liebe maschinelles Lernen Nummer 8283.,German
La inteligencia artificial es el futuro versión 8284.,Spanish
C'est une belle journée numéro 8285.,French
Artificial intelligence is the future version 8286.,English
Artificial intelligence bhavishya hai 8287.,Hindi
Das ist ein schöner Tag Nummer 8288.,German
La ciencia de datos es interesante número 8289.,Spanish
J'aime programmer en Python session 8290.,French
Artificial intelligence is the future version 8291.,English
Artificial intelligence bhavishya hai 8292.,Hindi
Das ist ein schöner Tag Nummer 8293.,German
La ciencia de datos es interesante número 8294.,Spanish
J'aime programmer en Python session 8295.,French
Artificial intelligence is the future version 8296.,English
Yeh ek sundar din hai number 8297.,Hindi
Künstliche Intelligenz ist die Zukunft Version 8298.,German
Este es un día hermoso número 8299.,Spanish
La science des données est intéressante numéro 8300.,French
Data science is interesting topic number 8301.,English
Data science bahut interesting hai 8302.,Hindi
Das ist ein schöner Tag Nummer 8303.,German
Me encanta aprender aprendizaje automático número 8304.,Spanish
La science des données est intéressante numéro 8305.,French
I enjoy coding in Python session 8306.,English
Artificial intelligence bhavishya hai 8307.,Hindi
Das ist ein schöner Tag Nummer 8308.,German
La ciencia de datos es interesante número 8309.,Spanish
J'aime programmer en Python session 8310.,French
I love learning machine learning number 8311.,English
Mujhe coding pasand hai number 8312.,Hindi
Ich programmiere gerne in Python Sitzung 8313.,German
Me encanta aprender aprendizaje automático número 8314.,Spanish
J'aime programmer en Python session 8315.,French
I enjoy coding in Python session 8316.,English
Data science bahut interesting hai 8317.,Hindi
Das ist ein schöner Tag Nummer 8318.,German
Este es un día hermoso número 8319.,Spanish
C'est une belle journée numéro 8320.,French
This is a beautiful day number 8321.,English
Artificial intelligence bhavishya hai 8322.,Hindi
Datenwissenschaft ist interessant Nummer 8323.,German
La inteligencia artificial es el futuro versión 8324.,Spanish
La science des données est intéressante numéro 8325.,French
I love learning machine learning number 8326.,English
Artificial intelligence bhavishya hai 8327.,Hindi
Das ist ein schöner Tag Nummer 8328.,German
La ciencia de datos es interesante número 8329.,Spanish
C'est une belle journée numéro 8330.,French
Data science is interesting topic number 8331.,English
Data science bahut interesting hai 8332.,Hindi
Datenwissenschaft ist interessant Nummer 8333.,German
Este es un día hermoso número 8334.,Spanish
La science des données est intéressante numéro 8335.,French
This is a beautiful day number 8336.,English
Main machine learning seekh raha hoon 8337.,Hindi
Ich programmiere gerne in Python Sitzung 8338.,German
La ciencia de datos es interesante número 8339.,Spanish
C'est une belle journée numéro 8340.,French
I enjoy coding in Python session 8341.,English
Main machine learning seekh raha hoon 8342.,Hindi
Ich liebe maschinelles Lernen Nummer 8343.,German
La inteligencia artificial es el futuro versión 8344.,Spanish
J'aime programmer en Python session 8345.,French
Data science is interesting topic number 8346.,English
Artificial intelligence bhavishya hai 8347.,Hindi
Künstliche Intelligenz ist die Zukunft Version 8348.,German
Disfruto programar en Python sesión 8349.,Spanish
La science des données est intéressante numéro 8350.,French
Data science is interesting topic number 8351.,English
Artificial intelligence bhavishya hai 8352.,Hindi
Ich programmiere gerne in Python Sitzung 8353.,German
Me encanta aprender aprendizaje automático número 8354.,Spanish
J'aime apprendre l'apprentissage automatique numéro 8355.,French
I love learning machine learning number 8356.,English
Main machine learning seekh raha hoon 8357.,Hindi
Ich programmiere gerne in Python Sitzung 8358.,German
Este es un día hermoso número 8359.,Spanish
C'est une belle journée numéro 8360.,French
I enjoy coding in Python session 8361.,English
Artificial intelligence bhavishya hai 8362.,Hindi
Das ist ein schöner Tag Nummer 8363.,German
La ciencia de datos es interesante número 8364.,Spanish
J'aime apprendre l'apprentissage automatique numéro 8365.,French
I love learning machine learning number 8366.,English
Data science bahut interesting hai 8367.,Hindi
Datenwissenschaft ist interessant Nummer 8368.,German
Este es un día hermoso número 8369.,Spanish
J'aime programmer en Python session 8370.,French
I enjoy coding in Python session 8371.,English
Artificial intelligence bhavishya hai 8372.,Hindi
Datenwissenschaft ist interessant Nummer 8373.,German
La ciencia de datos es interesante número 8374.,Spanish
La science des données est intéressante numéro 8375.,French
Artificial intelligence is the future version 8376.,English
Main machine learning seekh raha hoon 8377.,Hindi
Das ist ein schöner Tag Nummer 8378.,German
Disfruto programar en Python sesión 8379.,Spanish
L'intelligence artificielle est l'avenir version 8380.,French
I love learning machine learning number 8381.,English
Mujhe coding pasand hai number 8382.,Hindi
Das ist ein schöner Tag Nummer 8383.,German
Disfruto programar en Python sesión 8384.,Spanish
La science des données est intéressante numéro 8385.,French
This is a beautiful day number 8386.,English
Artificial intelligence bhavishya hai 8387.,Hindi
Datenwissenschaft ist interessant Nummer 8388.,German
La ciencia de datos es interesante número 8389.,Spanish
C'est une belle journée numéro 8390.,French
This is a beautiful day number 8391.,English
Yeh ek sundar din hai number 8392.,Hindi
Das ist ein schöner Tag Nummer 8393.,German
La inteligencia artificial es el futuro versión 8394.,Spanish
J'aime apprendre l'apprentissage automatique numéro 8395.,French
This is a beautiful day number 8396.,English
Data science bahut interesting hai 8397.,Hindi
Das ist ein schöner Tag Nummer 8398.,German
La ciencia de datos es interesante número 8399.,Spanish
J'aime apprendre l'apprentissage automatique numéro 8400.,French
This is a beautiful day number 8401.,English
Artificial intelligence bhavishya hai 8402.,Hindi
Ich liebe maschinelles Lernen Nummer 8403.,German
Este es un día hermoso número 8404.,Spanish
J'aime programmer en Python session 8405.,French
I enjoy coding in Python session 8406.,English
Artificial intelligence bhavishya hai 8407.,Hindi
Ich programmiere gerne in Python Sitzung 8408.,German
Me encanta aprender aprendizaje automático número 8409.,Spanish
J'aime apprendre l'apprentissage automatique numéro 8410.,French
I enjoy coding in Python session 8411.,English
Artificial intelligence bhavishya hai 8412.,Hindi
Datenwissenschaft ist interessant Nummer 8413.,German
La ciencia de datos es interesante número 8414.,Spanish
C'est une belle journée numéro 8415.,French
I love learning machine learning number 8416.,English
Main machine learning seekh raha hoon 8417.,Hindi
Ich programmiere gerne in Python Sitzung 8418.,German
La inteligencia artificial es el futuro versión 8419.,Spanish
C'est une belle journée numéro 8420.,French
I love learning machine learning number 8421.,English
Mujhe coding pasand hai number 8422.,Hindi
Künstliche Intelligenz ist die Zukunft Version 8423.,German
La inteligencia artificial es el futuro versión 8424.,Spanish
J'aime programmer en Python session 8425.,French
I love learning machine learning number 8426.,English
Artificial intelligence bhavishya hai 8427.,Hindi
Ich liebe maschinelles Lernen Nummer 8428.,German
Me encanta aprender aprendizaje automático número 8429.,Spanish
L'intelligence artificielle est l'avenir version 8430.,French
I love learning machine learning number 8431.,English
Artificial intelligence bhavishya hai 8432.,Hindi
Ich liebe maschinelles Lernen Nummer 8433.,German
La inteligencia artificial es el futuro versión 8434.,Spanish
J'aime apprendre l'apprentissage automatique numéro 8435.,French
I enjoy coding in Python session 8436.,English
Data science bahut interesting hai 8437.,Hindi
Künstliche Intelligenz ist die Zukunft Version 8438.,German
La inteligencia artificial es el futuro versión 8439.,Spanish
C'est une belle journée numéro 8440.,French
Artificial intelligence is the future version 8441.,English
Data science bahut interesting hai 8442.,Hindi
Künstliche Intelligenz ist die Zukunft Version 8443.,German
Disfruto programar en Python sesión 8444.,Spanish
J'aime apprendre l'apprentissage automatique numéro 8445.,French
Artificial intelligence is the future version 8446.,English
Artificial intelligence bhavishya hai 8447.,Hindi
Künstliche Intelligenz ist die Zukunft Version 8448.,German
La inteligencia artificial es el futuro versión 8449.,Spanish
J'aime programmer en Python session 8450.,French
Data science is interesting topic number 8451.,English
Data science bahut interesting hai 8452.,Hindi
Ich programmiere gerne in Python Sitzung 8453.,German
La ciencia de datos es interesante número 8454.,Spanish
J'aime apprendre l'apprentissage automatique numéro 8455.,French
I enjoy coding in Python session 8456.,English
Mujhe coding pasand hai number 8457.,Hindi
Künstliche Intelligenz ist die Zukunft Version 8458.,German
La ciencia de datos es interesante número 8459.,Spanish
J'aime programmer en Python session 8460.,French
I love learning machine learning number 8461.,English
Data science bahut interesting hai 8462.,Hindi
Künstliche Intelligenz ist die Zukunft Version 8463.,German
Me encanta aprender aprendizaje automático número 8464.,Spanish
L'intelligence artificielle est l'avenir version 8465.,French
Data science is interesting topic number 8466.,English
Data science bahut interesting hai 8467.,Hindi
Künstliche Intelligenz ist die Zukunft Version 8468.,German
La ciencia de datos es interesante número 8469.,Spanish
La science des données est intéressante numéro 8470.,French
Data science is interesting topic number 8471.,English
Main machine learning seekh raha hoon 8472.,Hindi
Datenwissenschaft ist interessant Nummer 8473.,German
La ciencia de datos es interesante número 8474.,Spanish
L'intelligence artificielle est l'avenir version 8475.,French
Artificial intelligence is the future version 8476.,English
Main machine learning seekh raha hoon 8477.,Hindi
Ich programmiere gerne in Python Sitzung 8478.,German
La ciencia de datos es interesante número 8479.,Spanish
C'est une belle journée numéro 8480.,French
This is a beautiful day number 8481.,English
Data science bahut interesting hai 8482.,Hindi
Datenwissenschaft ist interessant Nummer 8483.,German
La inteligencia artificial es el futuro versión 8484.,Spanish
La science des données est intéressante numéro 8485.,French
Data science is interesting topic number 8486.,English
Artificial intelligence bhavishya hai 8487.,Hindi
Ich programmiere gerne in Python Sitzung 8488.,German
Este es un día hermoso número 8489.,Spanish
C'est une belle journée numéro 8490.,French
I enjoy coding in Python session 8491.,English
Data science bahut interesting hai 8492.,Hindi
Datenwissenschaft ist interessant Nummer 8493.,German
La ciencia de datos es interesante número 8494.,Spanish
C'est une belle journée numéro 8495.,French
Artificial intelligence is the future version 8496.,English
Main machine learning seekh raha hoon 8497.,Hindi
Künstliche Intelligenz ist die Zukunft Version 8498.,German
Disfruto programar en Python sesión 8499.,Spanish
La science des données est intéressante numéro 8500.,French
Artificial intelligence is the future version 8501.,English
Yeh ek sundar din hai number 8502.,Hindi
Künstliche Intelligenz ist die Zukunft Version 8503.,German
Me encanta aprender aprendizaje automático número 8504.,Spanish
La science des données est intéressante numéro 8505.,French
This is a beautiful day number 8506.,English
Yeh ek sundar din hai number 8507.,Hindi
Datenwissenschaft ist interessant Nummer 8508.,German
Me encanta aprender aprendizaje automático número 8509.,Spanish
J'aime apprendre l'apprentissage automatique numéro 8510.,French
This is a beautiful day number 8511.,English
Mujhe coding pasand hai number 8512.,Hindi
Datenwissenschaft ist interessant Nummer 8513.,German
La inteligencia artificial es el futuro versión 8514.,Spanish
J'aime apprendre l'apprentissage automatique numéro 8515.,French
I enjoy coding in Python session 8516.,English
Mujhe coding pasand hai number 8517.,Hindi
Ich programmiere gerne in Python Sitzung 8518.,German
La inteligencia artificial es el futuro versión 8519.,Spanish
J'aime programmer en Python session 8520.,French
I love learning machine learning number 8521.,English
Main machine learning seekh raha hoon 8522.,Hindi
Ich liebe maschinelles Lernen Nummer 8523.,German
Me encanta aprender aprendizaje automático número 8524.,Spanish
J'aime apprendre l'apprentissage automatique numéro 8525.,French
Data science is interesting topic number 8526.,English
Yeh ek sundar din hai number 8527.,Hindi
Ich programmiere gerne in Python Sitzung 8528.,German
La ciencia de datos es interesante número 8529.,Spanish
L'intelligence artificielle est l'avenir version 8530.,French
I love learning machine learning number 8531.,English
Main machine learning seekh raha hoon 8532.,Hindi
Ich programmiere gerne in Python Sitzung 8533.,German
La ciencia de datos es interesante número 8534.,Spanish
J'aime apprendre l'apprentissage automatique numéro 8535.,French
I enjoy coding in Python session 8536.,English
Artificial intelligence bhavishya hai 8537.,Hindi
Ich liebe maschinelles Lernen Nummer 8538.,German
La ciencia de datos es interesante número 8539.,Spanish
La science des données est intéressante numéro 8540.,French
This is a beautiful day number 8541.,English
Mujhe coding pasand hai number 8542.,Hindi
Das ist ein schöner Tag Nummer 8543.,German
La inteligencia artificial es el futuro versión 8544.,Spanish
L'intelligence artificielle est l'avenir version 8545.,French
This is a beautiful day number 8546.,English
Main machine learning seekh raha hoon 8547.,Hindi
Das ist ein schöner Tag Nummer 8548.,German
La ciencia de datos es interesante número 8549.,Spanish
C'est une belle journée numéro 8550.,French
This is a beautiful day number 8551.,English
Artificial intelligence bhavishya hai 8552.,Hindi
Ich programmiere gerne in Python Sitzung 8553.,German
La inteligencia artificial es el futuro versión 8554.,Spanish
J'aime apprendre l'apprentissage automatique numéro 8555.,French
I enjoy coding in Python session 8556.,English
Yeh ek sundar din hai number 8557.,Hindi
Künstliche Intelligenz ist die Zukunft Version 8558.,German
Me encanta aprender aprendizaje automático número 8559.,Spanish
C'est une belle journée numéro 8560.,French
I enjoy coding in Python session 8561.,English
Mujhe coding pasand hai number 8562.,Hindi
Das ist ein schöner Tag Nummer 8563.,German
Disfruto programar en Python sesión 8564.,Spanish
C'est une belle journée numéro 8565.,French
I enjoy coding in Python session 8566.,English
Data science bahut interesting hai 8567.,Hindi
Das ist ein schöner Tag Nummer 8568.,German
Disfruto programar en Python sesión 8569.,Spanish
J'aime programmer en Python session 8570.,French
This is a beautiful day number 8571.,English
Artificial intelligence bhavishya hai 8572.,Hindi
Ich liebe maschinelles Lernen Nummer 8573.,German
La ciencia de datos es interesante número 8574.,Spanish
C'est une belle journée numéro 8575.,French
Data science is interesting topic number 8576.,English
Yeh ek sundar din hai number 8577.,Hindi
Ich liebe maschinelles Lernen Nummer 8578.,German
Disfruto programar en Python sesión 8579.,Spanish
La science des données est intéressante numéro 8580.,French
Artificial intelligence is the future version 8581.,English
Data science bahut interesting hai 8582.,Hindi
Ich programmiere gerne in Python Sitzung 8583.,German
Este es un día hermoso número 8584.,Spanish
J'aime programmer en Python session 8585.,French
This is a beautiful day number 8586.,English
Data science bahut interesting hai 8587.,Hindi
Künstliche Intelligenz ist die Zukunft Version 8588.,German
La inteligencia artificial es el futuro versión 8589.,Spanish
La science des données est intéressante numéro 8590.,French
I enjoy coding in Python session 8591.,English
Yeh ek sundar din hai number 8592.,Hindi
Datenwissenschaft ist interessant Nummer 8593.,German
Disfruto programar en Python sesión 8594.,Spanish
J'aime apprendre l'apprentissage automatique numéro 8595.,French
I love learning machine learning number 8596.,English
Main machine learning seekh raha hoon 8597.,Hindi
Das ist ein schöner Tag Nummer 8598.,German
Este es un día hermoso número 8599.,Spanish
J'aime programmer en Python session 8600.,French
Data science is interesting topic number 8601.,English
Data science bahut interesting hai 8602.,Hindi
Datenwissenschaft ist interessant Nummer 8603.,German
Me encanta aprender aprendizaje automático número 8604.,Spanish
L'intelligence artificielle est l'avenir version 8605.,French
Data science is interesting topic number 8606.,English
Data science bahut interesting hai 8607.,Hindi
Das ist ein schöner Tag Nummer 8608.,German
La ciencia de datos es interesante número 8609.,Spanish
J'aime apprendre l'apprentissage automatique numéro 8610.,French
I enjoy coding in Python session 8611.,English
Mujhe coding pasand hai number 8612.,Hindi
Künstliche Intelligenz ist die Zukunft Version 8613.,German
Disfruto programar en Python sesión 8614.,Spanish
C'est une belle journée numéro 8615.,French
Data science is interesting topic number 8616.,English
Main machine learning seekh raha hoon 8617.,Hindi
Künstliche Intelligenz ist die Zukunft Version 8618.,German
Me encanta aprender aprendizaje automático número 8619.,Spanish
J'aime programmer en Python session 8620.,French
This is a beautiful day number 8621.,English
Artificial intelligence bhavishya hai 8622.,Hindi
Das ist ein schöner Tag Nummer 8623.,German
Disfruto programar en Python sesión 8624.,Spanish
La science des données est intéressante numéro 8625.,French
Artificial intelligence is the future version 8626.,English
Yeh ek sundar din hai number 8627.,Hindi
Datenwissenschaft ist interessant Nummer 8628.,German
La inteligencia artificial es el futuro versión 8629.,Spanish
J'aime apprendre l'apprentissage automatique numéro 8630.,French
I enjoy coding in Python session 8631.,English
Artificial intelligence bhavishya hai 8632.,Hindi
Das ist ein schöner Tag Nummer 8633.,German
La inteligencia artificial es el futuro versión 8634.,Spanish
J'aime apprendre l'apprentissage automatique numéro 8635.,French
Artificial intelligence is the future version 8636.,English
Artificial intelligence bhavishya hai 8637.,Hindi
Datenwissenschaft ist interessant Nummer 8638.,German
Este es un día hermoso número 8639.,Spanish
L'intelligence artificielle est l'avenir version 8640.,French
I love learning machine learning number 8641.,English
Data science bahut interesting hai 8642.,Hindi
Künstliche Intelligenz ist die Zukunft Version 8643.,German
Este es un día hermoso número 8644.,Spanish
J'aime programmer en Python session 8645.,French
I love learning machine learning number 8646.,English
Mujhe coding pasand hai number 8647.,Hindi
Künstliche Intelligenz ist die Zukunft Version 8648.,German
Me encanta aprender aprendizaje automático número 8649.,Spanish
J'aime programmer en Python session 8650.,French
I enjoy coding in Python session 8651.,English
Artificial intelligence bhavishya hai 8652.,Hindi
Ich liebe maschinelles Lernen Nummer 8653.,German
La inteligencia artificial es el futuro versión 8654.,Spanish
J'aime programmer en Python session 8655.,French
I enjoy coding in Python session 8656.,English
Data science bahut interesting hai 8657.,Hindi
Ich programmiere gerne in Python Sitzung 8658.,German
Este es un día hermoso número 8659.,Spanish
C'est une belle journée numéro 8660.,French
I enjoy coding in Python session 8661.,English
Main machine learning seekh raha hoon 8662.,Hindi
Das ist ein schöner Tag Nummer 8663.,German
La inteligencia artificial es el futuro versión 8664.,Spanish
L'intelligence artificielle est l'avenir version 8665.,French
Data science is interesting topic number 8666.,English
Yeh ek sundar din hai number 8667.,Hindi
Künstliche Intelligenz ist die Zukunft Version 8668.,German
La inteligencia artificial es el futuro versión 8669.,Spanish
L'intelligence artificielle est l'avenir version 8670.,French
Artificial intelligence is the future version 8671.,English
Main machine learning seekh raha hoon 8672.,Hindi
Das ist ein schöner Tag Nummer 8673.,German
La inteligencia artificial es el futuro versión 8674.,Spanish
C'est une belle journée numéro 8675.,French
This is a beautiful day number 8676.,English
Data science bahut interesting hai 8677.,Hindi
Ich liebe maschinelles Lernen Nummer 8678.,German
Disfruto programar en Python sesión 8679.,Spanish
L'intelligence artificielle est l'avenir version 8680.,French
Data science is interesting topic number 8681.,English
Mujhe coding pasand hai number 8682.,Hindi
Datenwissenschaft ist interessant Nummer 8683.,German
Disfruto programar en Python sesión 8684.,Spanish
L'intelligence artificielle est l'avenir version 8685.,French
This is a beautiful day number 8686.,English
Mujhe coding pasand hai number 8687.,Hindi
Ich programmiere gerne in Python Sitzung 8688.,German
La ciencia de datos es interesante número 8689.,Spanish
L'intelligence artificielle est l'avenir version 8690.,French
Data science is interesting topic number 8691.,English
Mujhe coding pasand hai number 8692.,Hindi
Das ist ein schöner Tag Nummer 8693.,German
La ciencia de datos es interesante número 8694.,Spanish
J'aime apprendre l'apprentissage automatique numéro 8695.,French
Data science is interesting topic number 8696.,English
Mujhe coding pasand hai number 8697.,Hindi
Ich programmiere gerne in Python Sitzung 8698.,German
Me encanta aprender aprendizaje automático número 8699.,Spanish
J'aime programmer en Python session 8700.,French
Data science is interesting topic number 8701.,English
Artificial intelligence bhavishya hai 8702.,Hindi
Das ist ein schöner Tag Nummer 8703.,German
La inteligencia artificial es el futuro versión 8704.,Spanish
J'aime apprendre l'apprentissage automatique numéro 8705.,French
Data science is interesting topic number 8706.,English
Main machine learning seekh raha hoon 8707.,Hindi
Das ist ein schöner Tag Nummer 8708.,German
Disfruto programar en Python sesión 8709.,Spanish
La science des données est intéressante numéro 8710.,French
Data science is interesting topic number 8711.,English
Data science bahut interesting hai 8712.,Hindi
Künstliche Intelligenz ist die Zukunft Version 8713.,German
Me encanta aprender aprendizaje automático número 8714.,Spanish
L'intelligence artificielle est l'avenir version 8715.,French
I enjoy coding in Python session 8716.,English
Yeh ek sundar din hai number 8717.,Hindi
Ich programmiere gerne in Python Sitzung 8718.,German
Este es un día hermoso número 8719.,Spanish
L'intelligence artificielle est l'avenir version 8720.,French
I love learning machine learning number 8721.,English
Main machine learning seekh raha hoon 8722.,Hindi
Künstliche Intelligenz ist die Zukunft Version 8723.,German
La inteligencia artificial es el futuro versión 8724.,Spanish
La science des données est intéressante numéro 8725.,French
Artificial intelligence is the future version 8726.,English
Artificial intelligence bhavishya hai 8727.,Hindi
Das ist ein schöner Tag Nummer 8728.,German
Me encanta aprender aprendizaje automático número 8729.,Spanish
J'aime programmer en Python session 8730.,French
I love learning machine learning number 8731.,English
Main machine learning seekh raha hoon 8732.,Hindi
Ich liebe maschinelles Lernen Nummer 8733.,German
Este es un día hermoso número 8734.,Spanish
La science des données est intéressante numéro 8735.,French
I enjoy coding in Python session 8736.,English
Main machine learning seekh raha hoon 8737.,Hindi
Künstliche Intelligenz ist die Zukunft Version 8738.,German
Este es un día hermoso número 8739.,Spanish
J'aime apprendre l'apprentissage automatique numéro 8740.,French
This is a beautiful day number 8741.,English
Main machine learning seekh raha hoon 8742.,Hindi
Das ist ein schöner Tag Nummer 8743.,German
La inteligencia artificial es el futuro versión 8744.,Spanish
La science des données est intéressante numéro 8745.,French
Artificial intelligence is the future version 8746.,English
Data science bahut interesting hai 8747.,Hindi
Künstliche Intelligenz ist die Zukunft Version 8748.,German
La ciencia de datos es interesante número 8749.,Spanish
La science des données est intéressante numéro 8750.,French
Artificial intelligence is the future version 8751.,English
Artificial intelligence bhavishya hai 8752.,Hindi
Ich liebe maschinelles Lernen Nummer 8753.,German
La ciencia de datos es interesante número 8754.,Spanish
J'aime apprendre l'apprentissage automatique numéro 8755.,French
Artificial intelligence is the future version 8756.,English
Main machine learning seekh raha hoon 8757.,Hindi
Ich liebe maschinelles Lernen Nummer 8758.,German
La inteligencia artificial es el futuro versión 8759.,Spanish
L'intelligence artificielle est l'avenir version 8760.,French
I enjoy coding in Python session 8761.,English
Artificial intelligence bhavishya hai 8762.,Hindi
Das ist ein schöner Tag Nummer 8763.,German
La inteligencia artificial es el futuro versión 8764.,Spanish
L'intelligence artificielle est l'avenir version 8765.,French
Artificial intelligence is the future version 8766.,English
Main machine learning seekh raha hoon 8767.,Hindi
Ich programmiere gerne in Python Sitzung 8768.,German
La ciencia de datos es interesante número 8769.,Spanish
J'aime programmer en Python session 8770.,French
I love learning machine learning number 8771.,English
Yeh ek sundar din hai number 8772.,Hindi
Datenwissenschaft ist interessant Nummer 8773.,German
La ciencia de datos es interesante número 8774.,Spanish
J'aime programmer en Python session 8775.,French
This is a beautiful day number 8776.,English
Yeh ek sundar din hai number 8777.,Hindi
Ich programmiere gerne in Python Sitzung 8778.,German
La ciencia de datos es interesante número 8779.,Spanish
La science des données est intéressante numéro 8780.,French
I love learning machine learning number 8781.,English
Mujhe coding pasand hai number 8782.,Hindi
Ich liebe maschinelles Lernen Nummer 8783.,German
Me encanta aprender aprendizaje automático número 8784.,Spanish
La science des données est intéressante numéro 8785.,French
This is a beautiful day number 8786.,English
Mujhe coding pasand hai number 8787.,Hindi
Datenwissenschaft ist interessant Nummer 8788.,German
Me encanta aprender aprendizaje automático número 8789.,Spanish
C'est une belle journée numéro 8790.,French
Artificial intelligence is the future version 8791.,English
Main machine learning seekh raha hoon 8792.,Hindi
Datenwissenschaft ist interessant Nummer 8793.,German
Disfruto programar en Python sesión 8794.,Spanish
La science des données est intéressante numéro 8795.,French
Artificial intelligence is the future version 8796.,English
Artificial intelligence bhavishya hai 8797.,Hindi
Künstliche Intelligenz ist die Zukunft Version 8798.,German
Me encanta aprender aprendizaje automático número 8799.,Spanish
La science des données est intéressante numéro 8800.,French
I love learning machine learning number 8801.,English
Data science bahut interesting hai 8802.,Hindi
Künstliche Intelligenz ist die Zukunft Version 8803.,German
Este es un día hermoso número 8804.,Spanish
J'aime apprendre l'apprentissage automatique numéro 8805.,French
Artificial intelligence is the future version 8806.,English
Artificial intelligence bhavishya hai 8807.,Hindi
Künstliche Intelligenz ist die Zukunft Version 8808.,German
Este es un día hermoso número 8809.,Spanish
J'aime apprendre l'apprentissage automatique numéro 8810.,French
I enjoy coding in Python session 8811.,English
Data science bahut interesting hai 8812.,Hindi
Ich programmiere gerne in Python Sitzung 8813.,German
La inteligencia artificial es el futuro versión 8814.,Spanish
C'est une belle journée numéro 8815.,French
Data science is interesting topic number 8816.,English
Main machine learning seekh raha hoon 8817.,Hindi
Ich programmiere gerne in Python Sitzung 8818.,German
La ciencia de datos es interesante número 8819.,Spanish
J'aime programmer en Python session 8820.,French
I enjoy coding in Python session 8821.,English
Yeh ek sundar din hai number 8822.,Hindi
Das ist ein schöner Tag Nummer 8823.,German
La ciencia de datos es interesante número 8824.,Spanish
J'aime programmer en Python session 8825.,French
Data science is interesting topic number 8826.,English
Data science bahut interesting hai 8827.,Hindi
Datenwissenschaft ist interessant Nummer 8828.,German
La ciencia de datos es interesante número 8829.,Spanish
C'est une belle journée numéro 8830.,French
This is a beautiful day number 8831.,English
Data science bahut interesting hai 8832.,Hindi
Ich programmiere gerne in Python Sitzung 8833.,German
Disfruto programar en Python sesión 8834.,Spanish
La science des données est intéressante numéro 8835.,French
Data science is interesting topic number 8836.,English
Yeh ek sundar din hai number 8837.,Hindi
Ich programmiere gerne in Python Sitzung 8838.,German
Este es un día hermoso número 8839.,Spanish
La science des données est intéressante numéro 8840.,French
This is a beautiful day number 8841.,English
Main machine learning seekh raha hoon 8842.,Hindi
Ich liebe maschinelles Lernen Nummer 8843.,German
Disfruto programar en Python sesión 8844.,Spanish
J'aime apprendre l'apprentissage automatique numéro 8845.,French
Artificial intelligence is the future version 8846.,English
Data science bahut interesting hai 8847.,Hindi
Datenwissenschaft ist interessant Nummer 8848.,German
Disfruto programar en Python sesión 8849.,Spanish
La science des données est intéressante numéro 8850.,French
This is a beautiful day number 8851.,English
Yeh ek sundar din hai number 8852.,Hindi
Ich programmiere gerne in Python Sitzung 8853.,German
Me encanta aprender aprendizaje automático número 8854.,Spanish
L'intelligence artificielle est l'avenir version 8855.,French
I love learning machine learning number 8856.,English
Main machine learning seekh raha hoon 8857.,Hindi
Künstliche Intelligenz ist die Zukunft Version 8858.,German
La ciencia de datos es interesante número 8859.,Spanish
J'aime apprendre l'apprentissage automatique numéro 8860.,French
I love learning machine learning number 8861.,English
Main machine learning seekh raha hoon 8862.,Hindi
Datenwissenschaft ist interessant Nummer 8863.,German
Me encanta aprender aprendizaje automático número 8864.,Spanish
La science des données est intéressante numéro 8865.,French
Data science is interesting topic number 8866.,English
Data science bahut interesting hai 8867.,Hindi
Ich programmiere gerne in Python Sitzung 8868.,German
La ciencia de datos es interesante número 8869.,Spanish
J'aime apprendre l'apprentissage automatique numéro 8870.,French
Artificial intelligence is the future version 8871.,English
Artificial intelligence bhavishya hai 8872.,Hindi
Das ist ein schöner Tag Nummer 8873.,German
La inteligencia artificial es el futuro versión 8874.,Spanish
J'aime programmer en Python session 8875.,French
I love learning machine learning number 8876.,English
Mujhe coding pasand hai number 8877.,Hindi
Das ist ein schöner Tag Nummer 8878.,German
Este es un día hermoso número 8879.,Spanish
J'aime apprendre l'apprentissage automatique numéro 8880.,French
I enjoy coding in Python session 8881.,English
Yeh ek sundar din hai number 8882.,Hindi
Das ist ein schöner Tag Nummer 8883.,German
La ciencia de datos es interesante número 8884.,Spanish
La science des données est intéressante numéro 8885.,French
Artificial intelligence is the future version 8886.,English
Main machine learning seekh raha hoon 8887.,Hindi
Ich programmiere gerne in Python Sitzung 8888.,German
La inteligencia artificial es el futuro versión 8889.,Spanish
J'aime programmer en Python session 8890.,French
Data science is interesting topic number 8891.,English
Yeh ek sundar din hai number 8892.,Hindi
Künstliche Intelligenz ist die Zukunft Version 8893.,German
La ciencia de datos es interesante número 8894.,Spanish
La science des données est intéressante numéro 8895.,French
Artificial intelligence is the future version 8896.,English
Artificial intelligence bhavishya hai 8897.,Hindi
Ich liebe maschinelles Lernen Nummer 8898.,German
La ciencia de datos es interesante número 8899.,Spanish
L'intelligence artificielle est l'avenir version 8900.,French
Data science is interesting topic number 8901.,English
Yeh ek sundar din hai number 8902.,Hindi
Datenwissenschaft ist interessant Nummer 8903.,German
Me encanta aprender aprendizaje automático número 8904.,Spanish
L'intelligence artificielle est l'avenir version 8905.,French
This is a beautiful day number 8906.,English
Main machine learning seekh raha hoon 8907.,Hindi
Künstliche Intelligenz ist die Zukunft Version 8908.,German
La ciencia de datos es interesante número 8909.,Spanish
J'aime programmer en Python session 8910.,French
Artificial intelligence is the future version 8911.,English
Main machine learning seekh raha hoon 8912.,Hindi
Künstliche Intelligenz ist die Zukunft Version 8913.,German
Me encanta aprender aprendizaje automático número 8914.,Spanish
La science des données est intéressante numéro 8915.,French
Artificial intelligence is the future version 8916.,English
Main machine learning seekh raha hoon 8917.,Hindi
Ich programmiere gerne in Python Sitzung 8918.,German
Disfruto programar en Python sesión 8919.,Spanish
J'aime apprendre l'apprentissage automatique numéro 8920.,French
This is a beautiful day number 8921.,English
Data science bahut interesting hai 8922.,Hindi
Künstliche Intelligenz ist die Zukunft Version 8923.,German
Disfruto programar en Python sesión 8924.,Spanish
J'aime apprendre l'apprentissage automatique numéro 8925.,French
Data science is interesting topic number 8926.,English
Yeh ek sundar din hai number 8927.,Hindi
Ich programmiere gerne in Python Sitzung 8928.,German
La inteligencia artificial es el futuro versión 8929.,Spanish
C'est une belle journée numéro 8930.,French
I love learning machine learning number 8931.,English
Main machine learning seekh raha hoon 8932.,Hindi
Das ist ein schöner Tag Nummer 8933.,German
Me encanta aprender aprendizaje automático número 8934.,Spanish
C'est une belle journée numéro 8935.,French
Artificial intelligence is the future version 8936.,English
Data science bahut interesting hai 8937.,Hindi
Das ist ein schöner Tag Nummer 8938.,German
Disfruto programar en Python sesión 8939.,Spanish
C'est une belle journée numéro 8940.,French
I love learning machine learning number 8941.,English
Artificial intelligence bhavishya hai 8942.,Hindi
Künstliche Intelligenz ist die Zukunft Version 8943.,German
Disfruto programar en Python sesión 8944.,Spanish
C'est une belle journée numéro 8945.,French
This is a beautiful day number 8946.,English
Data science bahut interesting hai 8947.,Hindi
Das ist ein schöner Tag Nummer 8948.,German
La ciencia de datos es interesante número 8949.,Spanish
J'aime programmer en Python session 8950.,French
This is a beautiful day number 8951.,English
Yeh ek sundar din hai number 8952.,Hindi
Datenwissenschaft ist interessant Nummer 8953.,German
Disfruto programar en Python sesión 8954.,Spanish
La science des données est intéressante numéro 8955.,French
Artificial intelligence is the future version 8956.,English
Yeh ek sundar din hai number 8957.,Hindi
Ich programmiere gerne in Python Sitzung 8958.,German
Me encanta aprender aprendizaje automático número 8959.,Spanish
L'intelligence artificielle est l'avenir version 8960.,French
I enjoy coding in Python session 8961.,English
Artificial intelligence bhavishya hai 8962.,Hindi
Das ist ein schöner Tag Nummer 8963.,German
La inteligencia artificial es el futuro versión 8964.,Spanish
La science des données est intéressante numéro 8965.,French
Data science is interesting topic number 8966.,English
Artificial intelligence bhavishya hai 8967.,Hindi
Das ist ein schöner Tag Nummer 8968.,German
Este es un día hermoso número 8969.,Spanish
J'aime programmer en Python session 8970.,French
Artificial intelligence is the future version 8971.,English
Mujhe coding pasand hai number 8972.,Hindi
Datenwissenschaft ist interessant Nummer 8973.,German
Este es un día hermoso número 8974.,Spanish
J'aime apprendre l'apprentissage automatique numéro 8975.,French
This is a beautiful day number 8976.,English
Main machine learning seekh raha hoon 8977.,Hindi
Künstliche Intelligenz ist die Zukunft Version 8978.,German
La ciencia de datos es interesante número 8979.,Spanish
C'est une belle journée numéro 8980.,French
I love learning machine learning number 8981.,English
Artificial intelligence bhavishya hai 8982.,Hindi
Ich programmiere gerne in Python Sitzung 8983.,German
Este es un día hermoso número 8984.,Spanish
La science des données est intéressante numéro 8985.,French
Data science is interesting topic number 8986.,English
Main machine learning seekh raha hoon 8987.,Hindi
Ich liebe maschinelles Lernen Nummer 8988.,German
Disfruto programar en Python sesión 8989.,Spanish
C'est une belle journée numéro 8990.,French
I enjoy coding in Python session 8991.,English
Artificial intelligence bhavishya hai 8992.,Hindi
Künstliche Intelligenz ist die Zukunft Version 8993.,German
La inteligencia artificial es el futuro versión 8994.,Spanish
L'intelligence artificielle est l'avenir version 8995.,French
I enjoy coding in Python session 8996.,English
Data science bahut interesting hai 8997.,Hindi
Künstliche Intelligenz ist die Zukunft Version 8998.,German
La inteligencia artificial es el futuro versión 8999.,Spanish
C'est une belle journée numéro 9000.,French
Data science is interesting topic number 9001.,English
Data science bahut interesting hai 9002.,Hindi
Ich liebe maschinelles Lernen Nummer 9003.,German
Me encanta aprender aprendizaje automático número 9004.,Spanish
J'aime programmer en Python session 9005.,French
I enjoy coding in Python session 9006.,English
Data science bahut interesting hai 9007.,Hindi
Ich programmiere gerne in Python Sitzung 9008.,German
Este es un día hermoso número 9009.,Spanish
La science des données est intéressante numéro 9010.,French
I love learning machine learning number 9011.,English
Data science bahut interesting hai 9012.,Hindi
Künstliche Intelligenz ist die Zukunft Version 9013.,German
Me encanta aprender aprendizaje automático número 9014.,Spanish
L'intelligence artificielle est l'avenir version 9015.,French
I enjoy coding in Python session 9016.,English
Data science bahut interesting hai 9017.,Hindi
Ich liebe maschinelles Lernen Nummer 9018.,German
La ciencia de datos es interesante número 9019.,Spanish
J'aime programmer en Python session 9020.,French
I love learning machine learning number 9021.,English
Artificial intelligence bhavishya hai 9022.,Hindi
Künstliche Intelligenz ist die Zukunft Version 9023.,German
La inteligencia artificial es el futuro versión 9024.,Spanish
La science des données est intéressante numéro 9025.,French
This is a beautiful day number 9026.,English
Data science bahut interesting hai 9027.,Hindi
Ich programmiere gerne in Python Sitzung 9028.,German
La inteligencia artificial es el futuro versión 9029.,Spanish
J'aime apprendre l'apprentissage automatique numéro 9030.,French
This is a beautiful day number 9031.,English
Yeh ek sundar din hai number 9032.,Hindi
Ich liebe maschinelles Lernen Nummer 9033.,German
La inteligencia artificial es el futuro versión 9034.,Spanish
La science des données est intéressante numéro 9035.,French
I love learning machine learning number 9036.,English
Data science bahut interesting hai 9037.,Hindi
Ich liebe maschinelles Lernen Nummer 9038.,German
Me encanta aprender aprendizaje automático número 9039.,Spanish
La science des données est intéressante numéro 9040.,French
Data science is interesting topic number 9041.,English
Data science bahut interesting hai 9042.,Hindi
Ich liebe maschinelles Lernen Nummer 9043.,German
Este es un día hermoso número 9044.,Spanish
C'est une belle journée numéro 9045.,French
This is a beautiful day number 9046.,English
Yeh ek sundar din hai number 9047.,Hindi
Ich liebe maschinelles Lernen Nummer 9048.,German
Este es un día hermoso número 9049.,Spanish
C'est une belle journée numéro 9050.,French
I enjoy coding in Python session 9051.,English
Artificial intelligence bhavishya hai 9052.,Hindi
Datenwissenschaft ist interessant Nummer 9053.,German
Me encanta aprender aprendizaje automático número 9054.,Spanish
L'intelligence artificielle est l'avenir version 9055.,French
I enjoy coding in Python session 9056.,English
Mujhe coding pasand hai number 9057.,Hindi
Ich liebe maschinelles Lernen Nummer 9058.,German
La ciencia de datos es interesante número 9059.,Spanish
J'aime apprendre l'apprentissage automatique numéro 9060.,French
I love learning machine learning number 9061.,English
Mujhe coding pasand hai number 9062.,Hindi
Das ist ein schöner Tag Nummer 9063.,German
Me encanta aprender aprendizaje automático número 9064.,Spanish
J'aime programmer en Python session 9065.,French
Artificial intelligence is the future version 9066.,English
Data science bahut interesting hai 9067.,Hindi
Datenwissenschaft ist interessant Nummer 9068.,German
Disfruto programar en Python sesión 9069.,Spanish
La science des données est intéressante numéro 9070.,French
I love learning machine learning number 9071.,English
Mujhe coding pasand hai number 9072.,Hindi
Ich liebe maschinelles Lernen Nummer 9073.,German
Este es un día hermoso número 9074.,Spanish
La science des données est intéressante numéro 9075.,French
I love learning machine learning number 9076.,English
Yeh ek sundar din hai number 9077.,Hindi
Künstliche Intelligenz ist die Zukunft Version 9078.,German
La inteligencia artificial es el futuro versión 9079.,Spanish
J'aime apprendre l'apprentissage automatique numéro 9080.,French
I love learning machine learning number 9081.,English
Main machine learning seekh raha hoon 9082.,Hindi
Künstliche Intelligenz ist die Zukunft Version 9083.,German
La ciencia de datos es interesante número 9084.,Spanish
L'intelligence artificielle est l'avenir version 9085.,French
Artificial intelligence is the future version 9086.,English
Mujhe coding pasand hai number 9087.,Hindi
Künstliche Intelligenz ist die Zukunft Version 9088.,German
Este es un día hermoso número 9089.,Spanish
J'aime apprendre l'apprentissage automatique numéro 9090.,French
This is a beautiful day number 9091.,English
Data science bahut interesting hai 9092.,Hindi
Ich liebe maschinelles Lernen Nummer 9093.,German
Disfruto programar en Python sesión 9094.,Spanish
C'est une belle journée numéro 9095.,French
This is a beautiful day number 9096.,English
Mujhe coding pasand hai number 9097.,Hindi
Künstliche Intelligenz ist die Zukunft Version 9098.,German
La ciencia de datos es interesante número 9099.,Spanish
J'aime apprendre l'apprentissage automatique numéro 9100.,French
I love learning machine learning number 9101.,English
Data science bahut interesting hai 9102.,Hindi
Datenwissenschaft ist interessant Nummer 9103.,German
La inteligencia artificial es el futuro versión 9104.,Spanish
L'intelligence artificielle est l'avenir version 9105.,French
Artificial intelligence is the future version 9106.,English
Artificial intelligence bhavishya hai 9107.,Hindi
Ich liebe maschinelles Lernen Nummer 9108.,German
La ciencia de datos es interesante número 9109.,Spanish
La science des données est intéressante numéro 9110.,French
I love learning machine learning number 9111.,English
Artificial intelligence bhavishya hai 9112.,Hindi
Datenwissenschaft ist interessant Nummer 9113.,German
Me encanta aprender aprendizaje automático número 9114.,Spanish
J'aime apprendre l'apprentissage automatique numéro 9115.,French
Artificial intelligence is the future version 9116.,English
Artificial intelligence bhavishya hai 9117.,Hindi
Das ist ein schöner Tag Nummer 9118.,German
La inteligencia artificial es el futuro versión 9119.,Spanish
J'aime apprendre l'apprentissage automatique numéro 9120.,French
Artificial intelligence is the future version 9121.,English
Data science bahut interesting hai 9122.,Hindi
Künstliche Intelligenz ist die Zukunft Version 9123.,German
Disfruto programar en Python sesión 9124.,Spanish
L'intelligence artificielle est l'avenir version 9125.,French
Artificial intelligence is the future version 9126.,English
Artificial intelligence bhavishya hai 9127.,Hindi
Das ist ein schöner Tag Nummer 9128.,German
Disfruto programar en Python sesión 9129.,Spanish
La science des données est intéressante numéro 9130.,French
This is a beautiful day number 9131.,English
Data science bahut interesting hai 9132.,Hindi
Künstliche Intelligenz ist die Zukunft Version 9133.,German
Disfruto programar en Python sesión 9134.,Spanish
La science des données est intéressante numéro 9135.,French
I love learning machine learning number 9136.,English
Artificial intelligence bhavishya hai 9137.,Hindi
Das ist ein schöner Tag Nummer 9138.,German
Disfruto programar en Python sesión 9139.,Spanish
La science des données est intéressante numéro 9140.,French
I enjoy coding in Python session 9141.,English
Artificial intelligence bhavishya hai 9142.,Hindi
Das ist ein schöner Tag Nummer 9143.,German
Me encanta aprender aprendizaje automático número 9144.,Spanish
J'aime apprendre l'apprentissage automatique numéro 9145.,French
Data science is interesting topic number 9146.,English
Mujhe coding pasand hai number 9147.,Hindi
Künstliche Intelligenz ist die Zukunft Version 9148.,German
Me encanta aprender aprendizaje automático número 9149.,Spanish
L'intelligence artificielle est l'avenir version 9150.,French
I enjoy coding in Python session 9151.,English
Yeh ek sundar din hai number 9152.,Hindi
Datenwissenschaft ist interessant Nummer 9153.,German
Disfruto programar en Python sesión 9154.,Spanish
C'est une belle journée numéro 9155.,French
Data science is interesting topic number 9156.,English
Artificial intelligence bhavishya hai 9157.,Hindi
Das ist ein schöner Tag Nummer 9158.,German
La ciencia de datos es interesante número 9159.,Spanish
La science des données est intéressante numéro 9160.,French
I love learning machine learning number 9161.,English
Yeh ek sundar din hai number 9162.,Hindi
Datenwissenschaft ist interessant Nummer 9163.,German
Me encanta aprender aprendizaje automático número 9164.,Spanish
L'intelligence artificielle est l'avenir version 9165.,French
This is a beautiful day number 9166.,English
Mujhe coding pasand hai number 9167.,Hindi
Ich liebe maschinelles Lernen Nummer 9168.,German
La ciencia de datos es interesante número 9169.,Spanish
J'aime apprendre l'apprentissage automatique numéro 9170.,French
Data science is interesting topic number 9171.,English
Main machine learning seekh raha hoon 9172.,Hindi
Ich programmiere gerne in Python Sitzung 9173.,German
Me encanta aprender aprendizaje automático número 9174.,Spanish
J'aime apprendre l'apprentissage automatique numéro 9175.,French
This is a beautiful day number 9176.,English
Yeh ek sundar din hai number 9177.,Hindi
Ich programmiere gerne in Python Sitzung 9178.,German
Me encanta aprender aprendizaje automático número 9179.,Spanish
La science des données est intéressante numéro 9180.,French
Artificial intelligence is the future version 9181.,English
Artificial intelligence bhavishya hai 9182.,Hindi
Ich programmiere gerne in Python Sitzung 9183.,German
Este es un día hermoso número 9184.,Spanish
J'aime programmer en Python session 9185.,French
Artificial intelligence is the future version 9186.,English
Mujhe coding pasand hai number 9187.,Hindi
Ich liebe maschinelles Lernen Nummer 9188.,German
Este es un día hermoso número 9189.,Spanish
C'est une belle journée numéro 9190.,French
I enjoy coding in Python session 9191.,English
Yeh ek sundar din hai number 9192.,Hindi
Datenwissenschaft ist interessant Nummer 9193.,German
Este es un día hermoso número 9194.,Spanish
L'intelligence artificielle est l'avenir version 9195.,French
Data science is interesting topic number 9196.,English
Mujhe coding pasand hai number 9197.,Hindi
Datenwissenschaft ist interessant Nummer 9198.,German
La inteligencia artificial es el futuro versión 9199.,Spanish
C'est une belle journée numéro 9200.,French
I enjoy coding in Python session 9201.,English
Yeh ek sundar din hai number 9202.,Hindi
Ich liebe maschinelles Lernen Nummer 9203.,German
Me encanta aprender aprendizaje automático número 9204.,Spanish
J'aime apprendre l'apprentissage automatique numéro 9205.,French
I love learning machine learning number 9206.,English
Main machine learning seekh raha hoon 9207.,Hindi
Ich programmiere gerne in Python Sitzung 9208.,German
La inteligencia artificial es el futuro versión 9209.,Spanish
C'est une belle journée numéro 9210.,French
I enjoy coding in Python session 9211.,English
Yeh ek sundar din hai number 9212.,Hindi
Ich programmiere gerne in Python Sitzung 9213.,German
Este es un día hermoso número 9214.,Spanish
J'aime apprendre l'apprentissage automatique numéro 9215.,French
Artificial intelligence is the future version 9216.,English
Artificial intelligence bhavishya hai 9217.,Hindi
Ich liebe maschinelles Lernen Nummer 9218.,German
La inteligencia artificial es el futuro versión 9219.,Spanish
La science des données est intéressante numéro 9220.,French
Artificial intelligence is the future version 9221.,English
Mujhe coding pasand hai number 9222.,Hindi
Datenwissenschaft ist interessant Nummer 9223.,German
Disfruto programar en Python sesión 9224.,Spanish
C'est une belle journée numéro 9225.,French
Data science is interesting topic number 9226.,English
Main machine learning seekh raha hoon 9227.,Hindi
Das ist ein schöner Tag Nummer 9228.,German
Disfruto programar en Python sesión 9229.,Spanish
C'est une belle journée numéro 9230.,French
Data science is interesting topic number 9231.,English
Artificial intelligence bhavishya hai 9232.,Hindi
Ich liebe maschinelles Lernen Nummer 9233.,German
Me encanta aprender aprendizaje automático número 9234.,Spanish
La science des données est intéressante numéro 9235.,French
I love learning machine learning number 9236.,English
Artificial intelligence bhavishya hai 9237.,Hindi
Ich programmiere gerne in Python Sitzung 9238.,German
Este es un día hermoso número 9239.,Spanish
C'est une belle journée numéro 9240.,French
Data science is interesting topic number 9241.,English
Data science bahut interesting hai 9242.,Hindi
Das ist ein schöner Tag Nummer 9243.,German
Este es un día hermoso número 9244.,Spanish
J'aime apprendre l'apprentissage automatique numéro 9245.,French
This is a beautiful day number 9246.,English
Yeh ek sundar din hai number 9247.,Hindi
Künstliche Intelligenz ist die Zukunft Version 9248.,German
Me encanta aprender aprendizaje automático número 9249.,Spanish
La science des données est intéressante numéro 9250.,French
Artificial intelligence is the future version 9251.,English
Artificial intelligence bhavishya hai 9252.,Hindi
Künstliche Intelligenz ist die Zukunft Version 9253.,German
La inteligencia artificial es el futuro versión 9254.,Spanish
C'est une belle journée numéro 9255.,French
Data science is interesting topic number 9256.,English
Yeh ek sundar din hai number 9257.,Hindi
Datenwissenschaft ist interessant Nummer 9258.,German
Este es un día hermoso número 9259.,Spanish
J'aime apprendre l'apprentissage automatique numéro 9260.,French
Data science is interesting topic number 9261.,English
Data science bahut interesting hai 9262.,Hindi
Das ist ein schöner Tag Nummer 9263.,German
Este es un día hermoso número 9264.,Spanish
L'intelligence artificielle est l'avenir version 9265.,French
I love learning machine learning number 9266.,English
Yeh ek sundar din hai number 9267.,Hindi
Ich liebe maschinelles Lernen Nummer 9268.,German
Este es un día hermoso número 9269.,Spanish
C'est une belle journée numéro 9270.,French
Artificial intelligence is the future version 9271.,English
Artificial intelligence bhavishya hai 9272.,Hindi
Ich liebe maschinelles Lernen Nummer 9273.,German
La inteligencia artificial es el futuro versión 9274.,Spanish
L'intelligence artificielle est l'avenir version 9275.,French
Data science is interesting topic number 9276.,English
Yeh ek sundar din hai number 9277.,Hindi
Ich programmiere gerne in Python Sitzung 9278.,German
Me encanta aprender aprendizaje automático número 9279.,Spanish
C'est une belle journée numéro 9280.,French
I love learning machine learning number 9281.,English
Data science bahut interesting hai 9282.,Hindi
Das ist ein schöner Tag Nummer 9283.,German
La ciencia de datos es interesante número 9284.,Spanish
J'aime apprendre l'apprentissage automatique numéro 9285.,French
I love learning machine learning number 9286.,English
Yeh ek sundar din hai number 9287.,Hindi
Künstliche Intelligenz ist die Zukunft Version 9288.,German
Este es un día hermoso número 9289.,Spanish
J'aime apprendre l'apprentissage automatique numéro 9290.,French
I love learning machine learning number 9291.,English
Main machine learning seekh raha hoon 9292.,Hindi
Ich programmiere gerne in Python Sitzung 9293.,German
Este es un día hermoso número 9294.,Spanish
J'aime programmer en Python session 9295.,French
I enjoy coding in Python session 9296.,English
Data science bahut interesting hai 9297.,Hindi
Künstliche Intelligenz ist die Zukunft Version 9298.,German
Me encanta aprender aprendizaje automático número 9299.,Spanish
La science des données est intéressante numéro 9300.,French
I enjoy coding in Python session 9301.,English
Artificial intelligence bhavishya hai 9302.,Hindi
Datenwissenschaft ist interessant Nummer 9303.,German
Este es un día hermoso número 9304.,Spanish
J'aime apprendre l'apprentissage automatique numéro 9305.,French
Artificial intelligence is the future version 9306.,English
Yeh ek sundar din hai number 9307.,Hindi
Künstliche Intelligenz ist die Zukunft Version 9308.,German
Disfruto programar en Python sesión 9309.,Spanish
J'aime apprendre l'apprentissage automatique numéro 9310.,French
I enjoy coding in Python session 9311.,English
Yeh ek sundar din hai number 9312.,Hindi
Künstliche Intelligenz ist die Zukunft Version 9313.,German
Disfruto programar en Python sesión 9314.,Spanish
C'est une belle journée numéro 9315.,French
I love learning machine learning number 9316.,English
Yeh ek sundar din hai number 9317.,Hindi
Ich programmiere gerne in Python Sitzung 9318.,German
Me encanta aprender aprendizaje automático número 9319.,Spanish
J'aime programmer en Python session 9320.,French
I enjoy coding in Python session 9321.,English
Mujhe coding pasand hai number 9322.,Hindi
Künstliche Intelligenz ist die Zukunft Version 9323.,German
Me encanta aprender aprendizaje automático número 9324.,Spanish
L'intelligence artificielle est l'avenir version 9325.,French
Artificial intelligence is the future version 9326.,English
Yeh ek sundar din hai number 9327.,Hindi
Ich programmiere gerne in Python Sitzung 9328.,German
Este es un día hermoso número 9329.,Spanish
C'est une belle journée numéro 9330.,French
I enjoy coding in Python session 9331.,English
Main machine learning seekh raha hoon 9332.,Hindi
Ich programmiere gerne in Python Sitzung 9333.,German
La ciencia de datos es interesante número 9334.,Spanish
La science des données est intéressante numéro 9335.,French
I enjoy coding in Python session 9336.,English
Yeh ek sundar din hai number 9337.,Hindi
Ich liebe maschinelles Lernen Nummer 9338.,German
Me encanta aprender aprendizaje automático número 9339.,Spanish
J'aime programmer en Python session 9340.,French
Data science is interesting topic number 9341.,English
Yeh ek sundar din hai number 9342.,Hindi
Das ist ein schöner Tag Nummer 9343.,German
La inteligencia artificial es el futuro versión 9344.,Spanish
J'aime programmer en Python session 9345.,French
Artificial intelligence is the future version 9346.,English
Data science bahut interesting hai 9347.,Hindi
Das ist ein schöner Tag Nummer 9348.,German
La ciencia de datos es interesante número 9349.,Spanish
J'aime apprendre l'apprentissage automatique numéro 9350.,French
Data science is interesting topic number 9351.,English
Data science bahut interesting hai 9352.,Hindi
Datenwissenschaft ist interessant Nummer 9353.,German
Disfruto programar en Python sesión 9354.,Spanish
La science des données est intéressante numéro 9355.,French
I love learning machine learning number 9356.,English
Mujhe coding pasand hai number 9357.,Hindi
Ich liebe maschinelles Lernen Nummer 9358.,German
Disfruto programar en Python sesión 9359.,Spanish
J'aime programmer en Python session 9360.,French
Data science is interesting topic number 9361.,English
Mujhe coding pasand hai number 9362.,Hindi
Künstliche Intelligenz ist die Zukunft Version 9363.,German
Disfruto programar en Python sesión 9364.,Spanish
La science des données est intéressante numéro 9365.,French
Artificial intelligence is the future version 9366.,English
Yeh ek sundar din hai number 9367.,Hindi
Datenwissenschaft ist interessant Nummer 9368.,German
Me encanta aprender aprendizaje automático número 9369.,Spanish
J'aime programmer en Python session 9370.,French
This is a beautiful day number 9371.,English
Data science bahut interesting hai 9372.,Hindi
Ich liebe maschinelles Lernen Nummer 9373.,German
Me encanta aprender aprendizaje automático número 9374.,Spanish
C'est une belle journée numéro 9375.,French
I enjoy coding in Python session 9376.,English
Main machine learning seekh raha hoon 9377.,Hindi
Ich programmiere gerne in Python Sitzung 9378.,German
La ciencia de datos es interesante número 9379.,Spanish
C'est une belle journée numéro 9380.,French
I love learning machine learning number 9381.,English
Data science bahut interesting hai 9382.,Hindi
Datenwissenschaft ist interessant Nummer 9383.,German
Me encanta aprender aprendizaje automático número 9384.,Spanish
La science des données est intéressante numéro 9385.,French
This is a beautiful day number 9386.,English
Mujhe coding pasand hai number 9387.,Hindi
Ich programmiere gerne in Python Sitzung 9388.,German
La inteligencia artificial es el futuro versión 9389.,Spanish
J'aime programmer en Python session 9390.,French
I enjoy coding in Python session 9391.,English
Main machine learning seekh raha hoon 9392.,Hindi
Künstliche Intelligenz ist die Zukunft Version 9393.,German
Este es un día hermoso número 9394.,Spanish
J'aime apprendre l'apprentissage automatique numéro 9395.,French
Artificial intelligence is the future version 9396.,English
Main machine learning seekh raha hoon 9397.,Hindi
Das ist ein schöner Tag Nummer 9398.,German
La ciencia de datos es interesante número 9399.,Spanish
J'aime apprendre l'apprentissage automatique numéro 9400.,French
I love learning machine learning number 9401.,English
Main machine learning seekh raha hoon 9402.,Hindi
Ich liebe maschinelles Lernen Nummer 9403.,German
Disfruto programar en Python sesión 9404.,Spanish
L'intelligence artificielle est l'avenir version 9405.,French
This is a beautiful day number 9406.,English
Mujhe coding pasand hai number 9407.,Hindi
Das ist ein schöner Tag Nummer 9408.,German
Este es un día hermoso número 9409.,Spanish
La science des données est intéressante numéro 9410.,French
Data science is interesting topic number 9411.,English
Artificial intelligence bhavishya hai 9412.,Hindi
Ich programmiere gerne in Python Sitzung 9413.,German
La inteligencia artificial es el futuro versión 9414.,Spanish
L'intelligence artificielle est l'avenir version 9415.,French
I enjoy coding in Python session 9416.,English
Data science bahut interesting hai 9417.,Hindi
Ich liebe maschinelles Lernen Nummer 9418.,German
La ciencia de datos es interesante número 9419.,Spanish
J'aime programmer en Python session 9420.,French
I love learning machine learning number 9421.,English
Yeh ek sundar din hai number 9422.,Hindi
Ich liebe maschinelles Lernen Nummer 9423.,German
La ciencia de datos es interesante número 9424.,Spanish
L'intelligence artificielle est l'avenir version 9425.,French
I love learning machine learning number 9426.,English
Main machine learning seekh raha hoon 9427.,Hindi
Ich programmiere gerne in Python Sitzung 9428.,German
Este es un día hermoso número 9429.,Spanish
La science des données est intéressante numéro 9430.,French
This is a beautiful day number 9431.,English
Main machine learning seekh raha hoon 9432.,Hindi
Das ist ein schöner Tag Nummer 9433.,German
Este es un día hermoso número 9434.,Spanish
J'aime apprendre l'apprentissage automatique numéro 9435.,French
Artificial intelligence is the future version 9436.,English
Main machine learning seekh raha hoon 9437.,Hindi
Ich liebe maschinelles Lernen Nummer 9438.,German
La ciencia de datos es interesante número 9439.,Spanish
J'aime programmer en Python session 9440.,French
I love learning machine learning number 9441.,English
Data science bahut interesting hai 9442.,Hindi
Ich liebe maschinelles Lernen Nummer 9443.,German
Me encanta aprender aprendizaje automático número 9444.,Spanish
J'aime apprendre l'apprentissage automatique numéro 9445.,French
I enjoy coding in Python session 9446.,English
Data science bahut interesting hai 9447.,Hindi
Ich liebe maschinelles Lernen Nummer 9448.,German
Disfruto programar en Python sesión 9449.,Spanish
J'aime apprendre l'apprentissage automatique numéro 9450.,French
This is a beautiful day number 9451.,English
Yeh ek sundar din hai number 9452.,Hindi
Das ist ein schöner Tag Nummer 9453.,German
La inteligencia artificial es el futuro versión 9454.,Spanish
C'est une belle journée numéro 9455.,French
I enjoy coding in Python session 9456.,English
Main machine learning seekh raha hoon 9457.,Hindi
Ich liebe maschinelles Lernen Nummer 9458.,German
Me encanta aprender aprendizaje automático número 9459.,Spanish
La science des données est intéressante numéro 9460.,French
This is a beautiful day number 9461.,English
Data science bahut interesting hai 9462.,Hindi
Ich liebe maschinelles Lernen Nummer 9463.,German
La inteligencia artificial es el futuro versión 9464.,Spanish
J'aime programmer en Python session 9465.,French
Artificial intelligence is the future version 9466.,English
Mujhe coding pasand hai number 9467.,Hindi
Das ist ein schöner Tag Nummer 9468.,German
La ciencia de datos es interesante número 9469.,Spanish
L'intelligence artificielle est l'avenir version 9470.,French
I love learning machine learning number 9471.,English
Yeh ek sundar din hai number 9472.,Hindi
Datenwissenschaft ist interessant Nummer 9473.,German
Me encanta aprender aprendizaje automático número 9474.,Spanish
L'intelligence artificielle est l'avenir version 9475.,French
Artificial intelligence is the future version 9476.,English
Artificial intelligence bhavishya hai 9477.,Hindi
Künstliche Intelligenz ist die Zukunft Version 9478.,German
Este es un día hermoso número 9479.,Spanish
L'intelligence artificielle est l'avenir version 9480.,French
This is a beautiful day number 9481.,English
Yeh ek sundar din hai number 9482.,Hindi
Künstliche Intelligenz ist die Zukunft Version 9483.,German
Este es un día hermoso número 9484.,Spanish
L'intelligence artificielle est l'avenir version 9485.,French
I love learning machine learning number 9486.,English
Data science bahut interesting hai 9487.,Hindi
Das ist ein schöner Tag Nummer 9488.,German
Este es un día hermoso número 9489.,Spanish
J'aime programmer en Python session 9490.,French
This is a beautiful day number 9491.,English
Main machine learning seekh raha hoon 9492.,Hindi
Datenwissenschaft ist interessant Nummer 9493.,German
La inteligencia artificial es el futuro versión 9494.,Spanish
C'est une belle journée numéro 9495.,French
Artificial intelligence is the future version 9496.,English
Mujhe coding pasand hai number 9497.,Hindi
Ich programmiere gerne in Python Sitzung 9498.,German
La ciencia de datos es interesante número 9499.,Spanish
C'est une belle journée numéro 9500.,French
This is a beautiful day number 9501.,English
Artificial intelligence bhavishya hai 9502.,Hindi
Datenwissenschaft ist interessant Nummer 9503.,German
Disfruto programar en Python sesión 9504.,Spanish
J'aime apprendre l'apprentissage automatique numéro 9505.,French
Data science is interesting topic number 9506.,English
Main machine learning seekh raha hoon 9507.,Hindi
Ich liebe maschinelles Lernen Nummer 9508.,German
Este es un día hermoso número 9509.,Spanish
J'aime programmer en Python session 9510.,French
I love learning machine learning number 9511.,English
Artificial intelligence bhavishya hai 9512.,Hindi
Das ist ein schöner Tag Nummer 9513.,German
Me encanta aprender aprendizaje automático número 9514.,Spanish
L'intelligence artificielle est l'avenir version 9515.,French
Data science is interesting topic number 9516.,English
Mujhe coding pasand hai number 9517.,Hindi
Ich programmiere gerne in Python Sitzung 9518.,German
Este es un día hermoso número 9519.,Spanish
J'aime programmer en Python session 9520.,French
Artificial intelligence is the future version 9521.,English
Mujhe coding pasand hai number 9522.,Hindi
Ich liebe maschinelles Lernen Nummer 9523.,German
Este es un día hermoso número 9524.,Spanish
J'aime apprendre l'apprentissage automatique numéro 9525.,French
This is a beautiful day number 9526.,English
Data science bahut interesting hai 9527.,Hindi
Ich liebe maschinelles Lernen Nummer 9528.,German
Este es un día hermoso número 9529.,Spanish
C'est une belle journée numéro 9530.,French
This is a beautiful day number 9531.,English
Mujhe coding pasand hai number 9532.,Hindi
Ich programmiere gerne in Python Sitzung 9533.,German
Este es un día hermoso número 9534.,Spanish
La science des données est intéressante numéro 9535.,French
I enjoy coding in Python session 9536.,English
Yeh ek sundar din hai number 9537.,Hindi
Ich programmiere gerne in Python Sitzung 9538.,German
La inteligencia artificial es el futuro versión 9539.,Spanish
J'aime apprendre l'apprentissage automatique numéro 9540.,French
Artificial intelligence is the future version 9541.,English
Main machine learning seekh raha hoon 9542.,Hindi
Ich liebe maschinelles Lernen Nummer 9543.,German
La ciencia de datos es interesante número 9544.,Spanish
La science des données est intéressante numéro 9545.,French
This is a beautiful day number 9546.,English
Data science bahut interesting hai 9547.,Hindi
Ich liebe maschinelles Lernen Nummer 9548.,German
La ciencia de datos es interesante número 9549.,Spanish
La science des données est intéressante numéro 9550.,French
Data science is interesting topic number 9551.,English
Data science bahut interesting hai 9552.,Hindi
Ich programmiere gerne in Python Sitzung 9553.,German
La ciencia de datos es interesante número 9554.,Spanish
L'intelligence artificielle est l'avenir version 9555.,French
I love learning machine learning number 9556.,English
Mujhe coding pasand hai number 9557.,Hindi
Datenwissenschaft ist interessant Nummer 9558.,German
La ciencia de datos es interesante número 9559.,Spanish
J'aime apprendre l'apprentissage automatique numéro 9560.,French
I love learning machine learning number 9561.,English
Data science bahut interesting hai 9562.,Hindi
Datenwissenschaft ist interessant Nummer 9563.,German
La inteligencia artificial es el futuro versión 9564.,Spanish
J'aime programmer en Python session 9565.,French
Artificial intelligence is the future version 9566.,English
Yeh ek sundar din hai number 9567.,Hindi
Das ist ein schöner Tag Nummer 9568.,German
Me encanta aprender aprendizaje automático número 9569.,Spanish
J'aime programmer en Python session 9570.,French
Data science is interesting topic number 9571.,English
Main machine learning seekh raha hoon 9572.,Hindi
Das ist ein schöner Tag Nummer 9573.,German
La inteligencia artificial es el futuro versión 9574.,Spanish
L'intelligence artificielle est l'avenir version 9575.,French
Artificial intelligence is the future version 9576.,English
Mujhe coding pasand hai number 9577.,Hindi
Das ist ein schöner Tag Nummer 9578.,German
Disfruto programar en Python sesión 9579.,Spanish
L'intelligence artificielle est l'avenir version 9580.,French
This is a beautiful day number 9581.,English
Artificial intelligence bhavishya hai 9582.,Hindi
Das ist ein schöner Tag Nummer 9583.,German
La inteligencia artificial es el futuro versión 9584.,Spanish
J'aime programmer en Python session 9585.,French
Data science is interesting topic number 9586.,English
Mujhe coding pasand hai number 9587.,Hindi
Ich liebe maschinelles Lernen Nummer 9588.,German
Este es un día hermoso número 9589.,Spanish
L'intelligence artificielle est l'avenir version 9590.,French
Artificial intelligence is the future version 9591.,English
Mujhe coding pasand hai number 9592.,Hindi
Datenwissenschaft ist interessant Nummer 9593.,German
Me encanta aprender aprendizaje automático número 9594.,Spanish
J'aime programmer en Python session 9595.,French
I enjoy coding in Python session 9596.,English
Data science bahut interesting hai 9597.,Hindi
Datenwissenschaft ist interessant Nummer 9598.,German
La ciencia de datos es interesante número 9599.,Spanish
L'intelligence artificielle est l'avenir version 9600.,French
This is a beautiful day number 9601.,English
Artificial intelligence bhavishya hai 9602.,Hindi
Ich liebe maschinelles Lernen Nummer 9603.,German
Este es un día hermoso número 9604.,Spanish
J'aime programmer en Python session 9605.,French
I enjoy coding in Python session 9606.,English
Data science bahut interesting hai 9607.,Hindi
Ich programmiere gerne in Python Sitzung 9608.,German
Este es un día hermoso número 9609.,Spanish
J'aime programmer en Python session 9610.,French
I love learning machine learning number 9611.,English
Artificial intelligence bhavishya hai 9612.,Hindi
Das ist ein schöner Tag Nummer 9613.,German
La ciencia de datos es interesante número 9614.,Spanish
C'est une belle journée numéro 9615.,French
I love learning machine learning number 9616.,English
Artificial intelligence bhavishya hai 9617.,Hindi
Ich liebe maschinelles Lernen Nummer 9618.,German
Este es un día hermoso número 9619.,Spanish
C'est une belle journée numéro 9620.,French
Data science is interesting topic number 9621.,English
Data science bahut interesting hai 9622.,Hindi
Ich programmiere gerne in Python Sitzung 9623.,German
Este es un día hermoso número 9624.,Spanish
La science des données est intéressante numéro 9625.,French
I love learning machine learning number 9626.,English
Main machine learning seekh raha hoon 9627.,Hindi
Datenwissenschaft ist interessant Nummer 9628.,German
Disfruto programar en Python sesión 9629.,Spanish
J'aime programmer en Python session 9630.,French
Data science is interesting topic number 9631.,English
Data science bahut interesting hai 9632.,Hindi
Ich liebe maschinelles Lernen Nummer 9633.,German
Este es un día hermoso número 9634.,Spanish
L'intelligence artificielle est l'avenir version 9635.,French
This is a beautiful day number 9636.,English
Yeh ek sundar din hai number 9637.,Hindi
Das ist ein schöner Tag Nummer 9638.,German
La ciencia de datos es interesante número 9639.,Spanish
C'est une belle journée numéro 9640.,French
Artificial intelligence is the future version 9641.,English
Yeh ek sundar din hai number 9642.,Hindi
Datenwissenschaft ist interessant Nummer 9643.,German
Disfruto programar en Python sesión 9644.,Spanish
J'aime apprendre l'apprentissage automatique numéro 9645.,French
I enjoy coding in Python session 9646.,English
Artificial intelligence bhavishya hai 9647.,Hindi
Das ist ein schöner Tag Nummer 9648.,German
Disfruto programar en Python sesión 9649.,Spanish
J'aime programmer en Python session 9650.,French
I enjoy coding in Python session 9651.,English
Mujhe coding pasand hai number 9652.,Hindi
Künstliche Intelligenz ist die Zukunft Version 9653.,German
La inteligencia artificial es el futuro versión 9654.,Spanish
J'aime apprendre l'apprentissage automatique numéro 9655.,French
I love learning machine learning number 9656.,English
Mujhe coding pasand hai number 9657.,Hindi
Ich programmiere gerne in Python Sitzung 9658.,German
La inteligencia artificial es el futuro versión 9659.,Spanish
L'intelligence artificielle est l'avenir version 9660.,French
Artificial intelligence is the future version 9661.,English
Data science bahut interesting hai 9662.,Hindi
Ich programmiere gerne in Python Sitzung 9663.,German
La ciencia de datos es interesante número 9664.,Spanish
C'est une belle journée numéro 9665.,French
This is a beautiful day number 9666.,English
Main machine learning seekh raha hoon 9667.,Hindi
Datenwissenschaft ist interessant Nummer 9668.,German
Me encanta aprender aprendizaje automático número 9669.,Spanish
La science des données est intéressante numéro 9670.,French
This is a beautiful day number 9671.,English
Data science bahut interesting hai 9672.,Hindi
Ich programmiere gerne in Python Sitzung 9673.,German
La ciencia de datos es interesante número 9674.,Spanish
J'aime programmer en Python session 9675.,French
Artificial intelligence is the future version 9676.,English
Yeh ek sundar din hai number 9677.,Hindi
Ich programmiere gerne in Python Sitzung 9678.,German
Este es un día hermoso número 9679.,Spanish
C'est une belle journée numéro 9680.,French
This is a beautiful day number 9681.,English
Data science bahut interesting hai 9682.,Hindi
Das ist ein schöner Tag Nummer 9683.,German
La inteligencia artificial es el futuro versión 9684.,Spanish
La science des données est intéressante numéro 9685.,French
This is a beautiful day number 9686.,English
Data science bahut interesting hai 9687.,Hindi
Ich liebe maschinelles Lernen Nummer 9688.,German
La ciencia de datos es interesante número 9689.,Spanish
J'aime programmer en Python session 9690.,French
I enjoy coding in Python session 9691.,English
Mujhe coding pasand hai number 9692.,Hindi
Ich liebe maschinelles Lernen Nummer 9693.,German
Me encanta aprender aprendizaje automático número 9694.,Spanish
C'est une belle journée numéro 9695.,French
This is a beautiful day number 9696.,English
Main machine learning seekh raha hoon 9697.,Hindi
Ich programmiere gerne in Python Sitzung 9698.,German
Disfruto programar en Python sesión 9699.,Spanish
C'est une belle journée numéro 9700.,French
I enjoy coding in Python session 9701.,English
Data science bahut interesting hai 9702.,Hindi
Ich liebe maschinelles Lernen Nummer 9703.,German
Este es un día hermoso número 9704.,Spanish
J'aime apprendre l'apprentissage automatique numéro 9705.,French
This is a beautiful day number 9706.,English
Main machine learning seekh raha hoon 9707.,Hindi
Künstliche Intelligenz ist die Zukunft Version 9708.,German
Este es un día hermoso número 9709.,Spanish
L'intelligence artificielle est l'avenir version 9710.,French
I love learning machine learning number 9711.,English
Artificial intelligence bhavishya hai 9712.,Hindi
Künstliche Intelligenz ist die Zukunft Version 9713.,German
Disfruto programar en Python sesión 9714.,Spanish
La science des données est intéressante numéro 9715.,French
Data science is interesting topic number 9716.,English
Main machine learning seekh raha hoon 9717.,Hindi
Datenwissenschaft ist interessant Nummer 9718.,German
La ciencia de datos es interesante número 9719.,Spanish
J'aime programmer en Python session 9720.,French
This is a beautiful day number 9721.,English
Main machine learning seekh raha hoon 9722.,Hindi
Das ist ein schöner Tag Nummer 9723.,German
Este es un día hermoso número 9724.,Spanish
La science des données est intéressante numéro 9725.,French
This is a beautiful day number 9726.,English
Artificial intelligence bhavishya hai 9727.,Hindi
Das ist ein schöner Tag Nummer 9728.,German
Disfruto programar en Python sesión 9729.,Spanish
J'aime apprendre l'apprentissage automatique numéro 9730.,French
This is a beautiful day number 9731.,English
Data science bahut interesting hai 9732.,Hindi
Ich liebe maschinelles Lernen Nummer 9733.,German
La inteligencia artificial es el futuro versión 9734.,Spanish
C'est une belle journée numéro 9735.,French
I enjoy coding in Python session 9736.,English
Yeh ek sundar din hai number 9737.,Hindi
Datenwissenschaft ist interessant Nummer 9738.,German
Disfruto programar en Python sesión 9739.,Spanish
L'intelligence artificielle est l'avenir version 9740.,French
I enjoy coding in Python session 9741.,English
Data science bahut interesting hai 9742.,Hindi
Ich liebe maschinelles Lernen Nummer 9743.,German
Este es un día hermoso número 9744.,Spanish
La science des données est intéressante numéro 9745.,French
This is a beautiful day number 9746.,English
Artificial intelligence bhavishya hai 9747.,Hindi
Ich liebe maschinelles Lernen Nummer 9748.,German
Disfruto programar en Python sesión 9749.,Spanish
L'intelligence artificielle est l'avenir version 9750.,French
I love learning machine learning number 9751.,English
Data science bahut interesting hai 9752.,Hindi
Datenwissenschaft ist interessant Nummer 9753.,German
Disfruto programar en Python sesión 9754.,Spanish
J'aime programmer en Python session 9755.,French
Artificial intelligence is the future version 9756.,English
Artificial intelligence bhavishya hai 9757.,Hindi
Künstliche Intelligenz ist die Zukunft Version 9758.,German
Este es un día hermoso número 9759.,Spanish
J'aime programmer en Python session 9760.,French
Artificial intelligence is the future version 9761.,English
Yeh ek sundar din hai number 9762.,Hindi
Datenwissenschaft ist interessant Nummer 9763.,German
Disfruto programar en Python sesión 9764.,Spanish
L'intelligence artificielle est l'avenir version 9765.,French
I enjoy coding in Python session 9766.,English
Yeh ek sundar din hai number 9767.,Hindi
Ich liebe maschinelles Lernen Nummer 9768.,German
Me encanta aprender aprendizaje automático número 9769.,Spanish
L'intelligence artificielle est l'avenir version 9770.,French
Artificial intelligence is the future version 9771.,English
Artificial intelligence bhavishya hai 9772.,Hindi
Ich liebe maschinelles Lernen Nummer 9773.,German
Me encanta aprender aprendizaje automático número 9774.,Spanish
J'aime programmer en Python session 9775.,French
Artificial intelligence is the future version 9776.,English
Main machine learning seekh raha hoon 9777.,Hindi
Ich programmiere gerne in Python Sitzung 9778.,German
Me encanta aprender aprendizaje automático número 9779.,Spanish
L'intelligence artificielle est l'avenir version 9780.,French
I love learning machine learning number 9781.,English
Data science bahut interesting hai 9782.,Hindi
Datenwissenschaft ist interessant Nummer 9783.,German
La ciencia de datos es interesante número 9784.,Spanish
C'est une belle journée numéro 9785.,French
I enjoy coding in Python session 9786.,English
Yeh ek sundar din hai number 9787.,Hindi
Ich programmiere gerne in Python Sitzung 9788.,German
La inteligencia artificial es el futuro versión 9789.,Spanish
La science des données est intéressante numéro 9790.,French
Artificial intelligence is the future version 9791.,English
Mujhe coding pasand hai number 9792.,Hindi
Datenwissenschaft ist interessant Nummer 9793.,German
La ciencia de datos es interesante número 9794.,Spanish
La science des données est intéressante numéro 9795.,French
This is a beautiful day number 9796.,English
Mujhe coding pasand hai number 9797.,Hindi
Datenwissenschaft ist interessant Nummer 9798.,German
La inteligencia artificial es el futuro versión 9799.,Spanish
C'est une belle journée numéro 9800.,French
I love learning machine learning number 9801.,English
Main machine learning seekh raha hoon 9802.,Hindi
Datenwissenschaft ist interessant Nummer 9803.,German
Disfruto programar en Python sesión 9804.,Spanish
J'aime programmer en Python session 9805.,French
Data science is interesting topic number 9806.,English
Main machine learning seekh raha hoon 9807.,Hindi
Ich programmiere gerne in Python Sitzung 9808.,German
La ciencia de datos es interesante número 9809.,Spanish
J'aime apprendre l'apprentissage automatique numéro 9810.,French
I love learning machine learning number 9811.,English
Main machine learning seekh raha hoon 9812.,Hindi
Ich liebe maschinelles Lernen Nummer 9813.,German
La inteligencia artificial es el futuro versión 9814.,Spanish
J'aime programmer en Python session 9815.,French
I enjoy coding in Python session 9816.,English
Yeh ek sundar din hai number 9817.,Hindi
Ich liebe maschinelles Lernen Nummer 9818.,German
La ciencia de datos es interesante número 9819.,Spanish
J'aime programmer en Python session 9820.,French
This is a beautiful day number 9821.,English
Artificial intelligence bhavishya hai 9822.,Hindi
Datenwissenschaft ist interessant Nummer 9823.,German
Este es un día hermoso número 9824.,Spanish
J'aime programmer en Python session 9825.,French
I enjoy coding in Python session 9826.,English
Data science bahut interesting hai 9827.,Hindi
Datenwissenschaft ist interessant Nummer 9828.,German
Este es un día hermoso número 9829.,Spanish
C'est une belle journée numéro 9830.,French
Artificial intelligence is the future version 9831.,English
Data science bahut interesting hai 9832.,Hindi
Das ist ein schöner Tag Nummer 9833.,German
La inteligencia artificial es el futuro versión 9834.,Spanish
C'est une belle journée numéro 9835.,French
Artificial intelligence is the future version 9836.,English
Artificial intelligence bhavishya hai 9837.,Hindi
Ich programmiere gerne in Python Sitzung 9838.,German
La ciencia de datos es interesante número 9839.,Spanish
L'intelligence artificielle est l'avenir version 9840.,French
I love learning machine learning number 9841.,English
Yeh ek sundar din hai number 9842.,Hindi
Das ist ein schöner Tag Nummer 9843.,German
La inteligencia artificial es el futuro versión 9844.,Spanish
La science des données est intéressante numéro 9845.,French
I love learning machine learning number 9846.,English
Mujhe coding pasand hai number 9847.,Hindi
Datenwissenschaft ist interessant Nummer 9848.,German
Este es un día hermoso número 9849.,Spanish
C'est une belle journée numéro 9850.,French
I love learning machine learning number 9851.,English
Artificial intelligence bhavishya hai 9852.,Hindi
Ich programmiere gerne in Python Sitzung 9853.,German
Este es un día hermoso número 9854.,Spanish
J'aime programmer en Python session 9855.,French
This is a beautiful day number 9856.,English
Main machine learning seekh raha hoon 9857.,Hindi
Ich programmiere gerne in Python Sitzung 9858.,German
Disfruto programar en Python sesión 9859.,Spanish
La science des données est intéressante numéro 9860.,French
This is a beautiful day number 9861.,English
Main machine learning seekh raha hoon 9862.,Hindi
Ich programmiere gerne in Python Sitzung 9863.,German
Me encanta aprender aprendizaje automático número 9864.,Spanish
L'intelligence artificielle est l'avenir version 9865.,French
I enjoy coding in Python session 9866.,English
Main machine learning seekh raha hoon 9867.,Hindi
Ich liebe maschinelles Lernen Nummer 9868.,German
La inteligencia artificial es el futuro versión 9869.,Spanish
L'intelligence artificielle est l'avenir version 9870.,French
I love learning machine learning number 9871.,English
Artificial intelligence bhavishya hai 9872.,Hindi
Ich programmiere gerne in Python Sitzung 9873.,German
La ciencia de datos es interesante número 9874.,Spanish
L'intelligence artificielle est l'avenir version 9875.,French
Data science is interesting topic number 9876.,English
Artificial intelligence bhavishya hai 9877.,Hindi
Künstliche Intelligenz ist die Zukunft Version 9878.,German
Disfruto programar en Python sesión 9879.,Spanish
C'est une belle journée numéro 9880.,French
This is a beautiful day number 9881.,English
Data science bahut interesting hai 9882.,Hindi
Ich liebe maschinelles Lernen Nummer 9883.,German
La ciencia de datos es interesante número 9884.,Spanish
C'est une belle journée numéro 9885.,French
This is a beautiful day number 9886.,English
Data science bahut interesting hai 9887.,Hindi
Ich programmiere gerne in Python Sitzung 9888.,German
Este es un día hermoso número 9889.,Spanish
L'intelligence artificielle est l'avenir version 9890.,French
I enjoy coding in Python session 9891.,English
Data science bahut interesting hai 9892.,Hindi
Datenwissenschaft ist interessant Nummer 9893.,German
La inteligencia artificial es el futuro versión 9894.,Spanish
C'est une belle journée numéro 9895.,French
Data science is interesting topic number 9896.,English
Artificial intelligence bhavishya hai 9897.,Hindi
Ich liebe maschinelles Lernen Nummer 9898.,German
Este es un día hermoso número 9899.,Spanish
J'aime apprendre l'apprentissage automatique numéro 9900.,French
Artificial intelligence is the future version 9901.,English
Data science bahut interesting hai 9902.,Hindi
Datenwissenschaft ist interessant Nummer 9903.,German
Este es un día hermoso número 9904.,Spanish
J'aime programmer en Python session 9905.,French
Data science is interesting topic number 9906.,English
Yeh ek sundar din hai number 9907.,Hindi
Ich programmiere gerne in Python Sitzung 9908.,German
La inteligencia artificial es el futuro versión 9909.,Spanish
J'aime programmer en Python session 9910.,French
Artificial intelligence is the future version 9911.,English
Data science bahut interesting hai 9912.,Hindi
Ich liebe maschinelles Lernen Nummer 9913.,German
Me encanta aprender aprendizaje automático número 9914.,Spanish
J'aime apprendre l'apprentissage automatique numéro 9915.,French
Data science is interesting topic number 9916.,English
Yeh ek sundar din hai number 9917.,Hindi
Datenwissenschaft ist interessant Nummer 9918.,German
La inteligencia artificial es el futuro versión 9919.,Spanish
J'aime apprendre l'apprentissage automatique numéro 9920.,French
I enjoy coding in Python session 9921.,English
Artificial intelligence bhavishya hai 9922.,Hindi
Datenwissenschaft ist interessant Nummer 9923.,German
Este es un día hermoso número 9924.,Spanish
La science des données est intéressante numéro 9925.,French
This is a beautiful day number 9926.,English
Mujhe coding pasand hai number 9927.,Hindi
Datenwissenschaft ist interessant Nummer 9928.,German
Este es un día hermoso número 9929.,Spanish
J'aime programmer en Python session 9930.,French
This is a beautiful day number 9931.,English
Main machine learning seekh raha hoon 9932.,Hindi
Datenwissenschaft ist interessant Nummer 9933.,German
Disfruto programar en Python sesión 9934.,Spanish
J'aime programmer en Python session 9935.,French
I love learning machine learning number 9936.,English
Artificial intelligence bhavishya hai 9937.,Hindi
Das ist ein schöner Tag Nummer 9938.,German
Disfruto programar en Python sesión 9939.,Spanish
C'est une belle journée numéro 9940.,French
Data science is interesting topic number 9941.,English
Mujhe coding pasand hai number 9942.,Hindi
Das ist ein schöner Tag Nummer 9943.,German
Este es un día hermoso número 9944.,Spanish
La science des données est intéressante numéro 9945.,French
This is a beautiful day number 9946.,English
Main machine learning seekh raha hoon 9947.,Hindi
Künstliche Intelligenz ist die Zukunft Version 9948.,German
Este es un día hermoso número 9949.,Spanish
J'aime programmer en Python session 9950.,French
Artificial intelligence is the future version 9951.,English
Data science bahut interesting hai 9952.,Hindi
Ich liebe maschinelles Lernen Nummer 9953.,German
Disfruto programar en Python sesión 9954.,Spanish
C'est une belle journée numéro 9955.,French
Artificial intelligence is the future version 9956.,English
Yeh ek sundar din hai number 9957.,Hindi
Datenwissenschaft ist interessant Nummer 9958.,German
Me encanta aprender aprendizaje automático número 9959.,Spanish
La science des données est intéressante numéro 9960.,French
Artificial intelligence is the future version 9961.,English
Mujhe coding pasand hai number 9962.,Hindi
Das ist ein schöner Tag Nummer 9963.,German
La inteligencia artificial es el futuro versión 9964.,Spanish
C'est une belle journée numéro 9965.,French
I love learning machine learning number 9966.,English
Main machine learning seekh raha hoon 9967.,Hindi
Ich programmiere gerne in Python Sitzung 9968.,German
Me encanta aprender aprendizaje automático número 9969.,Spanish
C'est une belle journée numéro 9970.,French
I enjoy coding in Python session 9971.,English
Yeh ek sundar din hai number 9972.,Hindi
Künstliche Intelligenz ist die Zukunft Version 9973.,German
Este es un día hermoso número 9974.,Spanish
J'aime programmer en Python session 9975.,French
Data science is interesting topic number 9976.,English
Artificial intelligence bhavishya hai 9977.,Hindi
Ich liebe maschinelles Lernen Nummer 9978.,German
Este es un día hermoso número 9979.,Spanish
J'aime apprendre l'apprentissage automatique numéro 9980.,French
I love learning machine learning number 9981.,English
Data science bahut interesting hai 9982.,Hindi
Künstliche Intelligenz ist die Zukunft Version 9983.,German
Este es un día hermoso número 9984.,Spanish
J'aime programmer en Python session 9985.,French
Data science is interesting topic number 9986.,English
Main machine learning seekh raha hoon 9987.,Hindi
Das ist ein schöner Tag Nummer 9988.,German
La ciencia de datos es interesante número 9989.,Spanish
C'est une belle journée numéro 9990.,French
I love learning machine learning number 9991.,English
Data science bahut interesting hai 9992.,Hindi
Das ist ein schöner Tag Nummer 9993.,German
Disfruto programar en Python sesión 9994.,Spanish
L'intelligence artificielle est l'avenir version 9995.,French
This is a beautiful day number 9996.,English
Data science bahut interesting hai 9997.,Hindi
Künstliche Intelligenz ist die Zukunft Version 9998.,German
Me encanta aprender aprendizaje automático número 9999.,Spanish
J'aime programmer en Python session 10000.,French
